finger,q_deg,curl_progress,h_x_mm,h_y_mm,hand_mcp_x_mm,hand_mcp_y_mm,hand_pip_x_mm,hand_pip_y_mm,hand_dip_x_mm,hand_dip_y_mm,hand_tip_x_mm,hand_tip_y_mm,slot_start_x_mm,slot_start_y_mm,slot_end_x_mm,slot_end_y_mm,slider_x_mm,slider_y_mm,slider_translation_mm,slot_length_mm,rod_length_mm,rod_error_mm,mechanism_residual_mm
index,0.0,0.0,96.932098,10.514118,0.0,-1.0,40.0,-1.0,65.0,-1.0,90.0,-1.0,65.0,-11.0,90.0,-11.0,79.01164246220532,-11.0,14.01164246220532,25.000000000000004,28.0,0.0,1.0075033500811514e-06
index,0.5,0.007633587786259542,96.96557307365546,9.407318575703611,0.0,-1.0,39.999248798505036,-1.2451439481071704,64.99641564020598,-1.621507984868039,89.99206687823877,-2.087790288445934,64.80990271877482,-11.619768480081156,89.80555395680761,-12.08605078365905,78.77665350493407,-11.880311750910584,13.969180731834445,25.000000000000004,28.0,0.0,1.3495174755462358e-08
index,1.0,0.015267175572519083,96.98537435857926,8.2993211615695,0.0,-1.0,39.99699522223532,-1.4902786885893258,64.98566323118197,-2.2429214581995254,89.96826969625158,-3.175323845295493,64.61270227634358,-12.235964044227368,89.59530874141319,-13.168366431323335,78.52721431990909,-12.755282325241643,13.924199685709963,25.000000000000004,28.0,0.0,1.355390111257293e-08
index,1.5,0.022900763358778626,96.99146090768079,7.190322661432499,0.0,-1.0,39.99323935583536,-1.7353950141672905,64.96774478385555,-2.8641459281381056,89.928615003255,-4.262344015069014,64.40846554908319,-12.84849401589789,89.36933576848264,-14.2466921028288,78.26342013454027,-13.62458759058604,13.876674234187046,25.000000000000004,28.0,0.0,1.3615867544558569e-08
index,2.0,0.030534351145038167,96.9837948683872,6.080520042034133,0.0,-1.0,39.987981340375754,-1.980483718253553,64.94266364928403,-3.485086942183425,89.87311371236706,-5.3485942944962295,64.19726070835891,-13.457266967416633,89.12771077144194,-15.320774319729438,77.98537606196611,-14.487904371513563,13.826580866689422,25.000000000000004,28.0,0.0,1.3681393795650365e-08
index,2.5,0.03816793893129771,96.96234155506866,4.970111109580557,0.0,-1.0,39.98122137334798,-2.2255355952980693,64.91042451792164,-4.105650106858144,89.80178109724343,-6.433818408560896,63.97915719724054,-14.062192738586862,88.87051377656233,-16.390361040289612,77.69319835970913,-15.3449109311835,13.77389890218093,25.000000000000004,28.0,0.0,1.3750785399224696e-08
index,3.0,0.04580152671755725,96.9270694623122,3.859294427920452,0.0,-1.0,39.972959708656894,-2.470541441134019,64.8710334185937,-4.725741107361769,89.71463678736993,-7.51776038647337,63.75422570694906,-14.663182454872256,88.59782907572529,-17.455201733983856,77.38701457939824,-16.195287471802864,13.71861065209149,25.000000000000004,28.0,0.0,1.3824354994085297e-08
index,3.5,0.05343511450381679,96.87795027488391,2.7482692367350645,0.0,-1.0,39.963196656611245,-2.715492053323519,64.82449771717825,-5.345265727206913,89.6117047620122,-8.600164637547147,63.522538153042156,-15.260148545140494,88.3097451978761,-18.515047455480726,77.06696369141717,-17.038716652725224,13.660701580735257,25.000000000000004,28.0,0.0,1.3902443640745332e-08
index,4.0,0.061068702290076333,96.81495887438535,1.6372353698741113,0.0,-1.0,39.95193258391198,-2.960378231503266,64.77082611499517,-5.964129867833597,89.49301334282526,-9.68077602695539,63.28416765134646,-15.853004758965632,88.00635487917654,-19.569650918087426,76.73319618213904,-17.874884124745236,13.600160461988613,25.000000000000004,28.0,0.0,1.3985385294290609e-08
index,4.5,0.06870229007633588,96.7380733426146,0.5263931739692324,0.0,-1.0,39.939167913638535,-3.205190777730104,64.71002864690342,-6.582239568197231,89.35859518512464,-10.759339951343595,63.03918849364488,-16.441666183485715,87.68775503186609,-20.618766566632083,76.38587412144015,-18.703479078898862,13.536979530938732,25.000000000000004,28.0,0.0,1.4073528120661649e-08
index,5.0,0.07633587786259542,96.6472749616471,-0.5840565725445077,0.0,-1.0,39.924903125232866,-3.449920496826495,64.64211667910656,-7.199501024325856,89.20848726782228,-11.835602414274433,62.787676123127135,-17.026049259812144,87.35404671184284,-21.662150649760722,76.02517119825379,-19.524194807833062,13.471154629173371,25.000000000000004,28.0,0.0,1.4167198969516903e-08
index,5.5,0.08396946564885496,96.54254821065615,-1.6939127398692788,0.0,-1.0,39.909138754481496,-3.6945581967258985,64.56710290666722,-7.815820608842333,89.04273088203036,-12.909310101481067,62.52970710961172,-17.60607179898759,87.00533508497486,-22.699561291626324,75.6512727220265,-20.336729277565023,13.402685342356467,25.000000000000004,28.0,0.0,1.4266788639361039e-08
index,6.0,0.0916030534351145,96.42388075949677,-2.802973926618488,0.0,-1.0,39.891875393495376,-3.9390946888180185,64.48500135073107,-8.431104890447092,88.8613716183366,-13.980210455905102,62.265359124547864,-18.181652997489305,86.6417293921534,-23.730758562947315,75.26437558807447,-21.140785707214153,13.331575128723511,25.000000000000004,28.0,0.0,1.4372652401561936e-08
index,6.5,0.09923664122137404,96.29126345908182,-3.911038538798436,0.0,-1.0,39.87311369068762,-4.183520788293936,64.39582735546085,-9.045260653357069,88.6644593527553,-15.048051752495548,61.99471091580546,-18.752713452274847,86.2633429130999,-24.755504551413324,74.86468820500836,-21.936073154064147,13.257831437138373,25.000000000000004,28.0,0.0,1.448518816005162e-08
index,7.0,0.10687022900763359,96.14469032858239,-5.017904867871522,0.0,-1.0,39.8528543507492,-4.427827314491081,64.29959758468118,-9.658194916696552,88.45204823135846,-16.112583172745175,61.71784228226173,-19.319175175367462,85.87029292893901,-25.773563431416086,74.4524303826028,-22.722307101102942,13.181465813380102,25.000000000000004,28.0,0.0,1.460475829162533e-08
index,7.5,0.11450381679389313,95.98415853948939,-6.12337116777893,0.0,-1.0,39.83109813462242,-4.672005091238069,64.19633001823492,-10.269814953835532,88.22419665359205,-17.173554878940738,61.43483404819283,-19.880961607978385,85.46270068354997,-26.78470153308359,74.02783317872715,-23.49921004399867,13.102493993373983,25.000000000000004,28.0,0.0,1.4731817543633952e-08
index,8.0,0.12213740458015267,95.80966839657577,-7.227235730801637,0.0,-1.0,39.80784585947241,-4.916044947199355,64.08604394805184,-10.880028311671307,87.98096725428266,-18.23071808810367,61.145768037478895,-20.437997634163633,85.04069134370971,-27.788687410595998,73.59113870422874,-24.266512074305595,13.020935982147101,25.000000000000004,28.0,0.0,1.486673539830008e-08
index,8.5,0.1297709923664122,95.62122331580369,-8.329296962141193,0.0,-1.0,39.78309839865634,-5.159937716219706,63.968759973930645,-11.488742829848988,87.72242688434046,-19.28382514559791,60.850727047631075,-20.990209594012917,84.6043939580409,-28.78529190976184,73.1425998849661,-25.02395145555911,12.936816117376202,25.000000000000004,28.0,0.0,1.500999502468403e-08
index,9.0,0.13740458015267176,95.41882979922266,-9.42935345310453,0.0,-1.0,39.75685668169071,-5.403674237668488,63.844499999035065,-12.095866659916638,87.44864659016454,-20.332629598381637,60.549794823649066,-21.53752529636843,84.15394141477854,-29.774288234833428,72.68248018052083,-25.77127518881715,12.850163116500111,25.000000000000004,28.0,0.0,1.516197301043576e-08
index,9.5,0.1450381679389313,95.20249740690917,-10.527204052779679,0.0,-1.0,39.729121694216346,-5.647245356783737,63.713287225105226,-12.701308284410752,87.15970159175725,-21.376886267879847,60.243056031717586,-22.07987403107156,83.68947039836962,-30.755452014540655,72.21105325947454,-26.508239564141057,12.761010106495329,25.000000000000004,28.0,0.0,1.5323223578889156e-08
index,10.0,0.15267175572519084,94.97223872599955,-11.622647938090692,0.0,-1.0,39.69989447796147,-5.890641925016011,63.57514614738528,-13.304976535867857,86.85567125955463,-22.4163513224548,59.9305962327505,-22.6171865807356,83.21112134491985,-31.72856136732254,71.72860263151173,-27.234610694484367,12.669394635555387,25.000000000000004,28.0,0.0,1.5494180161113036e-08
index,10.5,0.16030534351145037,94.72806933687167,-12.715484682125437,0.0,-1.0,39.6691761307025,-6.1338548003720135,63.4301025492685,-13.90678061575791,86.53663908998041,-23.450782349451433,59.61250185579109,-23.14939523204268,82.71903839650301,-32.6933969657362,71.23542123699683,-27.950165028474917,12.575358666071681,25.000000000000004,28.0,0.0,1.5675389875013934e-08
index,11.0,0.16793893129770993,94.4700077765319,-13.805514320629689,0.0,-1.0,39.63696780622286,-6.376874847757968,63.27818349666096,-14.50663011333537,86.20269267973126,-24.479938426795115,59.28886017127706,-23.676433786563493,82.21336935434736,-33.64974210002324,70.73181099507028,-28.65468983863759,12.478948548486061,25.000000000000004,28.0,0.0,1.586732878422481e-08
index,11.5,0.17557251908396945,94.19807549926682,-14.892537416566244,0.0,-1.0,39.60327071426963,-6.619692939322727,63.11941733206517,-15.104435024403637,85.85392369880168,-25.50358019411913,58.95975926417897,-24.19823757109824,81.69426563091548,-34.597382740813735,70.21808231170404,-29.34798368170944,12.380214975766348,25.000000000000004,28.0,0.0,1.607057242836163e-08
index,12.0,0.183206106870229,93.91229683461947,-15.976355122639722,0.0,-1.0,39.568086120508084,-6.862299954800624,62.95383366838492,-15.700105769988742,85.49042786225715,-26.521469923399543,58.6252880070206,-24.714743447537636,81.16188220089283,-35.53610760094844,69.69455354954619,-30.029856827847848,12.2792129184446,25.000000000000004,28.0,0.0,1.628571766332243e-08
index,12.5,0.19083969465648856,93.61269894275216,-17.056769241690265,0.0,-1.0,39.53141534647421,-7.104686781854022,62.78146338245273,-16.29355321491809,85.11230490076463,-27.533371589075102,58.28553603278992,-25.22588982224285,80.61637755110182,-36.46570819639986,69.1615504617639,-30.700131655723897,12.176001540353225,25.000000000000004,28.0,0.0,1.651330450158639e-08
index,13.0,0.1984732824427481,93.29931176725853,-18.133582284862534,0.0,-1.0,39.49325976952502,-7.346844316415577,62.602338608281485,-16.884688686300095,84.7196585298898,-28.539050937630208,57.94059370774944,-25.73161665494342,80.05791362935776,-37.38597890627353,68.61940559245176,-31.35864301072441,12.0706440953875,25.000000000000004,28.0,0.0,1.6754064802171342e-08
index,13.5,0.20610687022900764,92.97216798548709,-19.206597527459895,0.0,-1.0,39.45362082278683,-7.588763463030195,62.41649273004161,-17.47342399190063,84.31259641817098,-29.53827555661899,57.59055210415427,-26.23186546715238,79.48665579228364,-38.29671703187074,68.06845764650342,-32.00523852375313,11.963207805813393,25.000000000000004,28.0,0.0,1.700858121012061e-08
index,14.0,0.21374045801526717,92.63130295644052,-20.275619062394945,0.0,-1.0,39.41249999510144,-7.830435135196638,62.2239603747654,-18.05967143841213,83.89123015397993,-30.530814943108755,57.23550297288675,-26.726579350097943,78.90277275210128,-39.19772285479456,67.5090508321504,-32.639778888424374,11.853763722828475,25.000000000000004,28.0,0.0,1.727757847902467e-08
index,14.5,0.22137404580152673,92.27675466631314,-21.34045185115123,0.0,-1.0,39.36989883097023,-8.071850255708844,62.024777404780295,-18.643343849611355,83.45567521118004,-31.51644057152138,56.87553871601629,-27.215702972171254,78.30643652241602,-40.088799694081274,66.9415341796328,-33.26213809477014,11.742386570256723,25.000000000000004,28.0,0.0,1.7561774257046636e-08
index,15.0,0.22900763358778625,91.90856367172955,-22.400901772172695,0.0,-1.0,39.325818930496084,-8.312999756996835,61.81898090987261,-19.224354584401645,83.00605091359327,-32.49492596085111,56.51075235929282,-27.699182585889915,77.69782236301349,-40.96975396233938,66.36626083969367,-33.872203617934204,11.62915457242331,25.000000000000004,28.0,0.0,1.7861964352050563e-08
index,15.5,0.2366412213740458,91.52677304074581,-23.456775666601196,0.0,-1.0,39.280261949323375,-8.55387458146732,61.60660919918365,-19.802617554735768,82.54248039828694,-33.466046741237875,56.141237524582806,-28.176966034377088,77.0771087236861,-41.84039522087919,65.78358736576571,-34.46987656069545,11.514149267401757,25.000000000000004,28.0,0.0,1.8178958782755217e-08
index,16.0,0.24427480916030533,91.13142829167441,-24.50788138128144,0.0,-1.0,39.23322959857572,-8.794465681843885,61.38770179283986,-20.37804724341528,82.06509057769208,-34.429580719874984,55.76708840225598,-28.649002757356165,76.44447718710819,-42.70053623381587,65.1938729838553,-35.055071749044075,11.397455306959708,25.000000000000004,28.0,0.0,1.8513560462452006e-08
index,16.5,0.25190839694656486,90.72257732979133,-25.554027808958853,0.0,-1.0,39.184723644791724,-9.034764021506817,61.16229941331906,-20.950558721762437,81.57401210056591,-35.38530794623067,55.38839972353177,-29.115243796661176,75.80011241077861,-43.54999302112941,64.5974788542076,-35.627717780416795,11.279160244634479,25.000000000000004,28.0,0.0,1.8866735729261563e-08
index,17.0,0.2595419847328244,90.30027038198278,-26.595024925592597,0.0,-1.0,39.13474590985864,-9.274760574832516,60.93044397655463,-21.520067667160774,81.06937931181051,-36.333010776562844,55.0052667327938,-29.575641801263124,75.14420206804968,-44.388584910665195,63.99476732887633,-36.18775702458333,11.15935431346415,25.000000000000004,28.0,0.0,1.9239422499595094e-08
index,17.5,0.26717557251908397,89.86455992938585,-27.63068382471242,0.0,-1.0,39.08329827094392,-9.514446327532502,60.69217858277965,-22.086490380460347,80.55133021116086,-37.272473937706934,54.61778515988101,-30.030151031812835,74.47693678826222,-45.21613458905942,63.38610120930336,-36.73514557755029,11.038130194961767,25.000000000000004,28.0,0.0,1.9632601322427945e-08
index,18.0,0.2748091603053435,89.41550063807586,-28.660816748743898,0.0,-1.0,39.03038266042474,-9.753812276991983,60.4475475071131,-22.649743803243837,80.02000641075546,-38.20348459011666,54.226051192363975,-30.47872736470078,73.79851009600632,-46.0324681515736,62.77184300795657,-37.26985316921433,10.915582780968641,25.000000000000004,28.0,0.0,2.0047409066137334e-08
index,18.5,0.2824427480916031,88.95314928784828,-29.685237117232035,0.0,-1.0,38.97600106581538,-9.99284943260801,60.19659618989016,-23.20974553494966,79.47555309160285,-39.12583239013817,53.83016144781475,-30.92132829563474,73.10911834952745,-46.83741515082325,62.15235421796454,-37.791863025838886,10.791808930039247,25.000000000000004,28.0,0.0,2.0484890228544828e-08
index,19.0,0.2900763358778626,88.47756469914202,-30.70375955188949,0.0,-1.0,38.9201555296926,-10.231548816127146,59.93937122673886,-23.766413849848185,78.91811895895856,-40.039309551497766,53.430212946079024,-31.357912942736068,72.40896067829873,-47.63080864438565,61.52799459454448,-38.30117168875442,10.666907220013881,25.000000000000004,28.0,0.0,2.0946295364865364e-08
index,19.5,0.29770992366412213,87.9888076581444,-31.716199898398276,0.0,-1.0,38.862848149618905,-10.469901461982708,59.6759203584053,-24.31966771386738,78.34785619662617,-40.94371090598413,53.026303081558595,-31.788442049155723,71.69823891977947,-48.41248524127248,60.89912145183093,-38.79778879097529,10.540977698408918,25.000000000000004,28.0,0.0,2.143291055745067e-08
index,20.0,0.3053435114503817,87.48694084011572,-32.72237524489213,0.0,-1.0,38.80408107806379,-10.7078984176315,59.40629246032974,-24.869426801264083,77.76492042019756,-41.83883396330601,52.61852959551297,-32.21287798521121,70.97715755538078,-49.18228514725313,60.266088978498836,-39.28173679369461,10.414121632215007,25.000000000000004,28.0,0.0,2.194604320493454e-08
index,20.5,0.31297709923664124,86.97202873096643,-33.72210393704488,0.0,-1.0,38.74385652232283,-10.945530743890071,59.13053753197582,-25.415611511137172,77.16947062924723,-42.72447897010647,52.2069905483881,-32.63118475004573,70.24592364565952,-49.94005220901503,59.62924757532849,-39.75305068485245,10.286441258633928,25.000000000000004,28.0,0.0,2.2487149919925287e-08
index,21.0,0.32061068702290074,86.44413754711314,-34.7152055896907,0.0,-1.0,38.68217674443486,-11.182789515270496,58.84870668591546,-25.958142983779005,76.56166915849586,-43.600448968115586,51.79178429218083,-33.04332797281117,69.50474676476122,-50.68563395714774,58.988943217589934,-40.21177764217182,10.15803953820582,25.000000000000004,28.0,0.0,2.3057758369304793e-08
index,21.5,0.3282442748091603,85.90333515363682,-35.7015010948969,0.0,-1.0,38.61904406109695,-11.41966582031558,58.56085213667181,-26.49694311686144,75.94168162795901,-44.466549851423025,51.37300944284718,-33.44927491337632,68.75383893413438,-51.41888164793791,58.3455168448416,-40.657976663224765,10.02901991169302,25.000000000000004,28.0,0.0,2.365948859051059e-08
index,22.0,0.33587786259541985,85.34969098075752,-36.68081262641034,0.0,-1.0,38.55446084357739,-11.656150761933601,58.267027189322704,-27.031934581452816,75.30967689209669,-45.322590422852755,50.950764852762724,-33.84899446256241,67.99341455553672,-52.13965030396235,57.69930378043602,-41.09171816521946,9.899486061980799,25.000000000000004,28.0,0.0,2.4294074307817937e-08
index,22.5,0.3435114503816794,84.78327593863648,-37.65296364039157,0.0,-1.0,38.48842951762666,-11.892235457732474,57.96728622786739,-27.563040837862427,74.66582698798032,-46.16838244942246,50.525149583243376,-34.2424571419076,67.22369034335631,-52.84779875346763,57.05063318272339,-41.51308355729846,9.769541682149777,25.000000000000004,28.0,0.0,2.4963391354049236e-08
index,23.0,0.3511450381679389,84.20416233050645,-38.61777887234999,0.0,-1.0,38.420952563386315,-12.127911040353379,57.661684703358866,-28.090186151308814,74.0103070824935,-47.00374071686994,50.096262877134414,-34.629635102962666,66.44488525626905,-53.543189668523794,56.399827529631544,-41.922164788198295,9.639290250752603,25.000000000000004,28.0,0.0,2.5669322667454253e-08
index,23.5,0.35877862595419846,83.61242376412639,-39.575084330185035,0.0,-1.0,38.35203251529578,-12.363168657803815,57.35027912180477,-28.613295607408546,73.34329541858361,-47.82848308323002,49.664204131476176,-35.01050212612008,65.65722042825502,-54.22568960194155,55.74720213799816,-42.319063872156086,9.508834815211129,25.000000000000004,28.0,0.0,2.6414063825086487e-08
index,24.0,0.366412213740458,83.00813506154614,-40.52470728323471,0.0,-1.0,38.28167196199723,-12.597999473790086,57.0331270318394,-29.132295127481857,72.66497326058146,-48.64243053144465,49.22907287025428,-35.38503361897868,64.86091909899635,-54.895169022941474,55.09306471872709,-42.7038923959464,9.378277784121826,25.000000000000004,28.0,0.0,2.7199789087717363e-08
index,24.5,0.37404580152671757,82.39137216716014,-41.4664762472246,0.0,-1.0,38.2098735462383,-12.832394668049194,56.7102870121696,-29.64711148367199,71.97552483860633,-49.445407220990525,48.79096871724219,-35.75320661424668,64.05620654367891,-55.55150235156522,54.43771496855256,-43.07677100991083,9.247720729137932,25.000000000000004,28.0,0.0,2.8028942722357897e-08
index,25.0,0.3816793893129771,81.7622120540183,-42.400220965003314,0.0,-1.0,38.13663996477284,-13.066345436680116,56.38181865879751,-30.15767231387453,71.2751372920745,-50.23724053850736,48.34999136894439,-36.11499976718533,63.24331000222138,-56.194567991818154,53.78144419891432,-43.4378289057881,9.117264196970396,25.000000000000004,28.0,0.0,2.890403294486532e-08
index,25.5,0.3893129770992366,81.12073262835389,-43.32577238294024,0.0,-1.0,38.06197396825966,-13.299842992474497,56.047782572022925,-30.663906136473813,70.56400061232915,-51.01776114741186,47.9062405676477,-36.470393352596304,62.42245860795393,-56.82424836353435,53.124535002185645,-43.78720328408515,8.987007531935397,25.000000000000004,28.0,0.0,2.9827873504473246e-08
index,26.0,0.3969465648854962,80.46701263227581,-44.24296262285242,0.0,-1.0,37.985878361159166,-13.532878565246692,55.70824034322814,-31.165742364882767,69.84230758440988,-51.78680303648143,47.45981607458867,-36.81936926135546,61.59388331577041,-57.440429932954125,52.467260955248044,-44.12503881363428,8.857048709357738,25.000000000000004,28.0,0.0,3.080334920468886e-08
index,26.5,0.40458015267175573,79.80113154456345,-45.151624949314936,0.0,-1.0,37.90835600162804,-13.765443402163164,55.363254541448455,-31.663111321883186,69.11025372798088,-52.544203567392685,47.01081764324466,-37.161910996496154,60.75781682977708,-58.04300324200565,51.809886360181565,-44.451487085878,8.727484180035503,25.000000000000004,28.0,0.0,3.183367169867779e-08
index,27.0,0.4122137404580153,79.12316947948847,-46.05159373219588,0.0,-1.0,37.82940980141192,-13.997528768071259,55.012888699731185,-32.155944253763195,68.36803723743623,-53.28980352120025,46.559344992756365,-37.49800366884521,59.91449353046141,-58.63186293628226,51.15266602163076,-44.76670606630068,8.598408725867511,25.000000000000004,28.0,0.0,3.292217343187076e-08
index,27.5,0.4198473282442748,78.43320708357595,-46.94270440424322,0.0,-1.0,37.74904272573597,-14.229125945827274,54.65720730128629,-32.64417334424863,67.61585892120178,-54.023447143741016,46.10549778148933,-37.82763399221483,59.06414940140482,-59.20690779170721,50.49584506022034,-45.070859545295846,8.469915326652716,25.000000000000004,28.0,0.0,3.407254922649372e-08
index,28.0,0.42748091603053434,77.7313254302025,-47.824793413533826,0.0,-1.0,37.66725779319356,-14.460226236623914,54.29627576543183,-33.12773172822554,66.85392214025288,-54.744982189950406,45.64937558074189,-38.15079027815396,58.20702195556294,-59.76804073987883,49.83965876122825,-45.364116590618906,8.342095037984523,25.000000000000004,28.0,0.0,3.528865732960185e-08
index,28.5,0.4351145038167939,77.01760591191567,-48.69769817057599,0.0,-1.0,37.58405807563288,-14.690820960316977,53.93016043333722,-33.60655350525038,66.08243274586764,-55.454259967076226,45.19107784860688,-38.46746243026255,57.343350161137295,-60.315168892088394,49.18433245757934,-45.646651003432126,8.215036880088142,25.000000000000004,28.0,0.0,3.6574775208464416e-08
index,29.0,0.44274809160305345,76.29213013034021,-49.56125698983838,0.0,-1.0,37.49944669804154,-14.920901455751407,53.558928553567796,-34.08057375284519,65.30159901663575,-56.15113537677745,44.73070390399489,-38.77764193807237,56.473374367062846,-60.84820356200463,48.53008144609599,-45.918640779797364,8.088827737375786,25.000000000000004,28.0,0.0,3.793540059859879e-08
index,29.5,0.45038167938931295,75.55497978352275,-50.41530902545248,0.0,-1.0,37.413426838429196,-15.150459081086591,53.182648267433564,-34.5497285395747,64.51163159474278,-56.83546695609458,44.26835290082562,-39.08132187049839,55.597336228134836,-61.36706028701827,47.87711093583846,-46.18026757932857,7.96355226844077,25.000000000000004,28.0,0.0,3.9375429139454354e-08
index,30.0,0.4580152671755725,74.80623655054515,-51.25969420081336,0.0,-1.0,37.32600172770822,-15.37948521412097,52.8013885941458,-35.01395493790244,63.71274342155061,-57.507116917278964,43.80412380239519,-39.37849686886437,54.7154786298,-61.87165884824089,47.225616027279095,-46.431716202562406,7.839292826154205,25.000000000000004,28.0,0.0,4.090018279612195e-08
index,30.5,0.46564885496183206,74.0459819732178,-52.09425313177293,0.0,-1.0,37.23717464957228,-15.607971252615863,52.415219415784534,-35.47319103682305,62.905149672494204,-58.16595118646917,43.338115355926085,-39.66916313950692,53.828045612635755,-62.36192328915304,46.57578172098538,-46.673174078461706,7.716129387486613,25.000000000000004,28.0,0.0,4.2515324594205595e-08
index,31.0,0.4732824427480916,73.27429733464322,-52.91882704308962,0.0,-1.0,37.14694894037309,-15.835908614618592,52.024211462080586,-35.92737595426797,62.08906769131598,-58.8118394412021,42.87042606730694,-39.95331844596213,52.935282296542326,-62.83778193289626,45.9277829544346,-46.904830763323346,7.594139492641123,25.000000000000004,28.0,0.0,4.422704336093375e-08
index,31.5,0.48091603053435117,72.49126353441466,-53.73325767776362,0.0,-1.0,37.05532798899504,-16.06328873878479,51.62843629501533,-36.37644984928167,61.26471692365844,-59.44465514674765,42.40115417602894,-40.230962100738914,52.037434804672046,-63.299167398204894,45.28178466554314,-47.126877452221436,7.473398193053222,25.000000000000004,28.0,0.0,4.604205372515935e-08
index,32.0,0.48854961832061067,71.69696096019055,-54.53738719884731,0.0,-1.0,36.962315236727896,-16.290103084700007,51.22796629324175,-36.820353933965954,60.432318850036324,-60.06427559125582,41.9303976303258,-40.502094956683784,51.134750187120375,-63.74601661397365,44.63794188147068,-47.339506503984836,7.353978007790981,25.000000000000004,28.0,0.0,4.796758901193243e-08
index,32.5,0.4961832061068702,70.89146935535847,-55.33105808327674,0.0,-1.0,36.86791417713759,-16.516343133200454,50.82287463633044,-37.25903048518944,59.59209691820994,-60.67058191970544,41.45825406252404,-40.766719397941245,50.22747634440354,-64.17827083245724,43.99639983124741,-47.54291098058071,7.235948887873808,25.000000000000004,28.0,0.0,5.001152203476522e-08
index,33.0,0.5038167938931297,70.07486768246883,-56.11411300722382,0.0,-1.0,36.77212835593498,-16.742000386693,50.41323528884379,-37.69242285605975,58.74427647498089,-61.26345916664413,40.984820764610035,-41.02483933051459,49.31586195074714,-64.59587564109897,43.35729408077095,-47.7372842016521,7.119378188013044,25.000000000000004,28.0,0.0,5.2182386411914194e-08
index,33.5,0.5114503816793893,69.24723398208963,-56.886394722412504,0.0,-1.0,36.67496137084267,-16.96706636947433,49.9991229842422,-38.12047548715582,57.8890846974323,-61.84279628770977,40.51019466402062,-41.27646017243186,48.40015637721072,-64.99878097298581,42.720750688730284,-47.92281931484618,7.004330645274725,25.000000000000004,28.0,0.0,5.448951867492724e-08
index,34.0,0.5190839694656488,68.40864522669358,-57.64774592278445,0.0,-1.0,36.57641687145987,-17.191532628049316,49.58061320862589,-38.543133917517935,57.0267505236353,-62.40848618992373,40.03447229966358,-41.5215888435217,47.480609614672986,-65.3869411159275,42.08688638203093,-48.09970888245917,6.890868364159228,25.000000000000004,28.0,0.0,5.694300142522479e-08
index,34.5,0.5267175572519084,67.55917716915287,-58.398009100830606,0.0,-1.0,36.47649855912536,-17.4153907314485,49.15778218431585,-38.96034479539293,56.15750458284393,-62.960425760746865,39.55774979817427,-41.760233754804155,46.55747219670235,-65.76031472015809,41.455808749321925,-48.268144484826486,6.779050807596265,25.000000000000004,28.0,0.0,5.9553912024057354e-08
index,35.0,0.5343511450381679,66.69890418536964,-59.13702639283238,0.0,-1.0,36.37521018677842,-17.638632271544793,48.73070685327775,-39.372055888732305,55.281579125200665,-63.49851589588942,39.08012285041491,-41.99240479750147,45.63099512233782,-66.11886480465859,40.827616451256645,-48.42831634078903,6.668934793353796,25.000000000000004,28.0,0.0,6.233432259250549e-08
index,35.5,0.5419847328244275,65.82789911052524,-59.86463941217001,0.0,-1.0,36.27255555881787,-17.861248863369255,48.29946486039246,-39.77821609544081,54.39920795097515,-64.0226615258665,38.60168668822219,-42.21811333167389,44.70142977880488,-66.46255876209958,40.202399446157436,-48.58041294548273,6.560574495369194,25.000000000000004,28.0,0.0,6.529737817118075e-08
index,36.0,0.549618320610687,64.94623306837713,-60.58068906976305,0.0,-1.0,36.168538530959225,-18.083232145426056,47.864134536577104,-40.17877545337336,53.510626339358616,-64.53277164129129,38.12253606140993,-42.437372174485965,43.76902786419144,-66.7913683624039,39.58023922979656,-48.724620725615694,6.454021449515588,25.000000000000004,28.0,0.0,6.845755962103794e-08
index,36.5,0.5572519083969466,64.05397529297359,-61.28501538060142,0.0,-1.0,36.063163010089816,-18.30457378000654,47.42479488176012,-40.57368515007799,52.61607097683644,-65.02875931689844,37.64276521503194,-42.650195588108524,42.83404131010826,-67.10526975492897,38.96120908805116,-48.86112371232361,6.349324563327018,25.000000000000004,28.0,0.0,7.18306978342298e-08
index,37.0,0.5648854961832062,63.15119294209221,-61.97745725520686,0.0,-1.0,35.956432954122086,-18.525265453502353,46.98152554771457,-40.96289753228268,51.71577988516222,-65.5105417342903,37.16246786691152,-42.85659926726174,41.89672220435917,-67.40424346926936,38.34537436124058,-48.99010323162391,6.2465301292135225,25.000000000000004,28.0,0.0,7.543415136979092e-08
index,37.5,0.5725190839694656,62.237950901635955,-62.657852274730395,0.0,-1.0,35.84835237184493,-18.745298876717747,46.53440682075325,-41.34636611512414,50.80999234895577,-65.9780402033997,36.681737185443026,-43.056600326405146,40.957322713645546,-67.6882744146807,37.732792719005715,-49.111737612427035,6.145681840707774,25.000000000000004,28.0,0.0,7.928707645987743e-08
index,38.0,0.5801526717557252,61.314311580140284,-63.326036448240274,0.0,-1.0,35.73892532277307,-18.964665785180905,46.08351960428952,-41.72404559111624,49.89894884294829,-66.43118018266262,36.20066576767097,-43.25021728657975,40.01609500632974,-67.95735187812612,37.12351444464441,-49.22620191200247,6.046820811292525,25.000000000000004,28.0,0.0,8.341051938032251e-08
index,38.5,0.5877862595419847,60.38033469245586,-63.98184395058361,0.0,-1.0,35.62815591699468,-19.183357939454343,45.62894540126814,-42.09589183885633,48.982890958898224,-66.86989129789511,35.719345617652635,-43.437470061908364,39.07329117528272,-68.21146952094715,36.51758272787412,-49.3336676587427,5.949985595364894,25.000000000000004,28.0,0.0,8.782773619486761e-08
index,39.0,0.5954198473282443,59.43607703157137,-64.62510683901087,0.0,-1.0,35.51604831501689,-19.401367125444402,45.17076629646941,-42.46186193146748,48.06206133220033,-67.29410735986879,35.23786812510889,-43.61837994575985,38.12916316083981,-68.45062537416116,35.91503396504993,-49.434302612017376,5.8552122108998885,25.000000000000004,28.0,0.0,9.256439881255574e-08
index,39.5,0.6030534351145038,58.48159222742866,-65.25565474653281,0.0,-1.0,35.40260672760963,-19.61868515470976,44.70906493869126,-42.82191414477472,47.13670356821202,-67.70376638058022,34.756324044369066,-43.79296959658303,37.18396267388982,-68.67482183238852,35.315898065926916,-49.52827053885976,5.762534163376632,25.000000000000004,28.0,0.0,9.764893604824465e-08
index,40.0,0.6106870229007634,57.516930491457686,-65.87331454972778,0.0,-1.0,35.28783541564739,-19.83530386476899,44.2439245228129,-43.176007965213586,46.207062168320114,-68.0988105882091,34.27480347361469,-43.96126302341647,36.237941119121906,-68.884065646412,34.72019876611699,-49.615731007182326,5.671982470531471,25.000000000000004,28.0,0.0,1.0311291731568417e-07
index,40.5,0.6183206106870229,56.54213834541635,-66.47791000843216,0.0,-1.0,35.171738689949244,-20.05121511940715,43.77542877174413,-43.52410409746915,45.27338245577148,-68.47918644076165,33.79339583442713,-44.12328557108009,35.29134951845448,-69.07836791437259,34.12795394445383,-49.6968391951721,5.58358568749633,25.000000000000004,28.0,0.0,1.0899136526631992e-07
index,41.0,0.6259541984732825,55.55725833296104,-67.06926137441995,0.0,-1.0,35.05432091111687,-20.26641080898138,43.30366191826452,-43.86616447184389,44.33591050129122,-68.8448446383947,33.31218985164419,-44.27906390505457,34.34443843467089,-69.25774407160539,33.539175944546095,-49.77174571647151,5.497369931871175,25.000000000000004,28.0,0.0,1.1532331001262719e-07
index,41.5,0.6335877862595419,54.56232871219272,-67.64718496580227,0.0,-1.0,34.93558648937083,-20.480882850725493,42.82870868675636,-44.20215225135286,43.394893048512124,-69.19574013441805,32.83127353353028,-44.42862599605516,33.397457895286045,-69.42221387912035,32.953871899867465,-49.84059646070467,5.413358908262702,25.000000000000004,28.0,0.0,1.2215225808631658e-07
index,42.0,0.6412213740458015,53.55738312721952,-68.2114927034473,0.0,-1.0,34.81553988438486,-20.694623189053576,42.35065427483555,-44.53203183854447,42.45057743923888,-69.53183214497123,32.35073415226484,-44.5720011043058,32.45065731666817,-69.57180141073256,32.37204406180547,-49.90353244886293,5.331573931799111,25.000000000000004,28.0,0.0,1.29526888770215e-07
index,42.5,0.648854961832061,52.54245025654154,-68.7619916052256,0.0,-1.0,34.69418560511844,-20.907623795862534,41.8695843348847,-44.85576888204549,41.50321153857102,-69.85308415737299,31.8706582247537,-44.70921976352002,31.504285428440024,-69.70653503884752,31.793690130168464,-49.96068970301067,5.252033950095723,25.000000000000004,28.0,0.0,1.3750169358672792e-07
index,43.0,0.6564885496183206,51.517553435800096,-69.29848323331208,0.0,-1.0,34.57152820964736,-21.119876670833662,41.38558495549238,-45.17333028282884,40.55304365990829,-70.15946393714094,31.39113149376754,-44.84031376459521,30.558590198183452,-69.8264474189073,31.218803585734,-50.0121991297207,5.17475556310503,25.000000000000004,28.0,0.0,1.4613790710882313e-07
index,43.5,0.6641221374045801,50.48271025212691,-69.82076308911243,0.0,-1.0,34.44757230499257,-21.331373841733104,40.89874264280276,-45.484684200202764,39.60032248986205,-70.45094353367996,30.91223890941188,-44.965316139026484,29.613818756471172,-69.93157547250368,30.647374024513915,-50.05818641658454,5.09975304022521,25.000000000000004,28.0,0.0,1.555044093493052e-07
index,44.0,0.6717557251908397,49.43793210698168,-70.32861994960994,0.0,-1.0,34.3223225469471,-21.54210736471132,40.409144301779975,-45.78980005752012,38.64529701309694,-70.7274992846382,30.434064610932744,-45.084261142046905,28.670217322249712,-70.02196036916499,30.07938749351359,-50.09877194107647,5.027038333970099,25.000000000000004,28.0,0.0,1.656788839454748e-07
index,44.5,0.6793893129770993,48.383223743964294,-70.82183513802846,0.0,-1.0,34.19578363990123,-21.752069324601422,39.916877217391225,-46.08864854760651,37.68821643712626,-70.98911181892957,29.956691908862,-45.19718423550052,27.72803112859703,-70.09764750682359,29.514826827877943,-50.13407069096886,4.956621089409579,25.000000000000004,28.0,0.0,1.7674928898259168e-07
index,45.0,0.6870229007633588,47.31858273762093,-71.3001817206566,0.0,-1.0,34.06796033666578,-21.961251835216515,39.42202903571298,-46.38120163790618,36.729330117085205,-71.23576605842301,29.48020326750625,-45.30412207045507,26.787504348878475,-70.1586864909719,28.953671989448633,-50.16419219540215,4.888508648471037,25.000000000000004,28.0,0.0,1.8881527807934617e-07
index,45.5,0.6946564885496184,46.243998938731934,-71.7634236204403,0.0,-1.0,33.938857438293546,-22.16964703964586,38.924687744964494,-46.66743257534442,35.76888748050562,-71.46745121829792,29.004680287783092,-45.40511246956087,25.848880023324217,-70.20513111251438,28.39590040690938,-50.1892404656056,4.822706048049746,25.000000000000004,28.0,0.0,2.0199028227807503e-07
index,46.0,0.7022900763358778,45.15945387093545,-72.21131463649938,0.0,-1.0,33.80847979389907,-22.377247110549998,38.424941656472875,-46.94731589090553,34.80713795211621,-71.68416080606687,28.530203690408342,-45.500194409162866,24.912399986051675,-70.2370393243242,27.84148731787646,-50.20931394412756,4.759216010687008,25.000000000000004,28.0,0.0,2.1640360614583187e-07
index,46.5,0.7099236641221374,44.06492007281952,-72.64359735699976,0.0,-1.0,33.676832300476406,-22.584044250454753,37.922879385574014,-47.220827403925384,33.8443308786919,-71.88589261926609,28.056853299437734,-45.589408001172536,23.97830479255562,-70.25447321651325,27.2904061135038,-50.224505461280124,4.698038926352339,25.000000000000004,28.0,0.0,2.3220319178562931e-07
index,47.0,0.7175572519083969,42.960360378752185,-73.06000195077395,0.0,-1.0,33.54391990271525,-22.790030692044095,37.41858983245366,-47.487944226097554,32.88071545397634,-72.07264874181544,27.58470802616651,-45.67279447470663,23.04683364768919,-70.25749899042451,26.742628686429263,-50.23490219730464,4.639172823575425,25.000000000000004,28.0,0.0,2.4955887312216873e-07
index,47.5,0.7251908396946565,41.84572713071701,-73.46024482064549,0.0,-1.0,33.4097475928152,-22.99519869845187,36.91216216293302,-47.74864476519228,31.916540643701243,-72.2444355390495,27.113845853390135,-45.75039615749957,22.118224334158356,-70.24618693135679,26.198125783198908,-50.24058564853123,4.582613327820946,25.000000000000004,28.0,0.0,2.686661773054766e-07
index,48.0,0.732824427480916,40.72096131222905,-73.84402709849967,0.0,-1.0,33.274320410298245,-23.199540563552425,36.403685789202996,-48.002908728487455,30.952055110725986,-72.40126365142208,26.644343820029146,-45.82225645709665,21.192713141552137,-70.22061138003129,25.65686736268617,-50.241631595514264,4.528353604553245,25.000000000000004,28.0,0.0,2.897511066635161e-07
index,48.5,0.7404580152671756,39.58599159399127,-74.21103295863692,0.0,-1.0,33.13764344181947,-23.403048612250046,35.893250350511614,-48.2507171259108,29.987507140321668,-72.54314798688672,26.176278006121244,-45.888419841834825,20.270534795931297,-70.18085070281074,25.11882296249242,-50.238110070766616,4.476384283879206,25.000000000000004,28.0,0.0,3.1307582304407333e-07
index,49.0,0.7480916030534351,38.44073327926459,-74.56092772170761,0.0,-1.0,32.999721820976056,-23.605715200767197,35.38094569380902,-48.49205227289274,29.023144565622996,-72.67010771195642,25.709723518183548,-45.94893182161833,19.351922389997526,-70.12698726068201,24.58396207589771,-50.23008532327138,4.426693362957688,25.000000000000004,28.0,0.0,3.389455258684393e-07
index,49.5,0.7557251908396947,37.285087134899854,-74.89335571637993,0.0,-1.0,32.86056072811436,-23.807532716931668,34.86686185435396,-48.726897792929286,28.059214693271155,-72.78216624144595,25.244754474947293,-46.003838928496165,18.43710731386449,-70.05910737701282,24.05225454265863,-50.217615776395995,4.379266081480442,25.000000000000004,28.0,0.0,3.677172060179146e-07
index,50.0,0.7633587786259542,36.11893809153105,-75.2079378596054,0.0,-1.0,32.72016539013545,-24.008493580462464,34.35108903628679,-48.95523861985437,27.09596422927204,-72.87935122690082,24.7814439934682,-46.05318869704847,17.526319186453456,-69.97730130409492,23.523670957869985,-50.200753975134965,4.334084764407206,25.000000000000004,28.0,0.0,3.9981006949574294e-07
index,50.5,0.7709923664122137,34.94215379346683,-75.50426890862217,0.0,-1.0,32.578541080298706,-24.208590243254534,33.833717593172736,-49.17706099982129,26.133639205092297,-72.96169454371716,24.319864175614388,-46.09702964458912,16.61978578753395,-69.88166318848498,22.998183104268097,-50.17954651773382,4.291128624717075,25.000000000000004,28.0,0.0,4.357188032599879e-07
index,51.0,0.7786259541984732,33.75458297518429,-75.78191432829095,0.0,-1.0,32.4356931180238,-24.407815189662266,33.31483800852017,-49.392352492992785,25.17248490401712,-73.02923227695729,23.86008609493437,-46.13541125119156,15.717732990431323,-69.77229103515607,22.47576441483937,-50.15403396563086,4.250373517114521,25.000000000000004,28.0,0.0,4.760299177064553e-07
index,51.5,0.7862595419847328,32.55605363687151,-76.0404067054822,0.0,-1.0,32.29162686869087,-24.606160936781784,32.79454087627818,-49.60110197493933,24.212745787792876,-73.08200470586621,23.40217978390742,-46.168383939545215,14.820384695422122,-69.6492866704721,21.956390474502253,-50.12425072423544,4.21179163129014,25.000000000000004,28.0,0.0,5.214425939925604e-07
index,52.0,0.7938931297709924,31.346370985932083,-76.27924162735812,0.0,-1.0,32.146347743439,-24.80362003473199,32.2729168813177,-49.80329963774564,23.25466542357744,-73.12005628709474,22.946214221578057,-46.19599905464953,13.927962763837797,-69.51275570399864,21.44003957209356,-50.09022488523517,4.1753511103079886,25.000000000000004,28.0,0.0,5.727949599076965e-07
index,52.5,0.8015267175572519,30.12531510445659,-76.4978729216232,0.0,-1.0,31.99986119896301,-25.000185066934417,31.75005677990083,-49.99893699082487,22.298486411221635,-73.14343563663496,22.492257321576794,-46.21830884335319,13.040686952897596,-69.36280748916329,20.926693317096348,-50.051978018763485,4.141015575751421,25.000000000000004,28.0,0.0,6.310976345957897e-07
index,53.0,0.8091603053435115,28.892638293964836,-76.69570713294436,0.0,-1.0,31.85217273730845,-25.195848650391753,31.226051380142437,-50.188006861440684,21.344450310904286,-73.15219551047488,22.040375920528753,-46.23536643374542,12.158774851290604,-69.19955508277963,20.41633733974847,-50.009524900681335,4.108743536095544,25.000000000000004,28.0,0.0,6.975772635087196e-07
index,53.5,0.816793893129771,27.648062037655322,-76.87209707912386,0.0,-1.0,31.703287905664975,-25.39060343596519,30.700991522468662,-50.37050339493683,20.392797571143937,-73.14639278397875,21.590635766851893,-46.247225814406946,11.282441815527168,-69.02311520344887,19.908962098726192,-49.96287315617753,4.078487647949196,25.000000000000004,28.0,0.0,7.737328289181278e-07
index,54.0,0.8244274809160306,26.39127350619829,-77.02633429098074,0.0,-1.0,31.553212296158005,-25.58444210865041,30.17496806007668,-50.546422054674494,19.44376745720988,-73.12608843000058,21.14310150994625,-46.253941813527774,10.411900907079447,-68.83360818885386,19.404563827996384,-49.91202279552654,4.050193790724173,25.000000000000004,28.0,0.0,8.614098163661765e-07
index,54.5,0.8320610687022901,25.121921514675947,-77.15764008810676,0.0,-1.0,31.401951545638642,-25.77735738785238,29.648071839399968,-50.71575962167731,18.497597979954648,-73.09134749573832,20.69783668977556,-46.25557007789918,9.54736283033024,-68.63115795196019,18.903145664380407,-49.85696561065509,4.023799903075219,25.000000000000004,28.0,0.0,9.628987385212895e-07
index,55.0,0.8396946564885496,23.839611814090176,-77.26515497425902,0.0,-1.0,31.249511335471986,-25.9693420276588,29.120393680583582,-50.87851419398425,17.55452582509065,-73.04223907833696,20.2549037268425,-46.252167051787076,8.689035871349569,-68.41589193613979,18.404719010877756,-49.79768439144797,3.999234512881889,25.000000000000004,28.0,0.0,1.0810671895455926e-06
index,55.5,0.8473282442748091,22.543901568718326,-77.34792594477172,0.0,-1.0,31.095897391323714,-26.16038881711225,28.59202435797387,-51.034685185710565,16.614786282933146,-72.97883629924866,19.814363912558633,-46.243789955694275,7.837125837517911,-68.18794106923237,17.90930520932227,-49.73415190742809,3.9764148698152337,25.000000000000004,28.0,0.0,1.2195394631930867e-06
index,56.0,0.8549618320610687,21.23429282731651,-77.40489117477,0.0,-1.0,30.94111548294506,-26.350490580481026,28.063054580626904,-51.18427332581702,15.678613178631412,-72.90121627735925,19.37627740001001,-46.23049676501882,6.991835998014519,-67.94743971656106,17.416937621645054,-49.66632958203897,3.9552445580009166,25.000000000000004,28.0,0.0,1.38294407037165e-06
index,56.5,0.8625954198473282,19.910224737012015,-77.43486138751963,0.0,-1.0,30.785171423956076,-26.539640177528703,27.53357497284006,-51.32728065658782,14.746238802910147,-72.80946010089006,18.94070319511916,-46.212346188615854,6.153367025189246,-67.6945256329181,16.927664255123666,-49.594165760939504,3.935610421991674,25.000000000000004,28.0,0.0,1.577259340024284e-06
index,57.0,0.8702290076335878,18.571064166579802,-77.43649696648089,0.0,-1.0,30.628071071627264,-26.727830503782258,27.003676054711043,-51.4637105318175,13.817893843342516,-72.70365279808455,18.507699148204225,-46.189397647270084,5.321916936835697,-67.42933991353713,16.44155111841281,-49.51759343898385,3.9173785761644457,25.000000000000004,28.0,0.0,1.8103046954820456e-06
index,57.5,0.8778625954198473,17.21609428968881,-77.40827954123208,0.0,-1.0,30.469820326659615,-26.915054490798987,26.47344822272889,-51.593567614707496,12.893807316176856,-72.58388330669028,18.07732194593578,-46.16171125208668,4.4976810393837425,-67.15202694406946,15.958686569485899,-49.43652725745167,3.900389176395047,25.000000000000004,28.0,0.0,2.092450394286516e-06
index,58.0,0.8854961832061069,15.844500511428834,-77.34847629743861,0.0,-1.0,30.31042513296292,-27.101305106431933,25.94298173040108,-51.71685787547247,11.974206498737763,-72.4502444422461,17.64962710369163,-46.129347782807145,3.6808518720283097,-66.86273434958078,15.479187025883139,-49.350859504981464,3.884449498637337,25.000000000000004,28.0,0.0,2.4376642215884203e-06
index,58.5,0.8931297709923665,14.455352875240038,-77.25509455616205,0.0,-1.0,30.149891477432583,-27.28657535509405,25.412366668921354,-51.833588588657534,11.059316862423223,-72.30283286518576,17.224668958310062,-46.092368666058285,2.871619151811929,-66.5616129425865,15.003204571295283,-49.26045473852679,3.869324667864391,25.000000000000004,28.0,0.0,2.8650883052705467e-06
index,59.0,0.9007633587786259,13.047583716432058,-77.12582310950103,0.0,-1.0,29.988225389724704,-27.47085827802096,24.881692947882353,-51.943768330166606,10.149362006318377,-72.14174904676887,16.80250066124145,-46.05083595354102,2.070169719677473,-66.24881667014327,14.53093724269508,-49.16514246120273,3.854725072964626,25.000000000000004,28.0,0.0,3.4014742169574674e-06
index,59.5,0.9083969465648855,11.619958754725303,-76.95795517069268,0.0,-1.0,29.825432942029614,-27.654146953532294,24.351050276037498,-52.047406974002804,9.244563591446632,-71.9670972338507,16.383174172098343,-46.004812300166456,1.276687487507476,-65.92450256001435,14.062643173810901,-49.064707012244796,3.840289020766263,25.000000000000004,28.0,0.0,4.085048793456281e-06
index,60.0,0.916030534351145,10.171038904290256,-76.74828521847729,0.0,-1.0,29.66152024884382,-27.836434497291698,23.820528142116526,-52.144515688721626,8.345141275678946,-71.77898541250309,15.966740252603937,-45.95436094214659,0.4913533861663577,-65.58883066592806,13.598660400130038,-48.958873370054576,3.8255584059253773,25.000000000000004,28.0,0.0,4.971847602064372e-06
index,60.5,0.9236641221374046,8.699128574653116,-76.49296780185286,0.0,-1.0,29.496493466740333,-28.01771406256541,23.290215795698813,-52.23510693359782,7.451312649321125,-71.57752527049837,15.55324846093859,-45.899545675046745,-0.28565468543909844,-65.24196401194729,13.139435173491398,-48.84728681352642,3.809943884907245,25.000000000000004,28.0,0.0,6.146473957358012e-06
index,61.0,0.9312977099236641,7.20220366134275,-76.18731922753346,0.0,-1.0,29.330358794137425,-28.197978840479404,22.760202228148877,-52.31919445450677,6.563293171399511,-71.36283215866902,15.142747146483973,-45.840430831807026,-1.0541619102653925,-64.88406853596928,12.685563424129379,-48.729483083513436,3.792673827063732,25.000000000000004,28.0,0.0,7.741158491114675e-06
index,61.5,0.9389312977099237,5.6778078242679655,-75.82553041277474,0.0,-1.0,29.163122471065815,-28.377222060275148,22.230576153618326,-52.39679327952145,5.681296106664675,-71.13502505115619,14.735283444964429,-45.77708126073998,-1.8139966019892224,-64.51531303237473,12.237853208533895,-48.60484334289402,3.772717346834455,25.000000000000004,28.0,0.0,9.971228521976627e-06
index,62.0,0.9465648854961832,4.122881895183717,-75.40020675878093,0.0,-1.0,28.994790778934295,-28.55543698956391,21.701425990118487,-52.46791971422597,4.805532463332774,-70.8942265045603,14.33090327398476,-45.70956230351169,-2.5649902528009534,-64.13586909384601,11.79743987808144,-48.47250429891368,3.748637785694677,25.000000000000004,28.0,0.0,2.2502888441522373e-11
index,62.5,0.9541984732824428,2.533572796800371,-74.90179234560223,0.0,-1.0,28.82537004029381,-28.732616934579614,21.17283984066805,-52.53259133674685,3.9362109315839824,-70.64056261600746,13.929651328963804,-45.63793977311322,-3.3069775801202637,-63.74591105237383,11.36588063954293,-48.33131364891654,3.718492030755666,25.000000000000004,28.0,0.0,3.594635700210347e-11
index,63.0,0.9618320610687023,0.9047499638505272,-74.31730528309727,0.0,-1.0,28.654866618599964,-28.908755240430295,20.64490547451976,-52.59082699250311,3.073537822836766,-70.37416298014583,13.531571079462674,-45.56227993182991,-4.03979657222032,-63.34561591947263,10.945513117437795,-48.17953423632352,3.6793635152486055,25.000000000000004,28.0,0.0,7.551648195658345e-11
index,63.5,0.9694656488549618,-0.7706853224415937,-73.62841862038974,0.0,-1.0,28.48328691797402,-29.083845291348016,20.117710308470606,-52.64264678867656,2.2177170098171217,-70.09516064508591,13.136704765906867,-45.48264946921516,-4.763288532746617,-62.935163325624515,10.539896304081841,-48.014540677568384,3.626828818450408,25.000000000000004,28.0,0.0,2.1047696918685688e-10
index,64.0,0.9770992366412213,-2.50327647604918,-72.8075093086276,0.0,-1.0,28.31063738296237,-29.257880510937365,19.591341388259565,-52.68807208840339,1.3689498674412341,-69.80369206730009,12.74509339670088,-45.399115480076055,-5.47729812411745,-62.51473545897276,10.154815992001483,-47.83206746928712,3.5537012276079585,25.000000000000004,28.0,0.0,7.564295856354875e-10
index,64.5,0.9847328244274809,-4.3103566521603085,-71.8088495822714,0.0,-1.0,28.13692449829443,-29.4308543624225,19.065885370056968,-52.7271255046887,0.5274352145295751,-69.49989706549601,12.356776745734045,-45.31174544247774,-6.181673409793349,-62.08451700328506,9.800548159433172,-47.62450825574056,3.447198342978408,25.000000000000004,28.0,0.0,3.940648696243443e-09
index,65.0,0.9923664122137404,-6.2254688202861175,-70.54433580301037,0.0,-1.0,27.962154788639154,-29.60276034889263,18.541428502050024,-52.75983089404511,-0.30663074362902165,-69.18391877347916,11.971793350276403,-45.22060719577349,-6.876265895402644,-61.644695075207544,9.498175621442602,-47.376103123971305,3.2809979221081904,25.000000000000004,28.0,0.0,3.799871706178237e-08
index,65.5,1.0,-8.33738719227707,-68.78547914672856,0.0,-1.0,27.78633481835989,-29.773592013546043,18.018056606128045,-52.78621334985705,-1.1330544718464033,-68.85590359202054,11.59018050926265,-45.12576891866727,-7.5609305687117985,-61.19545916083076,9.305309489001882,-47.04300334905574,2.982687285032489,25.000000000000004,28.0,0.0,1.3302346104637763e-06
middle,0.0,0.0,96.932098,10.514118,0.0,-1.0,49.0,-1.0,76.0,-1.0,103.0,-1.0,76.0,-11.0,103.0,-11.0,79.01164246220532,-11.0,3.011642462205318,27.0,28.0,0.0,1.0075033500811514e-06
middle,0.5,0.007633587786259542,96.96557307365546,9.407318575703611,0.0,-1.0,48.999404638431415,-1.2415472609362201,75.99618020625371,-1.6588108953847767,102.99128010729812,-2.173185595999241,75.80567105787799,-11.656996043919742,102.8007709589224,-12.171370744534206,78.57901277269958,-11.709840331197515,2.7738451265107638,27.0,28.0,0.0,1.3495174755462358e-08
middle,1.0,0.015267175572519083,96.98537435857926,8.2993211615695,0.0,-1.0,48.99761856819323,-1.483088652159944,75.98472160962781,-2.3175162589615383,102.96512299239579,-3.3460789574546697,75.60377246203777,-12.31025751183857,102.58417384480575,-13.3388202103317,78.1371644847535,-12.406836969581171,2.5352322837202848,27.0,28.0,0.0,1.355390111257293e-08
middle,1.5,0.022900763358778626,96.99146090768079,7.190322661432499,0.0,-1.0,48.994641832687805,-1.7246183041013121,75.9656265637769,-2.976010582868882,102.9215363440731,-4.518387941536633,75.39437569019624,-12.95968087186748,102.35028547049245,-14.50205823053523,77.68668694870775,-13.09084353760439,2.2960606592121717,27.0,28.0,0.0,1.3615867544558569e-08
middle,2.0,0.030534351145038167,96.9837948683872,6.080520042034133,0.0,-1.0,48.990474504251196,-1.9661303474757355,75.93889899084434,-3.6341884071329416,102.86053297419755,-5.689820588813509,75.17755373837005,-13.605163956523025,102.09918772172327,-15.660796138203592,77.2281711379138,-13.761741195535441,2.056586528957225,27.0,28.0,0.0,1.3681393795650365e-08
middle,2.5,0.03816793893129771,96.96234155506866,4.970111109580557,0.0,-1.0,48.98511668415147,-2.2076189134265207,75.90454438054103,-4.29194434359693,102.7821308135761,-6.860085214875014,74.95338109488247,-14.246605985461771,101.83096752791755,-16.81474685673986,76.76220886676661,-14.41943863699662,1.8170660510217858,27.0,28.0,0.0,1.3750785399224696e-08
middle,3.0,0.04580152671755725,96.9270694623122,3.859294427920452,0.0,-1.0,48.97856850258618,-2.449078133667488,75.86256978885588,-4.949173099833629,102.68635290614989,-8.028890501864701,74.72193371402956,-14.883907587720298,101.54571683132357,-17.96362498975137,76.28939096551112,-15.0638719631113,1.5777545473336374,27.0,28.0,0.0,1.3824354994085297e-08
middle,3.5,0.05343511450381679,96.87795027488391,2.7482692367350645,0.0,-1.0,48.970830118679224,-2.6905021406255702,75.81298383639847,-5.605769503035132,102.57322740153379,-9.195945589891398,74.48328898941467,-15.516970823455615,101.24353255454999,-19.10714691031188,75.81030550747384,-15.695004441064626,1.3389058249932395,27.0,28.0,0.0,1.3902443640745332e-08
middle,4.0,0.061068702290076333,96.81495887438535,1.6372353698741113,0.0,-1.0,48.961901720476995,-2.9318850675834027,75.75579670637423,-6.2616285238741645,102.44278754590306,-10.36096016828943,74.23752572696117,-16.14569920518114,100.92451656649,-20.245030849596404,75.3255360969689,-16.31282615351502,1.1007715394684607,27.0,28.0,0.0,1.3985385294290609e-08
middle,4.5,0.06870229007633588,96.7380733426146,0.5263931739692324,0.0,-1.0,48.95178352494378,-3.173221048821882,75.69102014219243,-6.916645300331329,102.29507167123029,-11.52364456669749,73.98472411761237,-16.7699977184935,100.58877564665023,-21.37699698485966,74.83566022493945,-16.91735354577798,0.8636006013126962,27.0,28.0,0.0,1.4073528120661649e-08
middle,5.0,0.07633587786259542,96.6472749616471,-0.5840565725445077,0.0,-1.0,48.940475777956514,-3.414504219762707,75.618667444708,-7.570715161482587,102.13012318287622,-12.68370984592605,73.72496570972893,-17.389772842285634,100.23642144789716,-22.502767526729095,74.34124769824359,-17.508628878050473,0.6276386274006089,27.0,28.0,0.0,1.4167198969516903e-08
middle,5.5,0.08396946564885496,96.54254821065615,-1.6939127398692788,0.0,-1.0,48.92797875429878,-3.655728717110895,75.53875346909729,-8.223733651241371,101.94799054553856,-13.840867888583377,73.45833338119284,-18.00493256844184,99.86757045763412,-23.622066805783845,73.84285914739121,-18.086719590164623,0.39312743708970815,27.0,28.0,0.0,1.4266788639361039e-08
middle,6.0,0.0916030534351145,96.42388075949677,-2.802973926618488,0.0,-1.0,48.91429275765415,-3.896888678997256,75.45129462136902,-8.875596552049624,101.74872726756361,-14.994831489430187,73.18491131122806,-18.615386421010584,99.48234395742266,-24.734621358391145,73.34104461649946,-18.651717586465388,0.1603045931914498,27.0,28.0,0.0,1.4372652401561936e-08
middle,6.5,0.09923664122137404,96.29126345908182,-3.911038538798436,0.0,-1.0,48.899418120598824,-4.137978245120844,75.35630885451086,-9.526199908512194,101.53239188362585,-16.145314445433115,72.90478495194755,-19.22104547485108,99.08086798106254,-25.840160011772003,72.90478495194755,-19.22104547485108,0.0,27.0,28.0,0.04783211722866554,1.448518816005162e-08
middle,7.0,0.10687022900763359,96.14469032858239,-5.017904867871522,0.0,-1.0,48.883355204593485,-4.378991556891362,75.25381566427271,-10.175440050968948,101.29904793578126,-17.29203164548732,72.61804099963628,-19.821822373749896,98.66327327114483,-26.938413968268264,72.61804099963628,-19.821822373749896,0.0,27.0,28.0,0.20325194976843264,1.460475829162533e-08
middle,7.5,0.11450381679389313,95.98415853948939,-6.12337116777893,0.0,-1.0,48.86610439997459,-4.619922757571533,75.1438360845879,-10.82321361899901,101.04876395290098,-18.434699159778557,72.32476736578066,-20.417631348003855,98.22969523409374,-28.029116888783403,72.32476736578066,-20.417631348003855,0.0,27.0,28.0,0.3577738810614193,1.4731817543633952e-08
middle,8.0,0.12213740458015267,95.80966839657577,-7.227235730801637,0.0,-1.0,48.847666125944826,-4.860765992419413,75.02639268263289,-11.469417584851499,100.78161342849182,-19.573034328755263,72.02505314785371,-21.008388231465922,97.78027389371265,-29.112004975369686,72.02505314785371,-21.008388231465922,0.0,27.0,28.0,0.5113098388390362,1.486673539830008e-08
middle,8.5,0.1297709923664122,95.62122331580369,-8.329296962141193,0.0,-1.0,48.82804083056297,-5.101515408830674,74.9015095535272,-12.113949276797307,100.49767479691141,-20.706755851681343,71.71898859986645,-21.594010478050716,97.31515384325066,-30.186817052934753,71.71898859986645,-21.594010478050716,0.0,27.0,28.0,0.6637703939459101,1.500999502468403e-08
middle,9.0,0.13740458015267176,95.41882979922266,-9.42935345310453,0.0,-1.0,48.80722899073296,-5.342165156480818,74.7692123146745,-12.756706402396226,100.19703140798573,-21.835583874740298,71.40666510269521,-22.174417177696682,96.83448419600644,-31.253294650040754,71.40666510269521,-22.174417177696682,0.0,27.0,28.0,0.8150647829156306,1.516197301043576e-08
middle,9.5,0.1450381679389313,95.20249740690917,-10.527204052779679,0.0,-1.0,48.785231112192335,-5.582709387467344,74.62952809974625,-13.397587071674025,99.87977150003769,-22.95924007866182,71.08817513419521,-22.749529071781964,96.33841853448665,-32.31118207876976,71.08817513419521,-22.749529071781964,0.0,27.0,28.0,0.9651009333780216,1.5323223578889156e-08
middle,10.0,0.15267175572519084,94.97223872599955,-11.622647938090692,0.0,-1.0,48.76204772949992,-5.82314225645186,74.4824855523094,-14.036489820203904,99.54598817133554,-24.077447765841846,70.76361223911016,-23.319268567991365,95.8271148581363,-33.36022651362931,70.76361223911016,-23.319268567991365,0.0,27.0,28.0,1.113785492532788,1.5494180161113036e-08
middle,10.5,0.16030534351145037,94.72806933687167,-12.715484682125437,0.0,-1.0,48.73767940602288,-6.063457920802117,74.32811481909972,-14.673313632086842,99.19577934997116,-25.189931946927334,70.43307099878842,-23.88355975463182,95.30073552965987,-34.40017806947231,70.43307099878842,-23.88355975463182,0.0,27.0,28.0,1.2610238589319565,1.5675389875013934e-08
middle,11.0,0.16793893129770993,94.4700077765319,-13.805514320629689,0.0,-1.0,48.712126733922965,-6.303650540734001,74.1664475429422,-15.307957962825416,98.82924776217777,-26.296419426837282,70.09664700071558,-24.442328414394147,94.75944721995116,-35.43078987840602,70.09664700071558,-24.442328414394147,0.0,27.0,28.0,1.4067202178180374,1.586732878422481e-08
middle,11.5,0.17557251908396945,94.19807549926682,-14.892537416566244,0.0,-1.0,48.68539033414218,-6.543714279453428,73.99751685532021,-15.940322762085625,98.44650089909797,-27.396638890191575,69.75443680787356,-24.99550203755887,94.20342085165132,-36.45181816566482,69.75443680787356,-24.99550203755887,0.0,27.0,28.0,1.5507775802688997,1.607057242836163e-08
middle,12.0,0.183206106870229,93.91229683461947,-15.976355122639722,0.0,-1.0,48.657470856387654,-6.783643303298195,73.82135736859553,-16.570308496341347,98.04765098201338,-28.490320986119585,69.40653792793692,-25.54300983464426,93.63283154135478,-37.4630223244225,69.40653792793692,-25.54300983464426,0.0,27.0,28.0,1.6930978264036298,1.628571766332243e-08
middle,12.5,0.19083969465648856,93.61269894275216,-17.056769241690265,0.0,-1.0,48.6283689791159,-7.02343178187973,73.63800516788058,-17.197816171395992,97.6328149260472,-29.57719841242045,69.05304878231597,-26.084782748494742,93.0478585404826,-38.464164989519205,69.05304878231597,-26.084782748494742,0.0,27.0,28.0,1.8335817529021092,1.651330450158639e-08
middle,13.0,0.1984732824427481,93.29931176725853,-18.133582284862534,0.0,-1.0,48.59808540951626,-7.263073888224778,73.44749780256515,-17.822747354776084,97.20211430235197,-30.6570059990475,68.69406867505722,-26.620753465808242,92.44868517484404,-39.45501211007966,68.69406867505722,-26.620753465808242,0.0,27.0,28.0,1.972129125089861,1.6754064802171342e-08
middle,13.5,0.20610687022900764,92.97216798548709,-19.206597527459895,0.0,-1.0,48.566620883493776,-7.502563798917002,73.2498742774997,-18.44500419799138,96.75567529879552,-31.72948079088912,68.32969776161164,-27.150856428100948,91.83549878290748,-40.435333020998684,68.32969776161164,-27.150856428100948,0.0,27.0,28.0,2.108638733836287,1.700858121012061e-08
middle,14.0,0.21374045801526717,92.63130295644052,-20.275619062394945,0.0,-1.0,48.5339761656513,-7.741895694238481,73.0451750438369,-19.064489458656276,96.29362867915768,-32.79436212981897,67.96003701748035,-27.675027842108413,91.20849065280112,-41.40490051327111,67.96003701748035,-27.675027842108413,0.0,27.0,28.0,2.2430084575042564,1.727757847902467e-08
middle,14.5,0.22137404580152673,92.27675466631314,-21.34045185115123,0.0,-1.0,48.50015204927088,-7.9810637583111586,72.83344198953417,-19.681106522467253,95.81610974085191,-33.85139173598851,67.58518820674851,-28.193205689621976,90.56785595806626,-42.36349090314323,67.58518820674851,-28.193205689621976,0.0,27.0,28.0,2.375135329181301,1.7561774257046636e-08
middle,15.0,0.22900763358778625,91.90856367172955,-22.400901772172695,0.0,-1.0,48.46514935629452,-8.22006217923814,72.61471842951899,-20.294759425031103,95.32325827118595,-34.90031378833497,67.20525385051755,-28.705329736759605,89.91379369218451,-43.310884100063475,67.20525385051755,-28.705329736759605,0.0,27.0,28.0,2.504915609407078,1.7861964352050563e-08
middle,15.5,0.2366412213740458,91.52677304074581,-23.456775666601196,0.0,-1.0,48.428968937304184,-8.458885149244944,72.38904909551965,-20.90535287353882,94.81521850217572,-35.940875004278524,66.82033719524568,-29.2113415426707,89.24650660190176,-44.2468636734104,66.82033719524568,-29.2113415426707,0.0,27.0,28.0,2.632244864595588,1.8178958782755217e-08
middle,16.0,0.24427480916030533,91.13142829167441,-24.50788138128144,0.0,-1.0,48.39161167150113,-8.697526864820635,72.15648012556372,-21.512792268279945,94.29213906392835,-36.972824718582174,66.43054218100734,-29.71118446767425,88.56620111937197,-45.17121691797648,66.43054218100734,-29.71118446767425,0.0,27.0,28.0,2.7570180513274067,1.8513560462452006e-08
middle,16.5,0.25190839694656486,90.72257732979133,-25.554027808958853,0.0,-1.0,48.35307846668457,-8.935981526858836,71.91705905314669,-22.116983723992266,93.75417293660912,-37.995914961348646,66.03597340968136,-30.204803680830203,87.8730872931438,-46.083734918186586,66.03597340968136,-30.204803680830203,0.0,27.0,28.0,2.879129606664307,1.8866735729261563e-08
middle,17.0,0.2595419847328244,90.30027038198278,-26.595024925592597,0.0,-1.0,48.31337025922957,-9.174243340798666,71.6708347960736,-22.717834091041862,93.20147740100913,-39.00990053512854,65.63673611307854,-30.69214616694391,87.16737871801406,-46.984212611030586,65.63673611307854,-30.69214616694391,0.0,27.0,28.0,2.998473544606398,1.9239422499595094e-08
middle,17.5,0.26717557251908397,89.86455992938585,-27.63068382471242,0.0,-1.0,48.27248801406433,-9.412306516765543,71.41785764497605,-23.31525097642837,92.63421398772974,-40.014539091114436,65.23293612101826,-31.17316073300381,86.44929246377194,-47.872448847689874,65.23293612101826,-31.17316073300381,0.0,27.0,28.0,3.1149435587797214,1.9632601322427945e-08
middle,18.0,0.2748091603053435,89.41550063807586,-28.660816748743898,0.0,-1.0,48.23043272464669,-9.650165269711882,71.15817925150736,-23.909142764610593,92.05254842500094,-41.00959120439606,64.8246798293646,-31.647798014052658,85.71904900285817,-48.74824645383812,64.8246798293646,-31.647798014052658,0.0,27.0,28.0,3.2284331314013954,2.0047409066137334e-08
middle,18.5,0.2824427480916031,88.95314928784828,-29.685237117232035,0.0,-1.0,48.18720541294006,-9.887813819557671,70.89185261621907,-24.4994186381474,91.45665058515144,-41.99482044825153,64.41207416803235,-32.116010478492726,84.97687213696472,-49.61141228859685,64.41207416803235,-32.116010478492726,0.0,27.0,28.0,3.3388356485290203,2.0484890228544828e-08
middle,19.0,0.2900763358778626,88.47756469914202,-30.70375955188949,0.0,-1.0,48.14280712938852,-10.125246391330927,70.618932076121,-25.08598859814908,90.84669442974776,-42.969993467450585,63.99522656897229,-32.577752432825655,84.22298892259906,-50.46175730212716,63.99522656897229,-32.577752432825655,0.0,27.0,28.0,3.4460445215488313,2.0946295364865364e-08
middle,19.5,0.29770992366412213,87.9888076581444,-31.716199898398276,0.0,-1.0,48.09723895289132,-10.362457215308057,70.33947329192848,-25.668763484534338,90.22285795342125,-43.93488005054567,63.574244934146506,-33.03298002582796,83.45762959563928,-51.299096591839294,63.574244934146506,-33.03298002582796,0.0,27.0,28.0,3.549953314808967,2.143291055745067e-08
middle,20.0,0.3053435114503817,87.48694084011572,-32.72237524489213,0.0,-1.0,48.050501990776674,-10.599440527154023,70.05353323499952,-26.247654996087963,89.58532312640176,-44.889253201127076,63.14923760350355,-33.48165125216286,82.68102749490579,-52.12324945720198,63.14923760350355,-33.48165125216286,0.0,27.0,28.0,3.6504558792444826,2.194604320493454e-08
middle,20.5,0.31297709923664124,86.97202873096643,-33.72210393704488,0.0,-1.0,48.00259737877482,-10.836190568062445,69.76117017396474,-26.822575710314624,88.93427583577662,-45.8328892080189,62.72031332296316,-33.92372595543013,81.89341898477504,-52.9340394531344,62.72031332296316,-33.92372595543013,0.0,27.0,28.0,3.7474464917798613,2.2487149919925287e-08
middle,21.0,0.32061068702290074,86.44413754711314,-34.7152055896907,0.0,-1.0,47.95352628099046,-11.07270158489554,69.462443661054,-27.39343910308388,88.26990582549558,-46.765567714392915,62.287581212421024,-34.359165830654845,81.0950433768626,-53.731294441963875,62.287581212421024,-34.359165830654845,0.0,27.0,28.0,3.8408200002324513,2.3057758369304793e-08
middle,21.5,0.3282442748091603,85.90333515363682,-35.7015010948969,0.0,-1.0,47.903289889874436,-11.308967830323926,69.15741451812212,-27.960159568061954,87.59240663514089,-47.687071785777526,61.85115073378302,-34.78793442621705,80.2861428508018,-54.51484664393263,61.85115073378302,-34.78793442621705,0.0,27.0,28.0,3.930471973368892,2.365948859051059e-08
middle,22.0,0.33587786259541985,85.34969098075752,-36.68081262641034,0.0,-1.0,47.851889426194774,-11.544983562966273,68.8461448223777,-28.522652435925373,86.90197553748334,-48.59718797693971,61.41113165903906,-35.20999714522376,79.4669623741447,-55.284532686238094,61.41113165903906,-35.20999714522376,0.0,27.0,28.0,4.016298855699279,2.4294074307817937e-08
middle,22.5,0.3435114503816794,84.78327593863648,-37.65296364039157,0.0,-1.0,47.79932613900701,-11.780743047528834,68.52869789181803,-29.080833993352233,86.19881347484541,-49.49570639761802,60.96763403838625,-35.625321246325335,78.63774962141363,-56.04019365059113,60.96763403838625,-35.625321246325335,0.0,27.0,28.0,4.09819812651839,2.4963391354049236e-08
middle,23.0,0.3511450381679389,84.20416233050645,-38.61777887234999,0.0,-1.0,47.74560130562384,-12.016240554944812,68.20513827037382,-29.634621501786363,85.48312499429231,-50.382420777085336,60.52076816841124,-36.03387584397839,77.79875489232973,-56.78167511927737,60.52076816841124,-36.03387584397839,0.0,27.0,28.0,4.176068462632088,2.5669322667454253e-08
middle,23.5,0.35877862595419846,83.61242376412639,-39.575084330185035,0.0,-1.0,47.69071623158409,-12.251470362513578,67.87553171276708,-30.183933215970022,84.75511818167291,-51.25712852751998,60.07064456034117,-36.43563190815737,76.950231029247,-57.50882721970733,60.07064456034117,-36.43563190815737,0.0,27.0,28.0,4.249809904130249,2.6414063825086487e-08
middle,24.0,0.366412213740458,83.00813506154614,-40.52470728323471,0.0,-1.0,47.63467225062097,-12.486426754039737,67.53994516908598,-30.728688402240692,84.01500459453271,-52.11963080616481,59.617373908373345,-36.83056226351726,76.09243333382008,-58.22150466744137,59.617373908373345,-36.83056226351726,0.0,27.0,28.0,4.319324022497145,2.7199789087717363e-08
middle,24.5,0.37404580152671757,82.39137216716014,-41.4664762472246,0.0,-1.0,47.57747072462969,-12.721104019972032,67.1984467690801,-31.268807356587672,83.26299919392078,-52.969732576253904,59.16106705809261,-37.21864158801014,75.22561948293328,-58.919566807676375,59.16106705809261,-37.21864158801014,0.0,27.0,28.0,4.38451409027558,2.8028942722357897e-08
middle,25.0,0.3816793893129771,81.7622120540183,-42.400220965003314,0.0,-1.0,47.519113043634334,-12.955496457542084,66.8511058061801,-31.804211422464185,82.49932027511404,-53.807242666687024,58.701834974986454,-37.599846410958236,74.3500494439204,-59.602877655181075,58.701834974986454,-37.599846410958236,0.0,27.0,28.0,4.445285251435095,2.890403294486532e-08
middle,25.5,0.3893129770992366,81.12073262835389,-43.32577238294024,0.0,-1.0,47.459600625754106,-13.189598370902988,66.4979927212454,-32.33482300835071,81.72418939728179,-54.63197383043241,58.239788713066986,-37.97415511058641,73.46598538910338,-60.2713059326681,58.239788713066986,-37.97415511058641,0.0,27.0,28.0,4.501544691527897,2.9827873504473246e-08
middle,26.0,0.3969465648854962,80.46701263227581,-44.24296262285242,0.0,-1.0,47.39893491716885,-13.423404071267706,66.13917908604384,-32.86056560506546,80.9378313121138,-55.443742801638905,57.77503938360923,-38.341547911017294,72.57369160967919,-60.92472510759074,57.77503938360923,-38.341547911017294,0.0,27.0,28.0,4.5532018066588975,3.080334920468886e-08
middle,26.5,0.40458015267175573,79.80113154456345,-45.151624949314936,0.0,-1.0,47.337117392083954,-13.656907877047328,65.77473758646738,-33.38136380281787,80.1404738914363,-56.242370351439,57.30769812401511,-38.702006878732284,71.67343442898402,-61.56301342735341,57.30769812401511,-38.702006878732284,0.0,27.0,28.0,4.60016837024191,3.183367169867779e-08
middle,27.0,0.4122137404580153,79.12316947948847,-46.05159373219588,0.0,-1.0,47.27414955269445,-13.890104113989105,65.4047420054874,-33.89714330800097,79.33234805383941,-57.0276813424244,56.837876066812065,-39.05551591850171,70.76548211516406,-62.18605395292514,56.837876066812065,-39.05551591850171,0.0,27.0,28.0,4.6423586964706125,3.292217343187076e-08
middle,27.5,0.4198473282442748,78.43320708357595,-46.94270440424322,0.0,-1.0,47.210032929148575,-14.122987115314372,65.02926720585435,-34.40783095971884,78.51368769034119,-57.799504781776804,56.36568430879585,-39.40206076878803,69.85010479328268,-62.793734590846,56.36568430879585,-39.40206076878803,0.0,27.0,28.0,4.679689799396549,3.407254922649372e-08
middle,28.0,0.42748091603053434,77.7313254302025,-47.824793413533826,0.0,-1.0,47.14476907951056,-14.35555122185623,64.64838911254517,-34.91335474604503,77.68472958911256,-58.557673873036414,55.89123388032614,-39.74162899662554,68.92757435689353,-63.38594812361693,55.89123388032614,-39.74162899662554,0.0,27.0,28.0,4.712081546480949,3.528865732960185e-08
middle,28.5,0.4351145038167939,77.01760591191567,-48.69769817057599,0.0,-1.0,47.07835958972275,-14.58779078219708,64.26218469496317,-35.413643820008254,76.8457133592886,-59.30202606649159,55.414635714784154,-40.07420999198064,67.99816437910958,-63.96259223846398,55.414635714784154,-40.07420999198064,0.0,27.0,28.0,4.739456805471502,3.6574775208464416e-08
middle,29.0,0.44274809160305345,76.29213013034021,-49.56125698983838,0.0,-1.0,47.01080607356712,-14.819700152805943,63.87073194889443,-35.90862851530148,75.99688135389154,-60.032403108173305,54.93600061820116,-40.399794961596704,67.06215002319827,-64.52356955446854,54.93600061820116,-40.399794961596704,0.0,27.0,28.0,4.761741583454011,3.793540059859879e-08
middle,29.5,0.45038167938931295,75.55497978352275,-50.41530902545248,0.0,-1.0,46.94211017262601,-15.051273698175608,63.47410987822494,-36.39824036171066,75.13847859189116,-60.74865108743857,54.45543923906645,-40.71837692232778,66.11980795273267,-65.06878764805569,54.45543923906645,-40.71837692232778,0.0,27.0,28.0,4.778865156935893,3.9375429139454354e-08
middle,30.0,0.4580152671755725,74.80623655054515,-51.25969420081336,0.0,-1.0,46.87227355624225,-15.282505790959581,63.072398476422975,-36.882412100259614,74.27075267942857,-61.45062048312764,53.973062038323704,-41.02995069396539,65.1714162413293,-65.59815907683341,53.973062038323704,-41.02995069396539,0.0,27.0,28.0,4.790760191842313,4.090018279612195e-08
middle,30.5,0.46564885496183206,74.0459819732178,-52.09425313177293,0.0,-1.0,46.80129792147858,-15.513390812108817,62.66567870779107,-37.36107769806722,73.39395373022978,-62.13816620827999,53.48897925956412,-41.33451289156304,64.21725428200283,-66.1116014017758,53.48897925956412,-41.33451289156304,0.0,27.0,28.0,4.797362852340314,4.2515324594205595e-08
middle,31.0,0.4732824427480916,73.27429733464322,-52.91882704308962,0.0,-1.0,46.72918499307646,-15.743923151008282,62.25403248849207,-37.83417236291369,72.50833428523553,-62.8111476533948,53.00330089942499,-41.63206191726312,63.257602696168455,-66.60903720774422,53.00330089942499,-41.63206191726312,0.0,27.0,28.0,4.7986128974536655,4.422704336093375e-08
middle,31.5,0.48091603053435117,72.49126353441466,-53.73325767776362,0.0,-1.0,46.655936523414084,-15.974097205613289,61.83754266735369,-38.301632557512185,71.61414923147416,-63.46942872822201,52.516136678201896,-41.92259795163088,62.292743242322366,-67.09039412234071,52.516136678201896,-41.92259795163088,0.0,27.0,28.0,4.794453764492285,4.604205372515935e-08
middle,32.0,0.48854961832061067,71.69696096019055,-54.53738719884731,0.0,-1.0,46.58155429246386,-16.20390738258562,61.41629300645637,-38.76339601348264,70.71165572020466,-64.11287790207078,52.027596010682984,-42.20612294450053,61.322958724431274,-67.55560483308867,52.027596010682984,-42.20612294450053,0.0,27.0,28.0,4.784832638392469,4.796758901193243e-08
middle,32.5,0.4961832061068702,70.89146935535847,-55.33105808327674,0.0,-1.0,46.50604010774912,-16.43334809742947,60.990368161508805,-39.219401745024314,69.8011130843571,-64.74136824262209,51.537787977213334,-42.482640605338496,60.34853290006163,-68.00460710293628,51.537787977213334,-42.482640605338496,0.0,27.0,28.0,4.769700506146062,5.001152203476522e-08
middle,33.0,0.5038167938931297,70.07486768246883,-56.11411300722382,0.0,-1.0,46.42939580430022,-16.66241377462712,60.55985366201605,-39.669590062283916,68.88278275529811,-65.35477745323357,51.04682129499766,-42.75215639312913,59.36975038827972,-68.43734378407878,51.04682129499766,-42.75215639312913,0.0,27.0,28.0,4.749012195592556,5.2182386411914194e-08
middle,33.5,0.5114503816793893,69.24723398208963,-56.886394722412504,0.0,-1.0,46.351623244609904,-16.89109884777446,60.12483589124467,-40.11390258441617,67.95692817894881,-65.95298790872448,50.554804289649,-43.01467750578807,58.38689657735314,-68.85376283009639,50.554804289649,-43.01467750578807,0.0,27.0,28.0,4.72272639794706,5.448951867492724e-08
middle,34.0,0.5190839694656488,68.40864522669358,-57.64774592278445,0.0,-1.0,46.27272431858811,-17.119397759716232,59.68540206599011,-40.5522822523336,67.02381473128382,-66.53588668962938,50.06184486699168,-43.270212869109045,57.40025753228538,-69.25381730640483,50.06184486699168,-43.270212869109045,0.0,27.0,28.0,4.690805673548329,5.694300142522479e-08
middle,34.5,0.5267175572519084,67.55917716915287,-58.398009100830606,0.0,-1.0,46.192700943515995,-17.34730496268107,59.241640216150564,-40.98467334114264,66.0837096332385,-67.1033656149099,49.56805048512565,-43.51877312524928,56.41011990221359,-69.63746539901655,49.56805048512565,-43.51877312524928,0.0,27.0,28.0,4.653216440422678,5.9553912024057354e-08
middle,35.0,0.5343511450381679,66.69890418536964,-59.13702639283238,0.0,-1.0,46.11155506399935,-17.574814918416322,58.79363916411273,-41.411021472263165,65.13688186505382,-67.65532127311435,49.07352812676044,-43.760370620759865,55.416770827701534,-70.00467042161105,49.07352812676044,-43.760370620759865,0.0,27.0,28.0,4.609928945379295,6.233432259250549e-08
middle,35.5,0.5419847328244275,65.82789911052524,-59.86463941217001,0.0,-1.0,46.02928865192136,-17.80192209832265,58.34148850395411,-41.83127362522834,64.18360208008657,-68.19165505197498,48.578384271825726,-43.99501939416629,54.42049784795819,-70.35540082091292,48.578384271825726,-43.99501939416629,0.0,27.0,28.0,4.560917217469051,6.529737817118075e-08
middle,36.0,0.549618320610687,64.94623306837713,-60.58068906976305,0.0,-1.0,45.94590370639471,-18.028620983588336,57.88527858046672,-42.245378149162306,63.22414251811403,-68.71227316643414,48.082724870366036,-44.22273516310575,53.42158880801335,-70.68963018037759,48.082724870366036,-44.22273516310575,0.0,27.0,28.0,4.506159003757777,6.845755962103794e-08
middle,36.5,0.5572519083969466,64.05397529297359,-61.28501538060142,0.0,-1.0,45.861402253712924,-18.254906065323425,57.42510046800747,-42.653284773932754,62.25877691816187,-69.21708668509041,47.58665531572686,-44.44353531102698,52.42033176588126,-71.00733722218463,47.58665531572686,-44.44353531102698,0.0,27.0,28.0,4.44563568748028,7.18306978342298e-08
middle,37.0,0.5648854961832062,63.15119294209221,-61.97745725520686,0.0,-1.0,45.775786347301214,-18.480771844693585,56.96104594918013,-43.05494462097591,61.28778043088421,-69.70601155505629,47.09028041803925,-44.6574388734589,51.41701489974333,-71.30850580753929,47.09028041803925,-44.6574388734589,0.0,27.0,28.0,4.379332188751132,7.543415136979092e-08
middle,37.5,0.5725190839694656,62.237950901635955,-62.657852274730395,0.0,-1.0,45.68905806766653,-18.706212833053716,56.4932074933538,-43.450310213791234,60.311429530524975,-70.17896862522035,46.59370437800968,-44.86446652385463,50.41192641518086,-71.59312493528375,46.59370437800968,-44.86446652385463,0.0,27.0,28.0,4.307236848112009,7.928707645987743e-08
middle,38.0,0.5801526717557252,61.314311580140284,-63.326036448240274,0.0,-1.0,45.601219522347016,-18.931223552081363,56.02167823502331,-43.8393354881035,59.33000192648997,-70.63588366790607,46.09703076102235,-45.06464055901708,49.40535445248902,-71.86118873881965,46.09703076102235,-45.06464055901708,0.0,27.0,28.0,4.229341293291171,8.341051938032251e-08
middle,38.5,0.5877862595419847,60.38033469245586,-63.98184395058361,0.0,-1.0,45.5122728458608,-19.15579853390981,55.546551952016515,-44.22197580168974,58.34377647455902,-71.07668739892137,45.60036247156036,-45.25798488411289,48.397586994102866,-72.11269648134451,45.60036247156036,-45.25798488411289,0.0,27.0,28.0,4.145640289634674,8.782773619486761e-08
middle,39.0,0.5954198473282443,59.43607703157137,-64.62510683901087,0.0,-1.0,45.42222019965413,-19.379932321260945,55.067923043553705,-44.5981879438687,57.3530330877675,-71.50131549599233,45.10380172795236,-45.44452499728122,47.38891177216615,-72.34765254940484,45.10380172795236,-45.44452499728122,0.0,27.0,28.0,4.056131574743052,9.256439881255574e-08
middle,39.5,0.6030534351145038,58.48159222742866,-65.25565474653281,0.0,-1.0,45.331063772048815,-19.603619467577904,54.58588650816437,-44.967930144650886,56.35805264698715,-71.90970861557611,44.60745003745132,-45.6242879738445,46.3796161762741,-72.56606644476973,44.60745003745132,-45.6242879738445,0.0,27.0,28.0,3.960815677907874,9.764893604824465e-08
middle,40.0,0.6106870229007634,57.516930491457686,-65.87331454972778,0.0,-1.0,45.238805778189096,-19.826854537157413,54.10053792146661,-45.33116208354656,55.3591169112357,-72.30181240804767,44.111408171651384,-45.7973024501277,45.369987161420475,-72.76795277462881,44.111408171651384,-45.7973024501277,0.0,27.0,28.0,3.859695724989013,1.0311291731568417e-07
middle,40.5,0.6183206106870229,56.54213834541635,-66.47791000843216,0.0,-1.0,45.14544845998779,-20.049632105281873,53.611973413814454,-45.68784489802994,54.35650842774518,-72.67757753125606,43.615776142249224,-45.96359860689317,44.360311156179954,-72.9533312401193,43.615776142249224,-45.96359860689317,0.0,27.0,28.0,3.752777229406661,1.0899136526631992e-07
middle,41.0,0.6259541984732825,55.55725833296104,-67.06926137441995,0.0,-1.0,45.05099408607181,-20.271946758351184,53.120289647818396,-46.037941191657595,53.35051044181859,-73.03695966244668,43.12065317715577,-46.123208152398405,43.35087397115597,-73.12222662318749,43.12065317715577,-46.123208152398405,0.0,27.0,28.0,3.6400678699393474,1.1532331001262719e-07
middle,41.5,0.6335877862595419,54.56232871219272,-67.64718496580227,0.0,-1.0,44.955444951727046,-20.493793094014297,52.625583795744625,-46.38141504183895,52.34140680650523,-73.37991950854574,42.62613769696433,-46.27616430508362,42.34196070772494,-73.27466877179042,42.62613769696433,-46.27616430508362,0.0,27.0,28.0,3.521577256022347,1.2215225808631658e-07
middle,42.0,0.6412213740458015,53.55738312721952,-68.2114927034473,0.0,-1.0,44.858803378842566,-20.71516572130051,52.12795351679809,-46.71823200725728,51.329481892124164,-73.70642281480477,42.1323272917805,-46.42250177589656,41.333855667106576,-73.41069258344406,42.1323272917805,-46.42250177589656,0.0,27.0,28.0,3.397316681227881,1.29526888770215e-07
middle,42.5,0.648854961832061,52.54245025654154,-68.7619916052256,0.0,-1.0,44.761071715854236,-20.936059260750454,51.627496934295145,-47.04835913493922,50.31502049566626,-74.01644037180225,41.63931869841995,-46.56225675026185,40.326842259791064,-73.53033798712488,41.63931869841995,-46.56225675026185,0.0,27.0,28.0,3.2672988655828483,1.3750169358672792e-07
middle,43.0,0.6564885496183206,51.517553435800096,-69.29848323331208,0.0,-1.0,44.66225233768761,-21.156468344546813,51.12431261273094,-47.37176496697142,49.29830775010458,-74.30994802080163,41.14720777797901,-46.69546686970239,39.32120291535265,-73.6336499235326,41.14720777797901,-46.69546686970239,0.0,27.0,28.0,3.1315376873378824,1.4613790710882313e-07
middle,43.5,0.6641221374045801,50.48271025212691,-69.82076308911243,0.0,-1.0,44.562347645700235,-21.376387616644774,50.61849953474707,-47.68841954686245,48.27962903364325,-74.5869266574637,40.65608949378365,-46.82217121312029,38.31721899267983,-73.72067832372156,40.65608949378365,-46.82217121312029,0.0,27.0,28.0,2.9900479047489092,1.555044093493052e-07
middle,44.0,0.6717557251908397,49.43793210698168,-70.32861994960994,0.0,-1.0,44.46136006762331,-21.59581173290218,50.110157078005216,-47.99829442554872,47.25926987893503,-74.84736223391366,40.16605788972191,-46.94241027774495,37.315170690651726,-73.79147808610989,40.16605788972191,-46.94241027774495,0.0,27.0,28.0,2.8428448683656136,1.656788839454748e-07
middle,44.5,0.6793893129770993,48.383223743964294,-70.82183513802846,0.0,-1.0,44.359292057502664,-21.814735361209404,49.59938499197181,-48.30136266704294,46.23751588229723,-75.09124575916216,39.677206068964686,-47.056225959756055,36.31533695929011,-73.84610905187529,39.677206068964686,-47.056225959756055,0.0,27.0,28.0,2.689944224245746,1.7674928898259168e-07
middle,45.0,0.6870229007633588,47.31858273762093,-71.3001817206566,0.0,-1.0,44.25614609563913,-22.0331531816189,49.08628337461982,-48.59759885372358,45.21465261295664,-75.31857329788156,39.18962617307983,-47.163661534589075,35.31799541141665,-73.88463597874704,39.18962617307983,-47.163661534589075,0.0,27.0,28.0,2.531361608428284,1.8881527807934617e-07
middle,45.5,0.6946564885496184,46.243998938731934,-71.7634236204403,0.0,-1.0,44.1519246885283,-22.2510598864745,48.570952649052735,-48.88697909126455,44.19096552235294,-75.52934596753784,38.70340936154411,-47.26476163693129,34.323422234844315,-73.90712851320458,38.70340936154411,-47.26476163693129,0.0,27.0,28.0,2.3671123329067036,2.0199028227807503e-07
middle,46.0,0.7022900763358778,45.15945387093545,-72.21131463649938,0.0,-1.0,44.04663036879956,-22.46845018054038,48.053493540056635,-49.169481013203445,43.16673985353096,-75.72356993388057,38.2186457916577,-47.359572240416156,33.33189210513203,-73.91366116109329,38.2186457916577,-47.359572240416156,0.0,27.0,28.0,2.1972110632465203,2.1640360614583187e-07
middle,46.5,0.7099236641221374,44.06492007281952,-72.64359735699976,0.0,-1.0,43.940265695154615,-22.685318781129748,47.53400705058573,-49.4450837851477,42.14226055065163,-75.9012564047926,37.73542459886539,-47.44814063702396,32.34367809893129,-73.90431325666886,37.73542459886539,-47.44814063702396,0.0,27.0,28.0,2.0216714878924584,2.3220319178562931e-07
middle,47.0,0.7175572519083969,42.960360378752185,-73.06000195077395,0.0,-1.0,43.83283325230525,-22.901660418233213,47.01259443818707,-49.713768108617415,41.11781216865144,-76.06242162250248,37.253833877488894,-47.53051541619681,31.359051607953262,-73.87916893008187,37.253833877488894,-47.53051541619681,0.0,27.0,28.0,1.8405059791138996,2.4955887312216873e-07
middle,47.5,0.7251908396946565,41.84572713071701,-73.46024482064549,0.0,-1.0,43.724335650910554,-23.117469834646826,46.489357191370125,-49.97551622452401,40.09367878308055,-76.207086854163,36.773960661874206,-47.606746443676016,30.37828225358463,-73.838317073315,36.773960661874206,-47.606746443676016,0.0,27.0,28.0,1.6537252454461573,2.686661773054766e-07
middle,48.0,0.732824427480916,40.72096131222905,-73.84402709849967,0.0,-1.0,43.61477552751347,-23.332741786099877,45.96439700592656,-50.23031191628412,39.07014390014887,-76.33527838079954,36.29589090795788,-47.676884840070166,29.401637802180197,-73.78185130458557,36.29589090795788,-47.676884840070166,0.0,27.0,28.0,1.4613379754057014,2.897511066635161e-07
middle,48.5,0.7404580152671756,39.58599159399127,-74.21103295863692,0.0,-1.0,43.504155544476745,-23.5474710413823,45.43781576120627,-50.478140512567705,38.04749036701033,-76.447027484633,35.81970947525616,-47.740982959161805,28.429384081060224,-73.7098699312271,35.81970947525616,-47.740982959161805,0.0,27.0,28.0,1.2633504721961017,3.1307582304407333e-07
middle,49.0,0.7480916030534351,38.44073327926459,-74.56092772170761,0.0,-1.0,43.39247838991818,-23.761652382471784,44.909715496355,-50.71898888967982,37.02600028231457,-76.54237043478169,35.34550010928024,-47.799094365961146,27.461784895239806,-73.622475911063,35.34550010928024,-47.799094365961146,0.0,27.0,28.0,1.0597662790888975,3.389455258684393e-07
middle,49.5,0.7557251908396947,37.285087134899854,-74.89335571637993,0.0,-1.0,43.27974677764538,-23.975280604660618,44.38019838651932,-50.952845473575806,36.005954907055624,-76.62134847134838,34.87334542438133,-47.85127381451518,26.499101944917633,-73.51977681228776,34.87334542438133,-47.85127381451518,0.0,27.0,28.0,0.8505857951701685,3.677172060179146e-07
middle,50.0,0.7633587786259542,36.11893809153105,-75.2079378596054,0.0,-1.0,43.165963447089744,-24.188350516682128,43.84936671902469,-51.17970024150894,34.987634575747165,-76.68400778789808,34.40332688702871,-47.89757722548023,25.54159474375119,-73.40188477186938,34.40332688702871,-47.89757722548023,0.0,27.0,28.0,0.6358058812069594,3.9981006949574294e-07
middle,50.5,0.7709923664122137,34.94215379346683,-75.50426890862217,0.0,-1.0,43.05113116323993,-24.40085694083684,43.31732286953214,-51.39954472331066,33.97131860795339,-76.73039951233332,33.93552479952375,-47.938061663466684,24.589520537945003,-73.26891645248934,33.93552479952375,-47.938061663466684,0.0,27.0,28.0,0.4154194555307882,4.357188032599879e-07
middle,51.0,0.7786259541984732,33.75458297518429,-75.78191432829095,0.0,-1.0,42.93525271657466,-24.612794713118312,42.78416927817947,-51.61237200230272,32.957285220204774,-76.760579686174,33.47001828415307,-47.97278531416394,23.643134226178372,-73.12099299803522,33.47001828415307,-47.97278531416394,0.0,27.0,28.0,0.18941508008609986,4.760299177064553e-07
middle,51.5,0.7862595419847328,32.55605363687151,-76.0404067054822,0.0,-1.0,42.8183309229949,-24.824158683338602,42.250008425712316,-51.81817671584133,31.945811438327517,-76.77460924224962,33.00688526778332,-48.00180746125437,22.70268828039852,-72.95823998766267,32.98956243740121,-48.04376279733022,0.045390865575402346,27.0,28.0,0.0,5.214425939925604e-07
middle,52.0,0.7938931297709924,31.346370985932083,-76.27924162735812,0.0,-1.0,42.700368623755466,-25.034943715253416,41.714942809611244,-52.016955055493014,30.93717301021608,-76.77255398081182,32.546202466900574,-48.02518846312444,21.768432667505408,-72.78078738844324,32.42652212640802,-48.30008378596252,0.299817982146953,27.0,28.0,0.0,5.727949599076965e-07
middle,52.5,0.8015267175572519,30.12531510445659,-76.4978729216232,0.0,-1.0,42.5813686853959,-25.245144686686967,41.17907492021994,-52.208704766842345,29.931644319076433,-76.75448454407616,32.08804537309631,-48.04298972938179,20.840614771952797,-72.5887695066156,31.855100743082485,-48.5513553989621,0.5591948271042224,27.0,28.0,0.0,6.310976345957897e-07
middle,53.0,0.8091603053435115,28.892638293964836,-76.69570713294436,0.0,-1.0,42.46133399967091,-25.454756489656386,40.64250721688094,-52.3934251489314,28.92949829716997,-76.72047638920242,31.632488239002782,-48.05527369718659,19.919479319291817,-72.38232493745761,31.27523502303889,-48.79726214354387,0.8235148540519628,27.0,28.0,0.0,6.975772635087196e-07
middle,53.5,0.816793893129771,27.648062037655322,-76.87209707912386,0.0,-1.0,42.340267483480034,-25.66377403049589,40.10534210408374,-52.57111705333132,27.931006340084892,-76.67060975972285,31.179604064679467,-48.06210380740582,19.00526830068062,-72.16159651379735,30.686871041570566,-49.03748481601296,1.0927735099340232,27.0,28.0,0.0,7.737328289181278e-07
middle,54.0,0.8244274809160306,26.39127350619829,-77.02633429098074,0.0,-1.0,42.218172078796776,-25.872192229980534,39.56768190763181,-52.74178288284605,26.936438221564494,-76.60496965542914,30.729464584452884,-48.0635444805989,18.09822089838557,-71.92673125318198,30.089964270918543,-49.271700684554354,1.3669682015930638,27.0,28.0,0.0,8.614098163661765e-07
middle,54.5,0.8320610687022901,25.121921514675947,-77.15764008810676,0.0,-1.0,42.09505075259714,-26.08000602344966,39.02962885083347,-52.90542658984876,25.94606200891947,-76.52364580072849,30.282140254211345,-48.05966109284357,17.198573412297346,-71.6778803037233,29.484479654679024,-49.4995836402091,1.6460982274633296,27.0,28.0,0.0,9.628987385212895e-07
middle,55.0,0.8396946564885496,23.839611814090176,-77.26515497425902,0.0,-1.0,41.97090649678747,-26.287210360929954,38.49128503072275,-53.06205367425117,24.960143979052248,-76.42673261148028,29.837700239156415,-48.05051995141024,16.306559187485913,-71.41519888863935,28.870391709797858,-49.7208043077259,1.9301646618676473,27.0,28.0,0.0,1.0810671895455926e-06
middle,55.5,0.8473282442748091,22.543901568718326,-77.34792594477172,0.0,-1.0,41.845742328131806,-26.493800207258197,37.952752394315766,-53.211671181106524,23.978948535121003,-76.31432916032514,29.396212402012573,-48.03618827029365,15.422408542817811,-71.13884624951227,28.247684670669333,-49.93503010493207,2.2191701743303573,27.0,28.0,0.0,1.2195394631930867e-06
middle,56.0,0.8549618320610687,21.23429282731651,-77.40489117477,0.0,-1.0,41.719561288178554,-26.699770542203552,37.414132714908234,-53.35428769784656,23.002738123870408,-76.18653914051873,28.957743291696318,-48.01673414561033,14.546348700658491,-70.8489855882825,27.61635269573612,-50.141925234947756,2.5131187590580852,27.0,28.0,0.0,1.38294407037165e-06
middle,56.5,0.8625954198473282,19.910224737012015,-77.43486138751963,0.0,-1.0,41.592366443186556,-26.905116360589638,36.87552756841978,-53.48991335115341,22.031773153656225,-76.04347082828299,28.52235813244586,-47.99222653087062,13.678603717682307,-70.5457840080002,26.976400165555344,-50.341150589383275,2.812015339227695,27.0,28.0,0.0,1.577259340024284e-06
middle,57.0,0.8702290076335878,18.571064166579802,-77.43649696648089,0.0,-1.0,41.464160884050614,-27.109832672416093,36.337038309790685,-53.618559803466994,21.066311913190663,-75.88523704368816,28.090120813412476,-47.96273521213365,12.819394416812454,-70.22941245235482,26.32784211390594,-50.532363531711525,3.115865195336768,27.0,28.0,0.0,1.8103046954820456e-06
middle,57.5,0.8778625954198473,17.21609428968881,-77.40827954123208,0.0,-1.0,41.334947726226346,-27.31391450297989,35.79876604943679,-53.74024024912893,20.1066104910349,-75.71195511007951,27.661093878714354,-47.92833078305416,11.968938320312462,-69.90004564400473,25.670704852281833,-50.71521751689904,3.4246731440859546,27.0,28.0,0.0,2.092450394286516e-06
middle,58.0,0.8854961832061069,15.844500511428834,-77.34847629743861,0.0,-1.0,41.204730109654506,-27.51735689299617,35.260811629767936,-53.85496941016376,19.152922695865104,-75.5237468120628,27.235338517953476,-47.889084619829376,11.127449584050645,-69.55786202172841,25.005026876417478,-50.88936148389377,3.738442360049313,27.0,28.0,0.0,2.4376642215884203e-06
middle,58.5,0.8931297709923665,14.455352875240038,-77.25509455616205,0.0,-1.0,41.073511198684656,-27.7201548987188,34.723275601775754,-53.9627635316987,18.205499977538054,-75.32073835206354,26.81291455719618,-47.84506885605511,10.29513893295848,-69.20304367641995,24.330860186807616,-51.05443892812145,4.057172680209718,27.0,28.0,0.0,2.8650883052705467e-06
middle,59.0,0.9007633587786259,13.047583716432058,-77.12582310950103,0.0,-1.0,40.9412941819983,-27.922303592060473,34.186258201696305,-54.06364037702282,17.264591348981888,-75.1030603054749,26.39388045041776,-47.796356357498965,9.472213597703343,-68.83577628595104,23.64827222262136,-51.21008651578744,4.380858150425726,27.0,28.0,0.0,3.4014742169574674e-06
middle,59.5,0.9083969465648855,11.619958754725303,-76.95795517069268,0.0,-1.0,40.808082272531365,-28.123798060712502,33.64985932775305,-54.157619222287096,16.33044330893761,-74.87084757441026,25.978293271411133,-47.743020696799896,8.658877252595694,-68.45624904892307,22.957348715514012,-51.35593203038192,4.709483444511715,27.0,28.0,0.0,4.085048793456281e-06
middle,60.0,0.916030534351145,10.171038904290256,-76.74828521847729,0.0,-1.0,40.67387870739617,-28.32463340826414,33.11417851698585,-54.24472085084639,15.403299765576445,-74.62423934007657,25.56620870615986,-47.685136128102165,7.855329954750452,-68.06465461733235,22.25819794389647,-51.491591326535186,5.04301857828505,27.0,28.0,0.0,4.971847602064372e-06
middle,60.5,0.9236641221374046,8.699128574653116,-76.49296780185286,0.0,-1.0,40.53868674780269,-28.52480475432163,32.57931492217132,-54.32496754724497,14.483401961017755,-74.36337901378478,25.15768104567509,-47.62277756163253,7.0617680845215265,-67.66118902817234,21.550957158806916,-51.61666377485706,5.38141099343754,27.0,28.0,0.0,6.146473957358012e-06
middle,61.0,0.9312977099236641,7.20220366134275,-76.18731922753346,0.0,-1.0,40.402509678979406,-28.724307234626725,32.04536728884023,-54.39838309084673,13.570988396772243,-74.08841418661478,24.752763179296508,-47.55602053822896,6.27838428722852,-67.24605163399701,20.835802453259248,-51.730725352239766,5.724573487469906,27.0,28.0,0.0,7.741158491114675e-06
middle,61.5,0.9389312977099237,5.6778078242679655,-75.82553041277474,0.0,-1.0,40.26535081009337,-28.923136001174953,31.512433932397244,-54.4649927491121,12.66629476013441,-73.79949657775224,24.351506588456452,-47.484941203829564,5.505367416193616,-66.8194450324697,20.1129642428441,-51.83331794349129,6.072365394603669,27.0,28.0,0.0,9.971228521976627e-06
middle,62.0,0.9465648854961832,4.122881895183717,-75.40020675878093,0.0,-1.0,40.127213474169885,-29.121286222333417,30.98061271534859,-54.52482327052279,11.769553851548302,-73.49678198151518,23.953961340906964,-47.40961628393009,4.742902477106673,-66.38157499492249,19.382763862568456,-51.92392080163928,6.424546027897838,27.0,28.0,0.0,2.2502888441522373e-11
middle,62.5,0.9541984732824428,2.533572796800371,-74.90179234560223,0.0,-1.0,39.988101028011414,-29.318753082958168,30.450001024642983,-54.577902877156376,10.880995512970017,-73.1804302130888,23.560176085408752,-47.33012305801824,3.9911705737357863,-65.93265039395067,18.64561369495822,-52.001964003536244,6.7807832371968235,27.0,28.0,0.0,3.594635700210347e-11
middle,63.0,0.9618320610687023,0.9047499638505272,-74.31730528309727,0.0,-1.0,39.848016852116096,-29.515531784511257,29.92069574913127,-54.624261256912526,10.00084655725005,-72.85060505298718,23.170198046881396,-47.24653933399355,3.250348855000177,-65.47288313006821,17.90214743486257,-52.06672148822947,7.140484104793338,27.0,28.0,0.0,7.551648195658345e-11
middle,63.5,0.9694656488549618,-0.7706853224415937,-73.62841862038974,0.0,-1.0,39.70696435059556,-29.711617545177308,29.392793257150117,-54.6639295553926,9.129330698558473,-72.50747419026138,22.78407302201353,-47.158943422580876,2.520610463421887,-65.00248805744965,17.15331919397478,-52.1172572827147,7.502683853633192,27.0,28.0,0.0,2.1047696918685688e-10
middle,64.0,0.9770992366412213,-2.50327647604918,-72.8075093086276,0.0,-1.0,39.56494695109218,-29.90700559997976,28.866389374235,-54.69694036743471,8.26666848387515,-72.15120916447322,22.401845375331845,-47.06741411174588,1.8021244849719995,-64.52168290878438,16.400682720565836,-52.152235727948145,7.865708110370993,27.0,28.0,0.0,7.564295856354875e-10
middle,64.5,0.9847328244274809,-4.3103566521603085,-71.8088495822714,0.0,-1.0,39.42196810469584,-30.10169120089662,28.34157936096811,-54.723327728306245,7.413077225567498,-71.781985306455,22.02355803572783,-46.97203064112083,1.0950559003272176,-64.03068821926959,15.647005185056205,-52.16950874561363,8.226433303934977,27.0,28.0,0.0,3.940648696243443e-09
middle,65.0,0.9923664122137404,-6.2254688202861175,-70.54433580301037,0.0,-1.0,39.27803128586001,-30.29566961697586,27.818457890965913,-54.74312710455594,6.568770935076806,-71.39998167787549,21.649252493440155,-46.872872676448864,0.3995655375510472,-63.52972724976841,14.897952541156569,-52.16497047155926,8.578248662676822,27.0,28.0,0.0,3.799871706178237e-08
middle,65.5,1.0,-8.33738719227707,-68.78547914672856,0.0,-1.0,39.133139992317346,-30.488936134450366,27.297119029012254,-54.75637538452787,5.733960257735344,-71.00538100963317,21.27896879749177,-46.770020284054944,-0.28418997378513744,-63.01902590916024,14.168759410857461,-52.12794736443213,8.902946709961922,27.0,28.0,0.0,1.3302346104637763e-06
ring,0.0,0.0,96.932098,10.514118,0.0,-1.0,44.0,-1.0,70.0,-1.0,96.0,-1.0,70.0,-11.0,96.0,-11.0,79.01164246220532,-11.0,9.01164246220532,26.000000000000004,28.0,0.0,1.0075033500811514e-06
ring,0.5,0.007633587786259542,96.96557307365546,9.407318575703611,0.0,-1.0,43.99940603198138,-1.2286237801300222,69.99749515397887,-1.5438411728537547,95.99290760251141,-2.0322381739498736,69.80965015355729,-11.542076729981654,95.80506260208982,-12.030473731077773,78.57548430458287,-11.706767600724445,8.767381105335419,26.000000000000004,28.0,0.0,1.3495174755462358e-08
ring,1.0,0.015267175572519083,96.98537435857926,8.2993211615695,0.0,-1.0,43.99762414396178,-1.4572413877503312,69.98998091283289,-2.087629839199199,95.97163232585753,-3.064251491669969,69.61435720034413,-12.080572690362523,95.59600861336877,-13.057194342833293,78.13040449005808,-12.400681525801303,8.522061435308382,26.000000000000004,28.0,0.0,1.355390111257293e-08
ring,1.5,0.022900763358778626,96.99146090768079,7.190322661432499,0.0,-1.0,43.99465438404958,-1.685846650517862,69.97745816727254,-2.631313499505334,95.93617991686106,-4.095815164728066,69.41418829603303,-12.615437249347071,95.37291004562155,-14.079938914569803,77.67697555619681,-13.081595245053576,8.275926327830975,26.000000000000004,28.0,0.0,1.3615867544558569e-08
ring,2.0,0.030534351145038167,96.9837948683872,6.080520042034133,0.0,-1.0,43.99049683242401,-1.9144333964228435,69.95992840167631,-3.174839668194779,95.88655995151672,-5.126704540264597,69.20921114318791,-13.146621033518013,95.13584269302832,-15.098485905587829,77.21577181016124,-13.74938828779549,8.02921802398923,26.000000000000004,28.0,0.0,1.3681393795650365e-08
ring,2.5,0.03816793893129771,96.96234155506866,4.970111109580557,0.0,-1.0,43.98515160133289,-2.1429954539554323,69.93739369388197,-3.718155880618066,95.82278583192712,-6.156695168722804,68.99949396768784,-13.674075933712356,94.88488610573299,-16.112615221817094,76.74736872407125,-14.403966247600515,7.782178558148804,26.000000000000004,28.0,0.0,1.3750785399224696e-08
ring,3.0,0.04580152671755725,96.9270694623122,3.859294427920452,0.0,-1.0,43.9786188350897,-2.371526652272336,69.90985671489474,-4.261209700024919,95.74487478201473,-7.185562871511529,68.7851054950922,-14.197755110455685,94.62012356221219,-17.122108281942296,76.27234128354614,-15.045260680869795,7.535049133468777,26.000000000000004,28.0,0.0,1.3824354994085297e-08
ring,3.5,0.05343511450381679,96.87795027488391,2.7482692367350645,0.0,-1.0,43.97089871006963,-2.6000208213634144,69.87732072851203,-4.803948724531512,95.65284784201103,-8.213083808578208,68.5661149269556,-14.717612998954204,94.3416420404546,-18.126748083000898,75.79126238332165,-15.67322890439997,7.2880695334892165,26.000000000000004,28.0,0.0,1.3902443640745332e-08
ring,4.0,0.061068702290076333,96.81495887438535,1.6372353698741113,0.0,-1.0,43.96199143470484,-2.8284717922182647,69.83978959086468,-5.346320594082703,95.54672986172467,-9.239034545869668,68.34259191710046,-15.233605313644238,94.04953218796045,-19.126319265431203,75.30470127662085,-16.28785369762607,7.041477571436952,26.000000000000004,28.0,0.0,1.3985385294290609e-08
ring,4.5,0.06870229007633588,96.7380733426146,0.5263931739692324,0.0,-1.0,43.95189724947882,-3.056873396992773,69.79726774987535,-5.888272997408235,95.42654949259143,-10.263192122658397,68.11460654785606,-15.745689052299038,93.74388829057214,-20.1206081775492,74.81322208396561,-16.889142915572144,6.795508578321604,26.000000000000004,28.0,0.0,1.4073528120661649e-08
ring,5.0,0.07633587786259542,96.6472749616471,-0.5840565725445077,0.0,-1.0,43.940616426919874,-3.2852194691756367,69.7497602446334,-6.429753678971911,95.292339178508,-11.285334118711958,67.88222930627185,-16.25382249969291,93.42480824014645,-21.109402939432954,74.31738236616111,-17.477129018788855,6.550394930373638,26.000000000000004,28.0,0.0,1.4167198969516903e-08
ring,5.5,0.08396946564885496,96.54254821065615,-1.6939127398692788,0.0,-1.0,43.92814927159383,-3.513503843754853,69.6972727046871,-6.970710445912738,95.14413514545319,-12.305238721283304,67.6455310603138,-16.757965230822773,93.0923935010799,-22.09249350619334,73.81773176528071,-18.051868526702613,6.306365615906104,26.000000000000004,28.0,0.0,1.4266788639361039e-08
ring,6.0,0.0916030534351145,96.42388075949677,-2.802973926618488,0.0,-1.0,43.914496120095755,-3.7417203573841666,69.63981134925241,-7.511091174977032,94.98197738989981,-13.322684791899817,67.40458303505135,-17.25807811368757,92.74674907569874,-23.069671730610356,73.31481071663123,-18.613441400856395,6.063645841267304,26.000000000000004,28.0,0.0,1.4372652401561936e-08
ring,6.5,0.09923664122137404,96.29126345908182,-3.911038538798436,0.0,-1.0,43.89965734104089,-3.9698628485494662,69.57738298633949,-8.050843819440496,94.80590966602139,-14.337451932928916,67.15945678884394,-17.754123311625843,92.38798346852585,-24.040731425114263,72.80914923389487,-19.161950364498328,5.822456675190049,26.000000000000004,28.0,0.0,1.448518816005162e-08
ring,7.0,0.10687022900763359,96.14469032858239,-5.017904867871522,0.0,-1.0,43.883633335054704,-4.197925157735142,69.50999501179601,-8.589916416019266,94.6159794716977,-15.349320553898213,66.91022418953487,-18.24606428521222,92.01620864943656,-25.00546842309117,72.30126576893201,-19.697520164883276,5.58301473053945,26.000000000000004,28.0,0.0,1.460475829162533e-08
ring,7.5,0.11450381679389313,95.98415853948939,-6.12337116777893,0.0,-1.0,43.86642453476206,-4.425901127590378,69.43765540826821,-9.128257091768928,94.41223803332421,-16.358071937548253,66.65695739066078,-18.73386579371354,91.63154001571678,-25.963680639492864,71.79166614708583,-20.22029678450459,5.345531882207061,26.000000000000004,28.0,0.0,1.4731817543633952e-08
ring,8.0,0.12213740458015267,95.80966839657577,-7.227235730801637,0.0,-1.0,43.848031404775554,-4.653784603095399,69.36037274407938,-9.66581407097054,94.1947402894304,-17.363488305595993,66.39972880768498,-19.217493896105545,91.234096353036,-26.915168130730997,71.28084257825769,-20.730446607278846,5.1102150196954765,26.000000000000004,28.0,0.0,1.486673539830008e-08
ring,8.5,0.1297709923664122,95.62122331580369,-8.329296962141193,0.0,-1.0,43.82845444168295,-4.881569431727638,69.27815617202617,-10.202535682002594,93.96354487311248,-18.365352884187164,66.13861109426287,-19.696915951651174,90.82399979534918,-27.859733153835744,70.7692727435223,-21.22815554547648,4.877265832781754,26.000000000000004,28.0,0.0,1.500999502468403e-08
ring,9.0,0.13740458015267176,95.41882979922266,-9.42935345310453,0.0,-1.0,43.80769417403379,-5.1092494636278545,69.19101542809281,-10.738370364198031,93.71871409328668,-19.36344996901599,65.87367711854745,-20.17210062004183,90.40137578374132,-28.797180224859787,70.25741895661434,-21.713628132932904,4.64688062853117,26.000000000000004,28.0,0.0,1.516197301043576e-08
ring,9.5,0.1450381679389313,95.20249740690917,-10.527204052779679,0.0,-1.0,43.785751162325134,-5.3368185517661635,69.0989608300834,-11.273266674685226,93.46031391476906,-20.357564990090562,65.60499993954289,-20.64301786110279,89.96635302422854,-29.727316176508126,69.74572739924821,-22.187086589797506,4.41925017785716,26.000000000000004,28.0,0.0,1.5323223578889156e-08
ring,10.0,0.15267175572519084,94.97223872599955,-11.622647938090692,0.0,-1.0,43.76262599898639,-5.564270552108004,69.00200327617262,-11.807173295212023,93.18841393718907,-21.34748457612261,65.3326527835147,-21.109638934064503,89.51906344453116,-30.649950214975092,69.23462742891813,-22.648769863788203,4.194559589778573,26.000000000000004,28.0,0.0,1.5494180161113036e-08
ring,10.5,0.16030534351145037,94.72806933687167,-12.715484682125437,0.0,-1.0,43.73831930836336,-5.791599323780012,68.90015424337477,-12.340039038951787,92.9030873727435,-22.33299661852017,65.05670902046386,-21.5719363964013,89.05964214983258,-31.56489397596968,68.72453095756694,-23.098932652622818,3.97298821151148,26.000000000000004,28.0,0.0,1.5675389875013934e-08
ring,11.0,0.16793893129770993,94.4700077765319,-13.805514320629689,0.0,-1.0,43.71283174670135,-6.0187987292358205,68.7934257859318,-12.871812857290548,92.60441102279887,-23.313890334962238,64.77724214067347,-22.02988410223942,88.58822737754053,-32.47196157991111,68.2158318993007,-23.53784441200098,3.7547095525422782,26.000000000000004,28.0,0.0,1.586732878422481e-08
ring,11.5,0.17557251908396945,94.19807549926682,-14.892537416566244,0.0,-1.0,43.68616400212746,-6.245862634421761,68.68183053362009,-13.402443846594199,92.29246525334972,-24.28995633253411,64.49432573133551,-22.483457200336368,88.10496045106514,-33.37096968627628,67.70890568516008,-23.96578835321602,3.5398912308612367,26.000000000000004,28.0,0.0,1.607057242836163e-08
ring,12.0,0.183206106870229,93.91229683461947,-15.976355122639722,0.0,-1.0,43.65831679463206,-6.472784908942479,68.56538168997662,-13.93188125495482,91.96733396934141,-25.260986670402808,64.20803345326586,-22.93263213163359,87.60998573263065,-34.26173754708157,67.20410884282931,-24.38306043418695,3.3286949395815273,26.000000000000004,28.0,0.0,1.628571766332243e-08
ring,12.5,0.19083969465648856,93.61269894275216,-17.056769241690265,0.0,-1.0,43.62929087604924,-6.699559426226436,68.44409303044455,-14.46007448891513,91.62910458786598,-26.226774922011675,63.91843901771511,-23.37738662638491,87.10345057513653,-35.14408705948146,66.70177863907055,-24.789968347422466,3.121276432233538,26.000000000000004,28.0,0.0,1.651330450158639e-08
ring,13.0,0.1984732824427481,93.29931176725853,-18.133582284862534,0.0,-1.0,43.59908703003662,-6.926180063691327,68.31797890043856,-14.98697312017011,91.27786801024021,-27.187116236773747,63.62561616328332,-23.817699700863056,86.58550527308496,-36.01784281746669,66.20223278260492,-25.18683050815965,2.917785525094833,26.000000000000004,28.0,0.0,1.6754064802171342e-08
ring,13.5,0.20610687022900764,92.97216798548709,-19.206597527459895,0.0,-1.0,43.567706072054136,-7.152640702909382,68.1870542133303,-15.512526892244843,90.91371859297537,-28.141807401243433,63.32963863294623,-24.253551653646795,86.0563030125913,-36.882832162645386,65.70576918511978,-25.57397504566373,2.718366114995927,26.000000000000004,28.0,0.0,1.700858121012061e-08
ring,14.0,0.21374045801526717,92.63130295644052,-20.275619062394945,0.0,-1.0,43.53514884934203,-7.378935229772543,68.05133444835401,-16.03668572714755,90.53675411764824,-29.090646899746314,63.03058015120064,-24.684924061491486,85.51599982049487,-37.738885234090255,65.21266577806406,-25.951738800433606,2.5231562111302033,26.000000000000004,28.0,0.0,1.727757847902467e-08
ring,14.5,0.22137404580152673,92.27675466631314,-21.34045185115123,0.0,-1.0,43.50141624089799,-7.605057534657552,67.910835648433,-16.55939973199699,90.14707575968404,-30.033434974447196,62.72851440133676,-25.11179977478585,84.9647545125878,-38.58583501723606,64.72318038288901,-26.320466329827806,2.332287979482544,26.000000000000004,28.0,0.0,1.7561774257046636e-08
ring,15.0,0.22900763358778625,91.90856367172955,-22.400901772172695,0.0,-1.0,43.46650915745341,-7.831001512590889,67.76557441792683,-17.080619205623073,89.74478805606137,-30.96997368483632,62.42351500284481,-25.534162912597893,84.40272864097935,-39.42351739181114,64.23755063240434,-26.68050892441151,2.1458877985841647,26.000000000000004,28.0,0.0,1.7861964352050563e-08
ring,15.5,0.2366412213740458,91.52677304074581,-23.456775666601196,0.0,-1.0,43.43042854144879,-8.056761063413607,67.61556792030004,-17.600294645139982,89.32999887195041,-31.90006696661448,62.11565548896369,-25.951998857313207,83.83008644061407,-40.251771178787706,63.75599394094222,-27.03222363712353,1.9640763253895164,26.000000000000004,28.0,0.0,1.8178958782755217e-08
ring,16.0,0.24427480916030533,91.13142829167441,-24.50788138128144,0.0,-1.0,43.39317536700832,-8.282330091946019,67.46083387571227,-18.11837675249063,88.90281936629562,-32.82352068995732,61.805009284378926,-26.36529424886884,83.24699477496227,-41.07043818633553,63.27870752105532,-27.375972327176203,1.7869685701640534,26.000000000000004,28.0,0.0,1.8513560462452006e-08
ring,16.5,0.25190839694656486,90.72257732979133,-25.554027808958853,0.0,-1.0,43.35475063991355,-8.50770250815226,67.3013905585305,-18.63481644096162,88.4633639563543,-33.74014271713976,61.49164968307737,-26.77403697858616,82.65362308090117,-41.8793632547643,62.80586844451122,-27.7121207204254,1.6146739793555343,26.000000000000004,28.0,0.0,1.8866735729261563e-08
ring,17.0,0.2595419847328244,90.30027038198278,-26.595024925592597,0.0,-1.0,43.315155397576255,-8.732872227304725,67.13725679476356,-19.149564841667836,88.01175028120353,-34.64974295950168,61.17564982636593,-27.17821618260629,82.0501433128059,-42.67839430044013,62.33763374539264,-28.041037487787776,1.447296525509461,26.000000000000004,28.0,0.0,1.9239422499595094e-08
ring,17.5,0.26717557251908397,89.86455992938585,-27.63068382471242,0.0,-1.0,43.27439070901042,-8.957833170148318,66.96845195941935,-19.662573310005513,87.54809916422732,-35.55213343373579,60.857082681061556,-27.577822234931656,81.43672988586952,-43.467382358661936,61.874140563157525,-28.36309334313132,1.2849348033681212,26.000000000000004,28.0,0.0,1.9632601322427945e-08
ring,18.0,0.2748091603053435,89.41550063807586,-28.660816748743898,0.0,-1.0,43.23245767480337,-9.18257926306461,66.79499597378522,-20.173793432073133,87.07253457459701,-36.44712831747962,60.536021017859646,-27.972846740077667,80.81355961867145,-44.246181625484155,61.415506323565616,-28.678660161928303,1.1276821313726761,26.000000000000004,28.0,0.0,2.0047409066137334e-08
ring,18.5,0.2824427480916031,88.95314928784828,-29.685237117232035,0.0,-1.0,43.18935742708608,-9.407104438235807,66.61690930263171,-20.68317703105901,86.58518358775773,-37.33454400419292,60.2125373898879,-28.36328252533825,80.18081167501391,-45.01464949847216,60.96182895542593,-28.98811012182922,0.975626657857972,26.000000000000004,28.0,0.0,2.0484890228544828e-08
ring,19.0,0.2900763358778626,88.47756469914202,-30.70375955188949,0.0,-1.0,43.14509112950258,-9.631402633808568,66.43421295134033,-21.19067617359474,86.08617634493447,-38.21419915730279,59.886704111452616,-28.749123632669406,79.53866750504676,-45.77264661637746,60.51318714117456,-29.29181486620035,0.8288514713028643,26.000000000000004,28.0,0.0,2.0946295364865364e-08
ring,19.5,0.29770992366412213,87.9888076581444,-31.716199898398276,0.0,-1.0,43.09965997717856,-9.855467794057677,66.2469284629556,-21.69624317607358,85.57564601167132,-39.085914763598424,59.5585932369845,-29.13036531019501,78.88731078570024,-46.520036897719855,60.06964059933956,-29.590144691554727,0.6874347140591486,26.000000000000004,28.0,0.0,2.143291055745067e-08
ring,20.0,0.3053435114503817,87.48694084011572,-32.72237524489213,0.0,-1.0,43.053065196689076,-10.079293869549533,66.05507791516172,-22.19983061093285,85.05372873541789,-39.949514185858334,59.22827654019038,-29.50700400333907,78.22692736044655,-47.256687578264554,59.631230397002646,-29.883467759706853,0.5514496990464514,26.000000000000004,28.0,0.0,2.194604320493454e-08
ring,20.5,0.31297709923664124,86.97202873096643,-33.72210393704488,0.0,-1.0,43.005308046025476,-10.302874817305467,65.85868391718472,-22.701391312899453,84.52056360217748,-40.804823214692405,58.8958254934182,-29.879037345588973,77.55770517841096,-47.98246924738193,59.197979290415674,-30.17214933538552,0.420965028954286,26.000000000000004,28.0,0.0,2.2487149919925287e-08
ring,21.0,0.32061068702290074,86.44413754711314,-34.7152055896907,0.0,-1.0,42.956389814561405,-10.526204600964913,65.65776960661995,-23.200878385197633,83.97629259223125,-41.65167011958212,58.5613112472413,-30.246464148894283,76.8798342328526,-48.69725588327877,58.76989209197639,-30.456551049951315,0.2960447175447509,26.000000000000004,28.0,0.0,2.3057758369304793e-08
ring,21.5,0.3282442748091603,85.90333515363682,-35.7015010948969,0.0,-1.0,42.906311823018,-10.749277190948366,65.45235864618574,-23.698245205718038,83.42106053495368,-42.48988569910198,58.22480461026884,-30.60928439370571,76.19350649903679,-49.40092488708966,58.346956061815845,-30.737030191784264,0.17674831269849933,26.000000000000004,28.0,0.0,2.365948859051059e-08
ring,22.0,0.33587786259541985,85.34969098075752,-36.68081262641034,0.0,-1.0,42.855075423428225,-10.972086564620179,65.24247522040379,-24.193445433147218,82.85501506273468,-43.31930333030589,57.88637602918892,-30.9674992186591,75.4989158715198,-50.093357115817774,57.929141322292146,-31.013939023828872,0.06313102088839831,26.000000000000004,28.0,0.0,2.4294074307817937e-08
ring,22.5,0.3435114503816794,84.78327593863648,-37.65296364039157,0.0,-1.0,42.80268199910039,-11.194626706451157,65.02814403220646,-24.68643301305671,82.27830656402341,-44.13975901726222,57.54609556905049,-31.321110909909386,74.79625810086745,-50.7744369141149,57.54609556905049,-31.321110909909386,0.0,26.000000000000004,28.0,0.036517500749752685,2.4963391354049236e-08
ring,23.0,0.3511450381679389,84.20416233050645,-38.61777887234999,0.0,-1.0,42.749132964580795,-11.416891608180977,64.8093902994716,-25.177162183950784,81.69108813551026,-44.95109143872177,57.204032893790455,-31.6701228901195,74.08573072982911,-51.444052144890485,57.204032893790455,-31.6701228901195,0.0,26.000000000000004,28.0,0.12031360924515866,2.5669322667454253e-08
ring,23.5,0.35877862595419846,83.61242376412639,-39.575084330185035,0.0,-1.0,42.694429765615524,-11.638875268980401,64.58623975148564,-25.66558748327202,81.09351553346283,-45.753141994903075,56.86025724701215,-32.01453970710941,73.36753302898936,-52.10209421874046,56.86025724701215,-32.01453970710941,0.0,26.000000000000004,28.0,0.1999955331491705,2.6414063825086487e-08
ring,24.0,0.366412213740458,83.00813506154614,-40.52470728323471,0.0,-1.0,42.638573879111426,-11.860571695613286,64.35871862533492,-26.151663753363813,80.48574712423239,-46.545754853379734,56.5148374330211,-32.354367022170536,72.64186593191857,-52.748458122186456,56.5148374330211,-32.354367022170536,0.0,26.000000000000004,28.0,0.27547513093908904,2.7199789087717363e-08
ring,24.5,0.37404580152671757,82.39137216716014,-41.4664762472246,0.0,-1.0,42.581566813096245,-12.08197490259839,64.12685366222644,-26.635346147388983,79.86794383394756,-47.3287769940549,56.167841798124165,-32.68961159805095,71.90893196984528,-53.38304244471687,56.167841798124165,-32.68961159805095,0.0,26.000000000000004,28.0,0.34666569677959913,2.8028942722357897e-08
ring,25.0,0.3816793893129771,81.7622120540183,-42.400220965003314,0.0,-1.0,42.52341010667788,-12.303078912370976,63.89067210373803,-27.116590135203637,79.2402690974123,-48.1020582532082,55.81933821219781,-33.02028128661682,71.16893520587207,-54.00574940462138,55.81933821219781,-33.02028128661682,0.0,26.000000000000004,28.0,0.4134820692646457,2.890403294486532e-08
ring,25.5,0.3893129770992366,81.12073262835389,-43.32577238294024,0.0,-1.0,42.46410533000287,-12.5238777554442,63.65020168799883,-27.595351509185424,78.60288880622522,-48.865451366600915,55.469394050531335,-33.346385016195576,70.42208116875773,-54.616484873611064,55.469394050531335,-33.346385016195576,0.0,26.000000000000004,28.0,0.4758407385506018,2.9827873504473246e-08
ring,26.0,0.3969465648854962,80.46701263227581,-44.24296262285242,0.0,-1.0,42.403654084213976,-12.74436547057028,63.40547064580039,-28.071586390015344,77.955971256138,-49.61881201162531,55.11807617595041,-33.667932778606726,69.66857678628801,-55.215158400216694,55.11807617595041,-33.667932778606726,0.0,26.000000000000004,28.0,0.5336599512510567,3.080334920468886e-08
ring,26.5,0.40458015267175573,79.80113154456345,-45.151624949314936,0.0,-1.0,42.34205800140695,-12.964536104901423,63.156507696639196,-28.54525123241229,77.29968709367053,-50.361998848484404,54.765450921226844,-33.98493561588588,68.90863031825818,-55.801683231957995,54.765450921226844,-33.98493561588588,0.0,26.000000000000004,28.0,0.5868598124361171,3.183367169867779e-08
ring,27.0,0.4122137404580153,79.12316947948847,-46.05159373219588,0.0,-1.0,42.27931874458649,-13.18438371415057,62.90334204469097,-29.016302830819512,76.63420926200084,-51.09487356038906,54.41158407177961,-34.297405606707926,68.14245128908948,-56.375976336277475,54.41158407177961,-34.297405606707926,0.0,26.000000000000004,28.0,0.6353623840575686,3.292217343187076e-08
ring,27.5,0.4198473282442748,78.43320708357595,-46.94270440424322,0.0,-1.0,42.21543800762132,-13.403902362751854,62.646003374717466,-29.484698325042142,75.959712946148,-51.81730089275912,54.056540848672476,-34.60535585251543,67.37025042010302,-56.937958420232405,54.056540848672476,-34.60535585251543,0.0,26.000000000000004,28.0,0.6790917791025279,3.407254922649372e-08
ring,28.0,0.42748091603053434,77.7313254302025,-47.824793413533826,0.0,-1.0,42.15041751519849,-13.623086124020883,62.3845218479064,-29.950395205835047,75.27637551746669,-52.52914869141624,53.70038589191363,-34.90880046335824,66.59223956147392,-57.48755394893943,53.70038589191363,-34.90880046335824,0.0,26.000000000000004,28.0,0.7179742507657494,3.528865732960185e-08
ring,28.5,0.4351145038167939,77.01760591191567,-48.69769817057599,0.0,-1.0,42.084259022776756,-13.841929080314733,62.118928097644904,-30.413351320440107,74.58437647747188,-53.2302879397558,53.34318324406195,-35.20775454345048,65.80863162388891,-58.02469116276617,53.34318324406195,-35.20775454345048,0.0,26.000000000000004,28.0,0.7519382759211624,3.6574775208464416e-08
ring,29.0,0.44274809160305345,76.29213013034021,-49.56125698983838,0.0,-1.0,42.01696431653925,-14.060425323191716,61.84925322522743,-30.873524878072242,73.8838974010128,-53.920592794886204,52.98499633414514,-35.50223417645123,65.01964050993051,-58.54930209326519,52.98499633414514,-35.50223417645123,0.0,26.000000000000004,28.0,0.7809146321725429,3.793540059859879e-08
ring,29.5,0.45038167938931295,75.55497978352275,-50.41530902545248,0.0,-1.0,41.94853521334521,-14.278568953570888,61.575528795498435,-31.330874455353225,73.17512187881537,-54.599940622723715,52.6258879618944,-35.79225641047512,64.22548104521134,-59.061322577845615,52.6258879618944,-35.79225641047512,0.0,26.000000000000004,28.0,0.8048364677639697,3.9375429139454354e-08
ring,30.0,0.4580152671755725,74.80623655054515,-51.25969420081336,0.0,-1.0,41.878973560680954,-14.496354081891361,61.297786832430646,-31.78535900169279,72.45823545941211,-55.268212032031926,52.265920282300215,-36.0778392428395,63.42636890928168,-59.56069227317864,52.265920282300215,-36.0778392428395,0.0,26.000000000000004,28.0,0.8236393636406376,4.090018279612195e-08
ring,30.5,0.46564885496183206,74.0459819732178,-52.09425313177293,0.0,-1.0,41.80828123660997,-14.713774828271262,61.01605981463953,-32.2369378446159,71.73342559047965,-55.92529090739447,51.905154790493924,-36.35900160455441,62.622520566334046,-60.047354667332975,51.905154790493924,-36.35900160455441,0.0,26.000000000000004,28.0,0.8372613869647232,4.2515324594205595e-08
ring,31.0,0.4732824427480916,73.27429733464322,-52.91882704308962,0.0,-1.0,41.736460149722255,-14.930825322666493,60.730380670834634,-32.68557069503571,71.00088155960324,-56.571064441111034,51.54365230695951,-36.63576334456209,61.81415319572812,-60.52125709063742,51.54365230695951,-36.63576334456209,0.0,26.000000000000004,28.0,0.8456431354101142,4.422704336093375e-08
ring,31.5,0.48091603053435117,72.49126353441466,-53.73325767776362,0.0,-1.0,41.66351223908274,-15.147499705029238,60.440782775208305,-33.13121765247133,70.26079443448818,-57.20542316400602,51.18147296307958,-36.908145213732816,61.00148462235945,-60.98235072526751,51.18147296307958,-36.908145213732816,0.0,26.000000000000004,28.0,0.8487277715859882,4.604205372515935e-08
ring,32.0,0.48854961832061067,71.69696096019055,-54.53738719884731,0.0,-1.0,41.58943947417898,-15.363792125466155,60.14729994276277,-33.573839210209655,69.51335700263867,-57.82826097514045,50.81867618702016,-37.17616884862346,60.18473324689606,-61.43059061355426,50.81867618702016,-37.17616884862346,0.0,26.000000000000004,28.0,0.8464610469694378,4.796758901193243e-08
ring,32.5,0.4961832061068702,70.89146935535847,-55.33105808327674,0.0,-1.0,41.51424385486793,-15.57969674439631,59.84996642457586,-34.01339626041054,68.75876371052398,-58.439475170417424,50.45532068995783,-37.43985675500597,59.36411797590594,-61.865935665012856,50.45532068995783,-37.43985675500597,0.0,26.000000000000004,28.0,0.8387913147615258,5.001152203476522e-08
ring,33.0,0.5038167938931297,70.07486768246883,-56.11411300722382,0.0,-1.0,41.437927411322015,-15.795207732708853,59.54881690300652,-34.44985009915458,67.99721060225284,-59.038966470072324,50.09146445265354,-37.6992322911724,58.53985815189986,-62.288348662090144,50.09146445265354,-37.6992322911724,0.0,26.000000000000004,28.0,0.8256695311219318,5.2182386411914194e-08
ring,33.5,0.5114503816793893,69.24723398208963,-56.886394722412504,0.0,-1.0,41.36049220397425,-16.010319271920398,59.24388648684028,-34.883162431432815,67.22889525777612,-59.62663904503903,49.72716471237635,-37.954319651023525,57.712173483312185,-62.69779626462974,49.72716471237635,-37.954319651023525,0.0,26.000000000000004,28.0,0.8070492442781685,5.448951867492724e-08
ring,34.0,0.5190839694656488,68.40864522669358,-57.64774592278445,0.0,-1.0,41.2819403234627,-16.22502555433208,58.93521070637601,-35.31329537607748,66.45401673063947,-60.20240054218378,49.36247795018128,-38.20514384694803,56.881283974444734,-63.09424901305434,49.36247795018128,-38.20514384694803,0.0,26.000000000000004,28.0,0.7828865710522734,5.694300142522479e-08
ring,34.5,0.5267175572519084,67.55917716915287,-58.398009100830606,0.0,-1.0,41.202273890573906,-16.439320783186396,58.62282550845396,-35.740211470633355,65.67277548530578,-60.76616210839909,48.99745987854406,-38.45173069249944,56.047409855395884,-63.47768133026517,48.99745987854406,-38.45173069249944,0.0,26.000000000000004,28.0,0.7531401603938157,5.9553912024057354e-08
ring,35.0,0.5343511450381679,66.69890418536964,-59.13702639283238,0.0,-1.0,41.12149505618578,-16.653199172823697,58.306767251426564,-36.16387367616889,64.88537333406968,-61.31783841354998,48.63216542935692,-38.694106784877775,55.210771512000036,-63.848071522258856,48.63216542935692,-38.694106784877775,0.0,26.000000000000004,28.0,0.7177711435574388,6.233432259250549e-08
ring,35.5,0.5419847328244275,65.82789911052524,-59.86463941217001,0.0,-1.0,41.03960600120941,-16.866654948838363,57.98707270007208,-36.584245382026204,64.09201337358434,-61.85734767226544,48.266648742287764,-38.932299487223226,54.37158941580002,-64.20540177746246,48.266648742287764,-38.932299487223226,0.0,26.000000000000004,28.0,0.676743070610307,6.529737817118075e-08
ring,36.0,0.549618320610687,64.94623306837713,-60.58068906976305,0.0,-1.0,40.95660893653023,-17.07968234823475,57.66377902045225,-37.00129041050977,63.29289992102243,-62.38461166456878,47.90096315350648,-39.166336910729065,53.53008405407666,-64.54965816478808,47.90096315350648,-39.166336910729065,0.0,26.000000000000004,28.0,0.6300218330025409,6.845755962103794e-08
ring,36.5,0.5572519083969466,64.05397529297359,-61.28501538060142,0.0,-1.0,40.87250610294834,-17.292275619582757,57.33692377471453,-37.41497302151258,62.48823844989278,-62.89955575533997,47.53516118478092,-39.396247896581144,52.686475859959174,-64.88083063040852,47.53516118478092,-39.396247896581144,0.0,26.000000000000004,28.0,0.577575571978894,7.18306978342298e-08
ring,37.0,0.5648854961832062,63.15119294209221,-61.97745725520686,0.0,-1.0,40.78729977111799,-17.504429023173092,57.00654491583964,-37.82525791707954,61.67823552553387,-63.40210891260467,47.16929453294536,-39.622061997731166,51.84098514263959,-65.1989129932563,47.16929453294536,-39.622061997731166,0.0,26.000000000000004,28.0,0.5193745726510564,7.543415136979092e-08
ring,37.5,0.5725190839694656,62.237950901635955,-62.657852274730395,0.0,-1.0,40.700992241486276,-17.716136831172268,56.67268078233536,-38.23211024590719,60.863098740306185,-63.89220372464408,46.80341405974425,-39.84380946051135,50.99383201771507,-65.50390293924823,46.80341405974425,-39.84380946051135,0.0,26.000000000000004,28.0,0.4553911435879705,7.928707645987743e-08
ring,38.0,0.5801526717557252,61.314311580140284,-63.326036448240274,0.0,-1.0,40.613585844231025,-17.92739332777724,56.33537009287712,-38.63549560777923,60.043036648505115,-64.36977641592068,46.43756978205349,-40.06152120609769,50.14523633768148,-65.79580201423914,46.43756978205349,-40.06152120609769,0.0,26.000000000000004,28.0,0.3855994818133439,8.341051938032251e-08
ring,38.5,0.5877862595419847,60.38033469245586,-63.98184395058361,0.0,-1.0,40.5250829391979,-18.138192809369688,55.994651940896325,-39.03538005793717,59.21825870101625,-64.83476686181507,46.07181086248175,-40.27522881182944,49.29541762260167,-66.07461561570734,46.07181086248175,-40.27522881182944,0.0,26.000000000000004,28.0,0.30997552312484444,8.782773619486761e-08
ring,39.0,0.5954198473282443,59.43607703157137,-64.62510683901087,0.0,-1.0,40.43548591583669,-18.348529584670064,55.65056578911717,-39.431730111385534,58.38897517973495,-65.28711860216974,45.70618560035401,-40.48496449239237,48.444594990971794,-66.34035298317659,45.70618560035401,-40.48496449239237,0.0,26.000000000000004,28.0,0.22849677766759058,9.256439881255574e-08
ring,39.5,0.6030534351145038,58.48159222742866,-65.25565474653281,0.0,-1.0,40.34479719313678,-18.558397974891186,55.30315146404267,-39.82451274713088,57.55539713177228,-65.72677885363579,45.340741423079244,-40.69076108087304,47.592987090808855,-66.59302718737796,45.340741423079244,-40.69076108087304,0.0,26.000000000000004,28.0,0.1411421507029047,9.764893604824465e-08
ring,40.0,0.6106870229007634,57.516930491457686,-65.87331454972778,0.0,-1.0,40.253019219561835,-18.76779231389161,54.95244915039085,-40.21369541235423,56.717736303469344,-66.15369852081926,44.97552487790429,-40.89265200969211,46.74081203098279,-66.83265511815715,44.97552487790429,-40.89265200969211,0.0,26.000000000000004,28.0,0.04789174851367051,1.0311291731568417e-07
ring,40.5,0.6183206106870229,56.54213834541635,-66.47791000843216,0.0,-1.0,40.16015447298373,-18.97670694832858,54.59849938548168,-40.599246026516056,55.87620507424218,-66.56783220622381,44.61058162405562,-41.09067129142394,45.88828731281612,-67.0592574711317,44.61330652135898,-41.146053161502124,0.05544886471940694,26.000000000000004,28.0,0.0,1.0899136526631992e-07
ring,41.0,0.6259541984732825,55.55725833296104,-67.06926137441995,0.0,-1.0,40.06620546061563,-19.185136237810664,54.24134305357592,-40.98113298539355,55.03101639027938,-66.96913821898737,44.245956425270606,-41.28485349951027,45.03562976197407,-67.27285873310409,44.25107910254484,-41.45343987266629,0.16866418421335538,26.000000000000004,28.0,0.0,1.1532331001262719e-07
ring,41.5,0.6335877862595419,54.56232871219272,-67.64718496580227,0.0,-1.0,39.97117471894428,-19.39307455505004,53.88102138016624,-41.359325165049285,54.182383698114634,-67.35757858241024,43.88169314271971,-41.47523374887559,44.183055460668115,-67.47348716623655,43.88502788073176,-41.76291856795968,0.2877041459712647,26.000000000000004,28.0,0.0,1.2215225808631658e-07
ring,42.0,0.6412213740458015,53.55738312721952,-68.2114927034473,0.0,-1.0,39.87506481366159,-19.600516286014418,53.51757592622188,-41.73379192573094,53.33052087809643,-67.73311904027317,43.51783472832102,-41.66184767645192,43.330779680195576,-67.66117479099415,43.51486660877752,-42.07439527514017,0.41255827578302945,26.000000000000004,28.0,0.0,1.29526888770215e-07
ring,42.5,0.648854961832061,52.54245025654154,-68.7619916052256,0.0,-1.0,39.777878339595254,-19.807455830078627,53.15104858238743,-42.104503115701405,52.4756421777774,-68.09572906194357,43.15442321844814,-41.84473142162062,42.47901681383811,-67.83595736786279,43.140311964664065,-42.38776563477462,0.5432175293003112,26.000000000000004,28.0,0.0,1.3750169358672792e-07
ring,43.0,0.6564885496183206,51.517553435800096,-69.29848323331208,0.0,-1.0,39.67961792063882,-20.0138876001758,52.781481563136666,-42.47142907499875,51.61796214524534,-68.44538184626924,42.79149972803263,-42.023921606579016,41.62798031014131,-67.9978743778495,42.761083786660976,-42.70291519493949,0.6796744974796133,26.000000000000004,28.0,0.0,1.4613790710882313e-07
ring,43.5,0.6641221374045801,50.48271025212691,-69.82076308911243,0.0,-1.0,39.58028620968073,-20.219806022948234,52.40891740088223,-42.83454063912563,50.757695562418306,-68.78205432425892,42.42910444506173,-42.1994553166395,40.77788260659781,-68.1469690017728,42.37690528220595,-43.019719717825474,0.8219236220329855,26.000000000000004,28.0,0.0,1.555044093493052e-07
ring,44.0,0.6717557251908397,49.43793210698168,-70.32861994960994,0.0,-1.0,39.479885888532806,-20.425205538897863,52.03339894004215,-43.19380914266735,49.895057378326236,-69.10572716054935,42.06727662547215,-42.37137008046892,39.92893506375623,-68.28328809835092,41.98750320923547,-43.33804549778272,0.9699614221075442,26.000000000000004,28.0,0.0,1.656788839454748e-07
ring,44.5,0.6793893129770993,48.383223743964294,-70.82183513802846,0.0,-1.0,39.378419667857756,-20.630080602536342,51.65496933106384,-43.54920642283836,49.03026264240128,-69.41638475365926,41.706054588440416,-42.53970385027584,39.08134789977786,-68.40688218109673,41.59260802858469,-43.65774969040038,1.1237867335766556,26.000000000000004,28.0,0.0,1.7674928898259168e-07
ring,45.0,0.6870229007633588,47.31858273762093,-71.3001817206566,0.0,-1.0,39.27589028709604,-20.83442568253478,51.2736720244067,-43.90070482295651,48.16352643779914,-69.71401523503086,41.34547571207042,-42.70449498195361,38.23533012546286,-68.51780539402795,41.1919540259392,-43.978680652281945,1.283400962514306,26.000000000000004,28.0,0.0,1.8881527807934617e-07
ring,45.5,0.6946564885496184,46.243998938731934,-71.7634236204403,0.0,-1.0,39.172300514391885,-21.038235261873066,50.889550764484,-44.24827719584458,47.29506381477373,-69.99861046685997,40.98557642947808,-42.86578221518678,37.39108947976781,-68.61611548620218,40.785279401655416,-44.30067829125773,1.4488083546412924,26.000000000000004,28.0,0.0,2.0199028227807503e-07
ring,46.0,0.7022900763358778,45.15945387093545,-72.21131463649938,0.0,-1.0,39.06765314651858,-21.24150383798884,50.50264958356502,-44.591896907158684,46.425089724127496,-70.27016603871628,40.626392225273634,-43.02360465352887,36.54883236583611,-68.70187378508646,40.37232632656888,-44.62357442687063,1.620016282786052,26.000000000000004,28.0,0.0,2.1640360614583187e-07
ring,46.5,0.7099236641221374,44.06492007281952,-72.64359735699976,0.0,-1.0,38.96195100880292,-21.444225922926048,50.11301279563827,-44.931537838643024,45.55381895075941,-70.52868126295542,40.267957632441195,-43.17800174445885,35.70876378756233,-68.77514516877125,39.95284096167165,-44.94719316108181,1.7970355546981442,26.000000000000004,28.0,0.0,2.3220319178562931e-07
ring,47.0,0.7175572519083969,42.960360378752185,-73.06000195077395,0.0,-1.0,38.85519695504896,-21.64639604348308,49.72068499023683,-45.26717439131043,44.68146604733305,-70.77415916892535,39.910306229615706,-43.32901325942436,34.871087286711926,-68.83599803703927,39.5265734392563,-45.27135125927496,1.9798807438986448,26.000000000000004,28.0,0.0,2.4955887312216873e-07
ring,47.5,0.7251908396946565,41.84572713071701,-73.46024482064549,0.0,-1.0,38.74739386746098,-21.848008741360587,49.32571102622653,-45.598781488548546,43.808245268086786,-71.00660649597009,39.55347063875671,-43.47667927387941,34.036004880616964,-68.88450428130096,39.09327780278386,-45.59585854179197,2.1685705466576635,26.000000000000004,28.0,0.0,2.686661773054766e-07
ring,48.0,0.732824427480916,40.72096131222905,-73.84402709849967,0.0,-1.0,38.638544656565614,-22.0490585733088,48.928136025557905,-45.92633457915082,42.934370502808,-71.22603368523298,39.19748252321861,-43.62104014732393,33.20371700046871,-68.9207392534061,38.65271190232604,-45.9205182864174,2.363128168668901,26.000000000000004,28.0,0.0,2.897511066635161e-07
ring,48.5,0.7404580152671756,39.58599159399127,-74.21103295863692,0.0,-1.0,38.52865226113333,-22.24954011127453,48.528005366982995,-46.24980964027222,42.06005521099366,-71.4324548702642,38.842372586216854,-43.76213650335324,32.37442243022752,-68.94478173334522,38.20463724194505,-46.2451276424473,2.563581745557003,26.000000000000004,28.0,0.0,3.1307582304407333e-07
ring,49.0,0.7480916030534351,38.44073327926459,-74.56092772170761,0.0,-1.0,38.417719648099066,-22.449447942547685,48.1253646797377,-46.56918318030894,41.185512356218894,-71.62588786643538,38.48817056968907,-43.900009209724786,31.54831824617026,-68.95671389585122,37.74881877478852,-46.569478057238726,2.7699648020272845,26.000000000000004,28.0,0.0,3.389455258684393e-07
ring,49.5,0.7557251908396947,37.285087134899854,-74.89335571637993,0.0,-1.0,38.30574981248209,-22.64877666990743,47.720259837190696,-46.884432241702086,40.31095434073556,-71.80635415916663,38.134905253550485,-44.03469935845011,30.725599757095353,-68.95662127591466,37.28502464097382,-46.893355716449676,2.9823167552701366,26.000000000000004,28.0,0.0,3.677172060179146e-07
ring,50.0,0.7633587786259542,36.11893809153105,-75.2079378596054,0.0,-1.0,38.192745777305205,-22.847520911767894,47.31273695045988,-47.19553440366454,39.43659294032251,-71.97387889096993,37.78260445534242,-44.1662482459194,29.906460445205056,-68.94459273322478,36.81302584248654,-47.2165419995563,3.2006834691958903,26.000000000000004,28.0,0.0,3.9981006949574294e-07
ring,50.5,0.7709923664122137,34.94215379346683,-75.50426890862217,0.0,-1.0,38.078710593513094,-23.045675302323446,46.902842361997244,-47.50246778483081,38.56263923940931,-72.12849084731442,37.43129503027278,-44.294697353066226,29.09109190768484,-68.92072041554984,36.33259584829018,-47.538813952691655,3.4251178672352967,26.000000000000004,28.0,0.0,4.357188032599879e-07
ring,51.0,0.7786259541984732,33.75458297518429,-75.78191432829095,0.0,-1.0,37.963647339889924,-23.243234491693617,46.49062263914296,-47.80521104582966,37.68930356649477,-72.27022244131932,37.08100287164694,-44.42008832558035,28.279683798998747,-68.88509972107002,35.8435101215949,-47.859944781409254,3.65568061284614,26.000000000000004,28.0,0.0,4.760299177064553e-07
ring,51.5,0.7862595419847328,32.55605363687151,-76.0404067054822,0.0,-1.0,37.84755912297629,-23.44019314606748,46.07612456764996,-48.10374339177871,36.81679542988206,-72.3991096972799,36.73175291168797,-44.54246295417567,27.47242377392007,-68.83782925967685,35.34554555970864,-48.179704366660474,3.892440868577966,26.000000000000004,28.0,0.0,5.214425939925604e-07
ring,52.0,0.7938931297709924,31.346370985932083,-76.27924162735812,0.0,-1.0,37.7304490769853,-23.63654594784768,45.65939514517958,-48.39804457470115,35.9453234537515,-72.5151922330333,36.38356912274414,-44.66186315492112,26.66949743131606,-68.77901081325328,34.83847983502269,-48.497859808123444,4.135477146643541,26.000000000000004,28.0,0.0,5.727949599076965e-07
ring,52.5,0.8015267175572519,30.12531510445659,-76.4978729216232,0.0,-1.0,37.612320363717934,-23.832287595794014,45.24048157476937,-48.688094895863955,35.075095314592105,-72.61851324117082,36.036474518882116,-44.77833094964193,25.871088258704848,-68.70874929494879,34.32209062337519,-48.81417600008099,4.384878266534539,26.000000000000004,28.0,0.0,6.310976345957897e-07
ring,53.0,0.8091603053435115,28.892638293964836,-76.69570713294436,0.0,-1.0,37.493176172477746,-24.027412805166527,44.81943125827421,-48.97387520803723,34.206317678013555,-72.70911946910365,35.690491157864045,-44.89190844639852,25.07737757760339,-68.62715270746494,33.79615470316925,-49.12841624637622,4.640744438434156,26.000000000000004,28.0,0.0,6.975772635087196e-07
ring,53.5,0.816793893129771,27.648062037655322,-76.87209707912386,0.0,-1.0,37.373019719984676,-24.221916307868227,44.39629178978122,-49.255366917674614,33.33919613595867,-72.7870611979898,35.34564014350615,-45.00263782005055,24.288544489683602,-68.53433210036575,33.26044690503582,-49.44034292266499,4.903188495207236,26.000000000000004,28.0,0.0,7.737328289181278e-07
ring,54.0,0.8244274809160306,26.39127350619829,-77.02633429098074,0.0,-1.0,37.25185425028829,-24.415792852587295,43.971110949000014,-49.5325519870142,32.47393514433808,-72.85239222052988,35.001941628417065,-45.11056129291346,23.50476582375513,-68.43040152642914,32.714738887312215,-49.74971819635028,5.172337300836348,26.000000000000004,28.0,0.0,8.614098163661765e-07
ring,54.5,0.8320610687022901,25.121921514675947,-77.15764008810676,0.0,-1.0,37.12968303468013,-24.609037204938847,43.54393669462867,-49.8054129360998,31.610737961106913,-72.90516981764024,34.65941481711312,-45.21572111551451,22.72621608359136,-68.31547799705496,32.15879770685838,-50.05630481738816,5.448333369659345,26.000000000000004,28.0,0.0,9.628987385212895e-07
ring,55.0,0.8396946564885496,23.839611814090176,-77.26515497425902,0.0,-1.0,37.00650937160541,-24.801644147606297,43.11481715769683,-50.07393284472225,30.749806584804606,-72.94545473401207,34.31807796950844,-45.31815954745601,21.953067396616213,-68.18968143674583,31.592384147354476,-50.35986699682656,5.731336739118263,26.000000000000004,28.0,0.0,1.0810671895455926e-06
ring,55.5,0.8473282442748091,22.543901568718326,-77.34792594477172,0.0,-1.0,36.88233658657398,-24.993608480482184,42.68380063488665,-50.33809535428051,29.89134169357773,-72.97331115256539,33.97794840477708,-45.41791883839247,21.18548946346816,-68.05313463667734,31.01525075764601,-50.660171394805275,6.021527149613512,26.000000000000004,28.0,0.0,1.2195394631930867e-06
ring,56.0,0.8549618320610687,21.23429282731651,-77.40489117477,0.0,-1.0,36.75716803207052,-25.184925020808585,42.250935581832735,-50.597884669562205,29.035542584706214,-72.98880666780737,33.6390425055846,-45.515041209128924,20.423649508458073,-67.90596320737409,30.427139540126202,-50.95698824628087,6.319106599408437,26.000000000000004,28.0,0.0,1.38294407037165e-06
ring,56.5,0.8625954198473282,19.910224737012015,-77.43486138751963,0.0,-1.0,36.63100708746405,-25.37558860331702,41.81627060640184,-50.853285560443524,28.182607114652903,-72.99201225810506,33.301375722685854,-45.60956883284778,19.66771223093692,-67.74829553050932,29.82777921240736,-51.25009266164455,6.6243023617165235,26.000000000000004,28.0,0.0,1.577259340024284e-06
ring,57.0,0.8702290076335878,18.571064166579802,-77.43649696648089,0.0,-1.0,36.503857158916674,-25.56559408036793,41.37985446195344,-51.10428336350809,27.33273163965581,-72.9830022568822,32.964962579886475,-45.70154381647054,18.917839757588848,-67.58026270984465,29.216881942925692,-51.539266151723155,6.937370577147192,26.000000000000004,28.0,0.0,1.8103046954820456e-06
ring,57.5,0.8778625954198473,17.21609428968881,-77.40827954123208,0.0,-1.0,36.37572167929162,-25.75493632208965,40.941736040582256,-51.3508639835847,26.4861109568834,-72.96185432275094,32.629816679364474,-45.79100818216207,18.17419159566562,-67.4019985213283,28.594139430077586,-51.82429844400494,7.258600570637553,26.000000000000004,28.0,0.0,2.092450394286516e-06
ring,58.0,0.8854961832061069,15.844500511428834,-77.34847629743861,0.0,-1.0,36.24660410806057,-25.9436102165169,40.501964366343365,-51.59301389520361,25.642938246171422,-72.92864940858938,32.29595070734884,-45.87800384898363,17.436924587176897,-67.2136393623694,27.959218151049093,-52.10498968183271,7.588320092574723,26.000000000000004,28.0,0.0,2.4376642215884203e-06
ring,58.5,0.8931297709923665,14.455352875240038,-77.25509455616205,0.0,-1.0,36.11650793121026,-26.1316106697288,40.060588588461336,-51.83072014397125,24.803405012361125,-72.88347172957587,31.963376440151862,-45.96257261470194,16.70619286405165,-67.01532420030657,27.311753544443686,-52.38115313480906,7.926901756485637,26.000000000000004,28.0,0.0,2.8650883052705467e-06
ring,59.0,0.9007633587786259,13.047583716432058,-77.12582310950103,0.0,-1.0,35.985436661148334,-26.318932605986408,39.61765797452402,-52.063970347863176,23.96770102825741,-72.82640873019201,31.632104750551395,-46.04475613776063,15.982147804284782,-66.80719452008947,26.65134280002987,-52.65261860344114,8.274771052609994,26.000000000000004,28.0,0.0,3.4014742169574674e-06
ring,59.5,0.9083969465648855,11.619958754725303,-76.95795517069268,0.0,-1.0,35.85339383660854,-26.50557096786976,39.173221903662046,-52.29275269843512,23.13601427822552,-72.7575510502059,31.302145614519436,-46.124595919421076,15.26493798908291,-66.58939427119185,25.97753579251633,-52.91923678547307,8.63241647832145,26.000000000000004,28.0,0.0,4.085048793456281e-06
ring,60.0,0.916030534351145,10.171038904290256,-76.74828521847729,0.0,-1.0,35.7203830225552,-26.691520716414402,38.727329859715354,-52.51705596195176,22.308530902445533,-72.67699248964836,30.973508118293587,-46.202133286078755,14.554709161023766,-66.36206981377535,25.289823484933756,-53.18088500538429,9.000402578285074,26.000000000000004,28.0,0.0,4.971847602064372e-06
ring,60.5,0.9236641221374046,8.699128574653116,-76.49296780185286,0.0,-1.0,35.586407810086925,-26.87677683124744,38.28003142438711,-52.736869480433455,21.485435141841723,-72.58482997279418,30.646200465786826,-46.277409371762154,13.85160418324144,-66.12536986412287,24.58762278820228,-53.43747492865636,9.379387093747031,26.000000000000004,28.0,0.0,6.146473957358012e-06
ring,61.0,0.9312977099236641,7.20220366134275,-76.18731922753346,0.0,-1.0,35.451471816339705,-27.061334310723065,37.831376270386734,-52.95218317262034,20.666909283705888,-72.48116351116191,30.320229986332283,-46.35046510082001,13.155762999651436,-65.87944543936159,23.870256297419772,-53.68896325824171,9.770144103038877,26.000000000000004,28.0,0.0,7.741158491114675e-06
ring,61.5,0.9389312977099237,5.6778078242679655,-75.82553041277474,0.0,-1.0,35.31557868438921,-27.245188172057645,37.381414154562364,-53.16298753485414,19.85313360803168,-72.366096165545,29.995603142758185,-46.42134117080388,12.4673225962275,-65.62444980149473,23.13692433529331,-53.93536708185274,10.173596236134076,26.000000000000004,28.0,0.0,9.971228521976627e-06
ring,62.0,0.9465648854961832,4.122881895183717,-75.40020675878093,0.0,-1.0,35.178732083152454,-27.428333451464173,36.930194911024294,-53.36927364187714,19.044286334577883,-72.23973400708817,29.67232553978928,-46.4900780355516,11.78641696334287,-65.36053840076264,22.386673212504046,-54.17677803679128,10.590849198394572,26.000000000000004,28.0,0.0,2.2502888441522373e-11
ring,62.5,0.9541984732824428,2.533572796800371,-74.90179234560223,0.0,-1.0,35.04093570728873,-27.610765204286352,36.477768444260015,-53.57103314754856,18.240543570677623,-72.10218607742283,29.350401932769913,-46.55671588847841,11.113177059187521,-65.08786881835267,21.618305309483866,-54.413430163150416,11.023306100515688,26.000000000000004,28.0,0.0,3.594635700210347e-11
ring,63.0,0.9618320610687023,0.9047499638505272,-74.31730528309727,0.0,-1.0,34.90219327709989,-27.792478505132053,36.02418472224214,-53.76825828547797,17.442079259810797,-71.95356434787568,29.029836236704554,-46.621294646081296,10.447730774273213,-64.80660070847901,20.830324833791757,-54.645714953325594,11.472720188072731,26.000000000000004,28.0,0.0,7.551648195658345e-11
ring,63.5,0.9694656488549618,-0.7706853224415937,-73.62841862038974,0.0,-1.0,34.76250853842984,-27.973468448006315,35.56949376952986,-53.96094186957592,16.649065130955925,-71.79398367776533,28.71063153561086,-46.68385393166287,9.790202897036924,-64.51689573985227,20.02074724455952,-54.874316887386215,11.94143092015933,26.000000000000004,28.0,0.0,2.1047696918685688e-10
ring,64.0,0.9770992366412213,-2.50327647604918,-72.8075093086276,0.0,-1.0,34.62188526256348,-28.15373014644378,35.11374566036539,-54.14907729452153,15.861670648738553,-71.62356177180136,28.39279009218084,-46.74443305928044,9.140715080554003,-64.21891753656027,19.186790505775434,-55.100420493015875,12.432737203755295,26.000000000000004,28.0,0.0,7.564295856354875e-10
ring,64.5,0.9847328244274809,-4.3103566521603085,-71.8088495822714,0.0,-1.0,34.480327246124816,-28.333258733640644,34.65699051176596,-54.33265853614711,15.080062964391711,-71.44241913660143,28.076313357745068,-46.80307101792624,8.499385810370818,-63.912831618380565,18.324179918811506,-55.32619948535617,12.95174990042197,26.000000000000004,28.0,0.0,3.940648696243443e-09
ring,65.0,0.9923664122137404,-6.2254688202861175,-70.54433580301037,0.0,-1.0,34.337838310974526,-28.512049362586023,34.19927847661274,-54.51168015173958,14.304406867544792,-71.25067903634144,27.761201982535106,-46.85980645594422,7.8663303734671555,-63.59880534054607,17.42523713493513,-55.55620357048511,13.50775673843061,26.000000000000004,28.0,0.0,3.799871706178237e-08
ring,65.5,1.0,-8.33738719227707,-68.78547914672856,0.0,-1.0,34.19442230410672,-28.690097206192846,33.740659736737356,-54.68613728025902,13.534864738856115,-71.0484674475548,27.447455826238983,-46.91467766568931,7.241660828357741,-63.27700783298509,16.47107497596499,-55.80317562050863,14.12396305797664,26.000000000000004,28.0,0.0,1.3302346104637763e-06
little,0.0,0.0,96.932098,10.514118,0.0,-1.0,34.0,-1.0,57.0,-1.0,80.0,-1.0,57.0,-11.0,80.0,-11.0,79.01164246220532,-11.0,22.011642462205312,22.999999999999996,28.0,0.0,1.0075033500811514e-06
little,0.5,0.007633587786259542,96.96557307365546,9.407318575703611,0.0,-1.0,33.99872507374635,-1.2944373614393214,56.99629983025596,-1.6284363416054677,79.99212567188638,-2.066607382869641,56.80579068188023,-11.626621490140433,79.80161652351066,-12.064792531404606,78.9760273226919,-12.04906144689081,22.174260939806942,22.999999999999996,28.0,0.0,1.3495174755462358e-08
little,1.0,0.015267175572519083,96.98537435857926,8.2993211615695,0.0,-1.0,33.994900390599334,-1.5888526413538102,56.985199928099156,-2.256780164394586,79.96850480971634,-3.132963203851698,56.604250780509105,-12.249521417271618,79.58755566212629,-13.12570445672873,78.92868740438315,-13.100586694263988,22.34065313904388,22.999999999999996,28.0,0.0,1.355390111257293e-08
little,1.5,0.022900763358778626,96.99146090768079,7.190322661432499,0.0,-1.0,33.9885262373936,-1.8832237598746522,56.966702114640555,-2.884938966061595,79.92914377933732,-4.198815975297086,56.39545124105991,-12.868609255060193,79.35789290575667,-14.182486264295685,78.86975673729467,-14.154555833443265,22.511065415491615,22.999999999999996,28.0,0.0,1.3615867544558569e-08
little,2.0,0.030534351145038167,96.9837948683872,6.080520042034133,0.0,-1.0,33.979603092162975,-2.1775286404449465,56.94080942468164,-3.5128202773186636,79.87405318827882,-5.263914358009517,56.179464172207354,-13.483795826708747,79.11270793580454,-15.2348899073996,78.79938894352777,-15.210966077068422,22.68576896942052,22.999999999999996,28.0,0.0,1.3681393795650365e-08
little,2.5,0.03816793893129771,96.96234155506866,4.970111109580557,0.0,-1.0,33.968131624104664,-2.4717452114753504,56.90752610613943,-4.140331678396702,79.80324788242856,-6.328007235411366,55.95636282048088,-14.094993320261544,78.85208459677001,-16.28266887727621,78.71776104587585,-16.26983432452029,22.865064674494544,22.999999999999996,28.0,0.0,1.3750785399224696e-08
little,3.0,0.04580152671755725,96.9270694623122,3.859294427920452,0.0,-1.0,33.95411269352899,-2.7658514079993552,56.8668576192415,-4.767380815536423,79.71674694138085,-7.390843787636965,55.726221544415175,-14.702115303423092,78.57611086655453,-17.325578275523632,78.57611086655453,-17.325578275523632,23.000000000000014,22.999999999999996,28.0,0.027781090274391573,1.3824354994085297e-08
little,3.5,0.05343511450381679,96.87795027488391,2.7482692367350645,0.0,-1.0,33.93754735179495,-3.0598251733280595,56.81881063549146,-5.393875417466369,79.61457367245856,-8.452173565529113,55.48911578850766,-15.305076737886852,78.28487882547476,-18.363374885949597,78.28487882547476,-18.363374885949597,22.99999999999999,22.999999999999996,28.0,0.1319004598999598,1.3902443640745332e-08
little,4.0,0.061068702290076333,96.81495887438535,1.6372353698741113,0.0,-1.0,33.91843684123128,-3.3536444607043276,56.76339303640477,-6.019723311864675,79.4967556034108,-9.511746564514716,55.24512205699171,-15.903793993171648,77.97848462399774,-19.39581724582169,77.97848462399774,-19.39581724582169,22.999999999999996,22.999999999999996,28.0,0.23476694644642393,1.3985385294290609e-08
little,4.5,0.06870229007633588,96.7380733426146,0.5263931739692324,0.0,-1.0,33.89678259504341,-3.647287234956202,56.70061391201556,-6.644832441801315,79.36332447378855,-10.569313298335453,54.9943178874355,-16.498184859963487,77.6570284492085,-20.422665716497626,77.6570284492085,-20.422665716497626,23.000000000000007,22.999999999999996,28.0,0.33636078645999135,1.4073528120661649e-08
little,5.0,0.07633587786259542,96.6472749616471,-0.5840565725445077,0.0,-1.0,33.872586237205844,-3.9407314741494393,56.63048355915427,-7.269110882157571,79.21431622500128,-11.62462487260941,54.73678182417521,-17.088168562960618,77.32061449002222,-21.443682553412458,77.32061449002222,-21.443682553412458,23.000000000000007,22.999999999999996,28.0,0.4366629731262357,1.4167198969516903e-08
little,5.5,0.08396946564885496,96.54254821065615,-1.6939127398692788,0.0,-1.0,33.84584958234046,-4.233955171239069,56.5530134794969,-7.892466856019541,79.04977098905798,-12.677433058199767,54.472593391592454,-17.673665773220012,76.96935090115353,-22.458631975400237,76.96935090115353,-22.458631975400237,22.999999999999996,22.999999999999996,28.0,0.535655202695974,1.4266788639361039e-08
little,6.0,0.0916030534351145,96.42388075949677,-2.802973926618488,0.0,-1.0,33.816574635580395,-4.526936335719821,56.468216377385986,-8.51480875104237,78.8697330759962,-13.727490364366554,54.20183306724503,-18.25459862000333,76.60334976585524,-23.467280233327514,76.60334976585524,-23.467280233327514,23.000000000000004,22.999999999999996,28.0,0.6333198216238749,1.4372652401561936e-08
little,6.5,0.09923664122137404,96.29126345908182,-3.911038538798436,0.0,-1.0,33.78476359241965,-4.819652995275315,56.37610615742388,-9.136045135782046,78.67425096000332,-14.774550111677648,53.924582254860574,-18.830890702120932,76.22272705744001,-24.469395678016536,76.22272705744001,-24.469395678016536,22.999999999999996,22.999999999999996,28.0,0.7296397744152401,1.448518816005162e-08
little,7.0,0.10687022900763359,96.14469032858239,-5.017904867871522,0.0,-1.0,33.75041883854847,-5.112083197425897,56.27669792183872,-9.756084775991528,78.4633772642349,-15.818366504655327,53.64092325720228,-19.402467098772476,75.82760259959846,-25.464748827436274,75.82760259959846,-25.464748827436274,23.00000000000001,22.999999999999996,28.0,0.8245985521744714,1.460475829162533e-08
little,7.5,0.11450381679389313,95.98415853948939,-6.12337116777893,0.0,-1.0,33.71354294967441,-5.404205011174973,56.170007967623775,-10.37483665087796,78.23716874433492,-16.85869470413461,53.35093924881654,-19.969254379882805,75.41810002552768,-26.453112433139456,75.41810002552768,-26.453112433139456,22.999999999999996,22.999999999999996,28.0,0.9181801418450135,1.4731817543633952e-08
little,8.0,0.12213740458015267,95.80966839657577,-7.227235730801637,0.0,-1.0,33.67413869132917,-5.695996528653742,56.05605378345052,-10.992209969317795,77.9956862706637,-17.89529089930989,53.05471424867135,-20.531180615932215,74.99434673588452,-27.434261545924315,74.99434673588452,-27.434261545924315,23.0,22.999999999999996,28.0,1.010368976127772,1.486673539830008e-08
little,8.5,0.1297709923664122,95.62122331580369,-8.329296962141193,0.0,-1.0,33.63220901866117,-5.9874358667641925,55.93485404635627,-11.60811418602664,77.73899480923912,-18.927912379446376,52.752333092695515,-21.08817538728005,74.55647385557836,-28.407973580699785,74.55647385557836,-28.407973580699785,23.000000000000004,22.999999999999996,28.0,1.101149884063254,1.500999502468403e-08
little,9.0,0.13740458015267176,95.41882979922266,-9.42935345310453,0.0,-1.0,33.587757076214,-6.278501168820235,55.806428618207036,-12.222459017680613,77.46716340139808,-19.95631760523297,52.443881406227746,-21.64016979298107,74.10461618941879,-29.374028380533428,74.10461618941879,-29.374028380533428,22.999999999999996,22.999999999999996,28.0,1.190508042258525,1.516197301043576e-08
little,9.5,0.1450381679389313,95.20249740690917,-10.527204052779679,0.0,-1.0,33.54078619769048,-6.569170606186859,55.67079854193602,-12.835154458986024,77.18026514218428,-20.980266279753405,52.12944557638499,-22.187096459093965,73.63891217663324,-30.332208279861344,73.63891217663324,-30.332208279861344,22.99999999999999,22.999999999999996,28.0,1.2784289267388296,1.5323223578889156e-08
little,10.0,0.15267175572519084,94.97223872599955,-11.622647938090692,0.0,-1.0,33.49129990570276,-6.859422379917198,55.52798603755906,-13.44611079869429,76.87837715747023,-21.99951941905254,51.80911272435982,-22.728889546481753,73.15950384427099,-31.28229816684,73.15950384427099,-31.28229816684,23.000000000000007,22.999999999999996,28.0,1.3648982654008286,1.5494180161113036e-08
little,10.5,0.16030534351145037,94.72806933687167,-12.715484682125437,0.0,-1.0,33.43930191150805,-7.149234722387336,55.378014497967186,-14.055238635558801,76.56158057982063,-23.013839422274778,51.48297067765589,-23.26548475810378,72.66653675950934,-32.22408554481976,72.66653675950934,-32.22408554481976,23.0,22.999999999999996,28.0,1.4499019910412763,1.5675389875013934e-08
little,11.0,0.16793893129770993,94.4700077765319,-13.805514320629689,0.0,-1.0,33.38479611473036,-7.438585898928803,55.22090848449773,-14.662448894230726,76.2299605231058,-24.022990141351944,51.15110794227111,-23.796819345799456,72.16015998087919,-33.157360592920675,72.16015998087919,-33.157360592920675,22.999999999999996,22.999999999999996,28.0,1.5334261949333055,1.586732878422481e-08
little,11.5,0.17557251908396945,94.19807549926682,-14.892537416566244,0.0,-1.0,33.32778660306799,-7.727454209458567,55.05669372228445,-15.267652841090527,75.88360605587292,-25.026736950217817,50.813613674837804,-24.322832116563774,71.64052600842626,-34.08191622569106,71.64052600842626,-34.08191622569106,22.999999999999996,22.999999999999996,28.0,1.6154570809199171,1.607057242836163e-08
little,12.0,0.183206106870229,93.91229683461947,-15.976355122639722,0.0,-1.0,33.26827765198701,-8.015817990106456,54.885397095387845,-15.870762100012136,75.52261017348454,-26.024846813526928,50.47057765472924,-24.843463438315048,71.10779073282593,-34.99754815182984,71.10779073282593,-34.99754815182984,22.999999999999996,22.999999999999996,28.0,1.6959809199906566,1.628571766332243e-08
little,12.5,0.19083969465648856,93.61269894275216,-17.056769241690265,0.0,-1.0,33.20627372440061,-8.303655614839851,54.70704664170658,-16.47168866805665,75.1470697690337,-27.017088354855268,50.122090256141966,-25.3586552451554,70.5621133834691,-35.90405493195402,70.5621133834691,-35.90405493195402,23.00000000000001,22.999999999999996,28.0,1.774984005306365,1.651330450158639e-08
little,13.0,0.1984732824427481,93.29931176725853,-18.133582284862534,0.0,-1.0,33.14177947033437,-8.590945497085537,54.52167154767104,-17.070344931092443,74.757085603045,-28.00323192436069,49.768242420163105,-25.8683510421246,70.00365647553707,-36.80123803539285,70.00365647553707,-36.80123803539285,23.000000000000004,22.999999999999996,28.0,1.852452607633726,1.6754064802171342e-08
little,13.5,0.20610687022900764,92.97216798548709,-19.206597527459895,0.0,-1.0,33.074799726577574,-8.877666091348623,54.32930214272009,-17.6666436793387,74.3527622719721,-28.983049665881218,49.40912562683204,-26.37249590944827,69.43258575608405,-37.68890189599078,69.43258575608405,-37.68890189599078,23.000000000000007,22.999999999999996,28.0,1.9283729311475142,1.700858121012061e-08
little,14.0,0.21374045801526717,92.63130295644052,-20.275619062394945,0.0,-1.0,33.00533951632045,-9.163795894828331,54.129969893562176,-18.26049812282919,73.93420817550209,-29.956315583449264,49.04483186720562,-26.871036506281328,68.84907014914553,-38.566853966901405,68.84907014914553,-38.566853966901405,22.999999999999993,22.999999999999996,28.0,2.0027310695578784,1.727757847902467e-08
little,14.5,0.22137404580152673,92.27675466631314,-21.34045185115123,0.0,-1.0,32.93340404877743,-9.449313449030644,53.923707398221914,-18.851821906793376,73.50153548267778,-30.922805607200367,48.67545361543627,-27.3639210739481,68.25328169989213,-39.43490477435509,68.25328169989213,-39.43490477435509,22.999999999999996,22.999999999999996,28.0,2.0755129625148996,1.7561774257046636e-08
little,15.0,0.22900763358778625,91.90856367172955,-22.400901772172695,0.0,-1.0,32.85899871879654,-9.734197341377572,53.71054837987337,-19.440529126951695,73.05486009684893,-31.882297658654984,48.30108380087194,-27.851099438680198,67.64539551784749,-40.29286797038348,67.64539551784749,-40.29286797038348,22.99999999999999,22.999999999999996,28.0,2.146704352241791,1.7861964352050563e-08
little,15.5,0.2366412213740458,91.52677304074581,-23.456775666601196,0.0,-1.0,32.782129106454754,-10.018426206813023,53.49052768046133,-20.02653434472214,72.59430161946464,-32.834571715352254,47.92181578018736,-28.33252301385402,67.02558971919068,-41.14056038448413,67.02558971919068,-41.14056038448413,22.999999999999996,22.999999999999996,28.0,2.216290740342064,1.8178958782755217e-08
little,16.0,0.24427480916030533,91.13142829167441,-24.50788138128144,0.0,-1.0,32.70280097663953,-10.301978729405084,53.26368125411166,-20.609752602335057,72.11998331271857,-33.77940987481473,47.53774330955528,-28.808144801729362,66.3940453681622,-41.97780207420904,66.3940453681622,-41.97780207420904,23.000000000000004,22.999999999999996,28.0,2.2842573447270382,1.8513560462452006e-08
little,16.5,0.25190839694656486,90.72257732979133,-25.554027808958853,0.0,-1.0,32.62102027861648,-10.584833643944615,53.03004616033245,-21.190099437853203,71.6320320610597,-34.71659641782345,47.14896051686712,-29.27791939469114,65.75094641759438,-42.80441637466139,65.75094641759438,-42.80441637466139,23.000000000000004,22.999999999999996,28.0,2.350589056601713,1.8866735729261563e-08
little,17.0,0.2595419847328244,90.30027038198278,-26.595024925592597,0.0,-1.0,32.53679314558318,-10.866969737540051,52.789660557006926,-21.767490900094167,71.13057833158163,-35.645917870982814,46.75556187401186,-29.741802975996215,65.09647964858657,-43.62022994688486,65.09647964858657,-43.62022994688486,22.999999999999996,22.999999999999996,28.0,2.4152703974477987,1.9239422499595094e-08
little,17.5,0.26717557251908397,89.86455992938585,-27.63068382471242,0.0,-1.0,32.45012589420924,-11.148365851208291,52.54256369317977,-22.34184356345216,70.61575613330328,-36.567163068555104,46.35764216922197,-30.199753320027597,64.43083460934548,-44.42507282513054,64.43083460934548,-44.42507282513054,23.0,22.999999999999996,28.0,2.4782854759356105,1.9632601322427945e-08
little,18.0,0.2748091603053435,89.41550063807586,-28.660816748743898,0.0,-1.0,32.36102502416255,-11.42900088146151,52.288795901638295,-22.91307454261631,70.08770297535504,-37.48012321354467,45.95529647949553,-30.651729792058376,63.75420355321228,-45.218778462986734,63.75420355321228,-45.218778462986734,22.999999999999996,22.999999999999996,28.0,2.539617944695369,2.0047409066137334e-08
little,18.5,0.2824427480916031,88.95314928784828,-29.685237117232035,0.0,-1.0,32.26949721762184,-11.708853781889838,52.028398591289886,-23.481101507182537,69.54655982408413,-38.38459193801198,45.54862014310317,-31.09769334752786,63.06678137589741,-46.0011837783573,63.06678137589741,-46.0011837783573,22.999999999999996,22.999999999999996,28.0,2.5992509568708897,2.0484890228544828e-08
little,19.0,0.2900763358778626,88.47756469914202,-30.70375955188949,0.0,-1.0,32.17554933877555,-11.987903564739748,51.7614142393373,-24.045842696156164,68.99247105909342,-39.28036536259819,45.13770873218859,-31.53760653083274,62.36876555194471,-46.772129197274765,62.36876555194471,-46.772129197274765,22.999999999999996,22.999999999999996,28.0,2.657167122378251,2.0946295364865364e-08
little,19.5,0.29770992366412213,87.9888076581444,-31.716199898398276,0.0,-1.0,32.07918843330704,-12.266129302488057,51.48788638325347,-24.607216932342453,68.4255844282288,-40.167242155241,44.72265802547149,-31.971433473636075,61.660356070446824,-47.53145869653462,61.660356070446824,-47.53145869653462,23.000000000000004,22.999999999999996,28.0,2.7133484637830385,2.143291055745067e-08
little,20.0,0.3053435114503817,87.48694084011572,-32.72237524489213,0.0,-1.0,31.980421727866204,-12.54351012941138,51.207859612557314,-25.165143636622133,67.84605100152959,-41.04502358906285,44.303563981061345,-32.399139892697036,60.94175537003362,-48.27901984513775,60.94175537003362,-48.27901984513775,22.999999999999996,22.999999999999996,28.0,2.7677763717076154,2.194604320493454e-08
little,20.5,0.31297709923664124,86.97202873096643,-33.72210393704488,0.0,-1.0,31.879256629527507,-12.82002524315098,50.92137956039227,-25.719542842109266,67.25402512415795,-41.91351359941291,43.88052270939068,-32.820693087224775,60.21316827315636,-49.014663844528414,60.21316827315636,-49.014663844528414,23.000000000000004,22.999999999999996,28.0,2.820431559673594,2.2487149919925287e-08
little,21.0,0.32061068702290074,86.44413754711314,-34.7152055896907,0.0,-1.0,31.775700725234465,-13.095653906272855,50.628492894909286,-26.270335208188584,66.64966436832249,-42.77251884004443,43.453630446276314,-33.236061935759544,59.47480191968952,-49.73824556761539,59.47480191968952,-49.73824556761539,23.0,22.999999999999996,28.0,2.871294018277638,2.3057758369304793e-08
little,21.5,0.3282442748091603,85.90333515363682,-35.7015010948969,0.0,-1.0,31.669761781230672,-13.370375447822955,50.32924731045597,-26.81744203442956,66.0331294842127,-43.6218487384095,43.02298352611687,-33.645216892584656,58.72686569987359,-50.44962359656459,58.72686569987359,-50.44962359656459,23.0,22.999999999999996,28.0,2.9203429685946816,2.365948859051059e-08
little,22.0,0.33587786259541985,85.34969098075752,-36.68081262641034,0.0,-1.0,31.561447742477366,-13.644169264877409,50.02369151857367,-27.360785274374546,65.40458434995996,-44.46131555005342,42.58867835523503,-34.048129983672936,57.96957118662132,-51.14866025935181,57.96957118662132,-51.14866025935181,22.999999999999996,22.999999999999996,28.0,2.9675568146933173,2.4294074307817937e-08
little,22.5,0.3435114503816794,84.78327593863648,-37.65296364039157,0.0,-1.0,31.450766732057577,-13.917014824087664,49.711875238804375,-27.900287549198183,64.76419592064252,-45.29073441209127,42.1508113853726,-34.44477480217129,57.203132067210746,-51.835221665064374,57.203132067210746,-51.835221665064374,23.000000000000007,22.999999999999996,28.0,3.012913095143748,2.4963391354049236e-08
little,23.0,0.3511450381679389,84.20416233050645,-38.61777887234999,0.0,-1.0,31.33772705056695,-14.188891663220385,49.393849189309165,-28.4358721612355,64.11213417635084,-46.10992339574945,41.70947908734658,-34.83512650342753,56.42776407438825,-52.50917773794148,56.42776407438825,-52.50917773794148,23.000000000000004,22.999999999999996,28.0,3.0563884333874647,2.5669322667454253e-08
little,23.5,0.35877862595419846,83.61242376412639,-39.575084330185035,0.0,-1.0,31.22233717549124,-14.45977939269205,49.0696650773003,-28.96746310737607,63.4485720693312,-46.918703557955666,41.26477792487439,-35.219161799563416,55.643684916905286,-53.17040225014301,55.643684916905286,-53.17040225014301,23.000000000000004,22.999999999999996,28.0,3.0979584868329475,2.6414063825086487e-08
little,24.0,0.366412213740458,83.00813506154614,-40.52470728323471,0.0,-1.0,31.104605760570507,-14.729657697098062,48.7393755892886,-29.494985092321443,62.773685470224706,-47.716898991960505,40.81680432857596,-35.59685895359801,54.85111420951207,-53.81877285323707,54.85111420951207,-53.81877285323707,23.000000000000004,22.999999999999996,28.0,3.1375978945294314,2.7199789087717363e-08
little,24.5,0.37404580152671757,82.39137216716014,-41.4664762472246,0.0,-1.0,30.984541635150148,-14.998506336736327,48.40303438114843,-30.018363541703525,62.08765311342011,-48.50433687697476,40.365654670160936,-35.96819777312599,54.050273402432616,-54.45417110839723,54.050273402432616,-54.45417110839723,23.000000000000004,22.999999999999996,28.0,3.175280223262952,2.8028942722357897e-08
little,25.0,0.3816793893129771,81.7622120540183,-42.400220965003314,0.0,-1.0,30.862153803518726,-15.266305149125145,48.06069606800202,-30.537524615061123,61.390656541538334,-49.28084752680651,39.91142523680837,-36.333159603555174,53.24138571034469,-55.07648251530056,53.24138571034469,-55.07648251530056,23.000000000000004,22.999999999999996,28.0,3.210977911906756,2.890403294486532e-08
little,25.5,0.3893129770992366,81.12073262835389,-43.32577238294024,0.0,-1.0,30.737451444232697,-15.533034050515303,47.71241621392524,-31.052395218672224,60.68288004906734,-50.046264437482556,39.45421220574683,-36.69172732090792,52.42467604088894,-55.685596539718254,52.42467604088894,-55.685596539718254,23.0,22.999999999999996,28.0,3.2446622138480485,2.9827873504473246e-08
little,26.0,0.3969465648854962,80.46701263227581,-44.24296262285242,0.0,-1.0,30.610443909428046,-15.79867303739627,47.358251321477034,-31.562903018239517,59.964510625166255,-50.80042433383912,38.99411161904243,-37.04388532419135,51.60037092273164,-56.28140663979095,51.60037092273164,-56.28140663979095,22.999999999999996,22.999999999999996,28.0,3.276303137298026,3.080334920468886e-08
little,26.5,0.40458015267175573,79.80113154456345,-45.151624949314936,0.0,-1.0,30.481140724118923,-16.06320218799638,46.99825882105441,-32.068976451426636,59.23573789565756,-51.54316721506686,38.53121935860214,-37.389619527341054,50.76869843320529,-56.86381029098127,50.76869843320529,-56.86381029098127,22.999999999999996,22.999999999999996,28.0,3.3058693832806583,3.183367169867779e-08
little,27.0,0.4122137404580153,79.12316947948847,-46.05159373219588,0.0,-1.0,30.3495515854833,-16.326601663776874,46.63249706007531,-32.570544740242745,58.49675406422702,-52.27433639919603,38.06563112139997,-37.72891735074349,49.92988812555168,-57.43270900969677,49.92988812555168,-57.43270900969677,23.0,22.999999999999996,28.0,3.3333282810792007,3.292217343187076e-08
little,27.5,0.4198473282442748,78.43320708357595,-46.94270440424322,0.0,-1.0,30.21568636213575,-16.58885171091969,46.26102529199153,-33.067537903272964,57.747753852850686,-52.99377856650753,37.597442394933026,-38.06176771234216,49.08417095579218,-57.988008375576726,49.08417095579218,-57.988008375576726,23.000000000000004,22.999999999999996,28.0,3.3586457209030733,3.407254922649372e-08
little,28.0,0.42748091603053434,77.7313254302025,-47.824793413533826,0.0,-1.0,30.0795550933873,-16.849932661808953,45.883903665133744,-33.55988676775239,56.98893444146893,-53.70134380185616,37.12674843291471,-38.3881610183329,48.23177920924989,-58.529618052436675,48.23177920924989,-58.529618052436675,23.0,22.999999999999996,28.0,3.3817860835195432,3.528865732960185e-08
little,28.5,0.4351145038167939,77.01760591191567,-48.69769817057599,0.0,-1.0,29.941167988492577,-17.10982493650591,45.501193211391126,-34.04752298148124,56.220495406927604,-54.39688563589297,36.65364423121211,-38.70808915345362,47.37294642674859,-59.057451807865355,47.37294642674859,-59.057451807865355,23.000000000000004,22.999999999999996,28.0,3.402712166576258,3.6574775208464416e-08
little,29.0,0.44274809160305345,76.29213013034021,-49.56125698983838,0.0,-1.0,29.80053542588411,-17.368509044217376,45.112955834727615,-34.53037902457887,55.442638661206644,-55.08026108517339,36.17822450403435,-39.0215454708741,46.507907330513376,-59.571427531468615,46.507907330513376,-59.571427531468615,23.0,22.999999999999996,28.0,3.421385107315789,3.793540059859879e-08
little,29.5,0.45038167938931295,75.55497978352275,-50.41530902545248,0.0,-1.0,29.657667952394043,-17.625965584757456,44.7192542995374,-35.00838822107444,54.655568388956766,-55.75133069113895,35.70058366037891,-39.328524781691556,45.63689774979828,-60.071467251756076,45.63689774979828,-60.071467251756076,23.000000000000004,22.999999999999996,28.0,3.43776430136338,3.9375429139454354e-08
little,30.0,0.4580152671755725,74.80623655054515,-51.25969420081336,0.0,-1.0,29.512576282463115,-17.882175250002458,44.32015221884168,-35.4814847503318,53.85949098436496,-56.409958557960124,35.220815780742406,-39.62902334403758,44.76015454626569,-60.5574971516659,44.76015454626569,-60.5574971516659,23.0,22.999999999999996,28.0,3.4518073172396306,4.090018279612195e-08
little,30.5,0.46564885496183206,74.0459819732178,-52.09425313177293,0.0,-1.0,29.365271297337163,-18.137118825338938,43.915714042329355,-35.94960365830663,53.05461498736973,-57.05601238922862,34.7390145941024,-39.923038851802445,43.877915539142776,-61.02944758272444,43.877915539142776,-61.02944758272444,23.0,22.999999999999996,28.0,3.463469806222566,4.2515324594205595e-08
little,31.0,0.4732824427480916,73.27429733464322,-52.91882704308962,0.0,-1.0,29.215764044251063,-18.390777191104682,43.50600504424387,-36.412680868633444,52.24115101924755,-57.68936352348772,34.25527345517679,-40.210570422982876,42.990419430180474,-61.48725307783715,42.990419430180474,-61.48725307783715,22.999999999999996,22.999999999999996,28.0,3.472705407151551,4.422704336093375e-08
little,31.5,0.48091603053435117,72.49126353441466,-53.73325767776362,0.0,-1.0,29.064065735600224,-18.643131324022647,43.09109131111875,-36.870653193540434,51.41931171759175,-58.30988696858955,33.76968532196696,-40.491618587659126,42.097905728439954,-61.930852362708244,42.097905728439954,-61.930852362708244,23.0,22.999999999999996,28.0,3.4794656457290536,4.604205372515935e-08
little,32.0,0.48854961832061067,71.69696096019055,-54.53738719884731,0.0,-1.0,28.910187748099727,-18.89416229862757,42.67103972936427,-37.32345834459004,50.589311670705406,-58.91746143486882,33.28234273359088,-40.766185275607924,41.20061467493203,-62.36018836588671,41.20061467493203,-62.36018836588671,23.000000000000004,22.999999999999996,28.0,3.483699827838443,4.796758901193243e-08
little,32.5,0.4961832061068702,70.89146935535847,-55.33105808327674,0.0,-1.0,28.75414162193111,-19.143851288685344,42.24591797270777,-37.771034943243095,49.7513673514304,-59.511969367122674,32.7933377884123,-41.034273803557284,40.29878716713493,-62.77520822743686,40.29878716713493,-62.77520822743686,23.0,22.999999999999996,28.0,3.4853549263534376,5.001152203476522e-08
little,33.0,0.5038167938931297,70.07486768246883,-56.11411300722382,0.0,-1.0,28.59593905987691,-19.392179568604863,41.81579448949016,-38.21332253124464,48.905697050434135,-60.09329697538694,32.30276212247177,-41.29588886208985,39.392664683415745,-63.175863306232145,39.392664683415745,-63.175863306232145,22.999999999999996,22.999999999999996,28.0,3.4843754608638626,5.2182386411914194e-08
little,33.5,0.5114503816793893,69.24723398208963,-56.886394722412504,0.0,-1.0,28.43559192644298,-19.63912851484239,41.38073848982113,-38.65026158082925,48.05252080897651,-60.6613342644993,31.810706888225454,-41.55103650220116,38.48248920738084,-63.56210918587121,38.48248920738084,-63.56210918587121,23.000000000000007,22.999999999999996,28.0,3.4807033696930496,5.448951867492724e-08
little,34.0,0.5190839694656488,68.40864522669358,-57.64774592278445,0.0,-1.0,28.273112246968754,-19.884679607298224,40.9408199325957,-39.081793504744056,47.19206035117923,-61.215975062440464,31.317262733597264,-41.7997241215195,37.568503152180796,-63.93390567921591,37.568503152180796,-63.93390567921591,23.000000000000004,22.999999999999996,28.0,3.4742778735193873,5.694300142522479e-08
little,34.5,0.5267175572519084,67.55917716915287,-58.398009100830606,0.0,-1.0,28.108512206725347,-20.12881443070564,40.49610951237477,-39.50786066608748,46.32453901582006,-61.75711704744478,30.82251978134986,-42.041960450194125,36.650949284795146,-64.29121683155142,36.650949284795146,-64.29121683155142,23.0,22.999999999999996,28.0,3.465035329851709,5.9553912024057354e-08
little,35.0,0.5343511450381679,66.69890418536964,-59.13702639283238,0.0,-1.0,27.941804150001733,-20.37151467601194,40.04667864613215,-39.92840638796176,45.45018168767456,-62.28466177387203,30.32656760877986,-42.27775553645846,35.73007065032227,-64.63401092236873,35.73007065032227,-64.63401092236873,23.000000000000004,22.999999999999996,28.0,3.452909077531075,6.233432259250549e-08
little,35.5,0.5419847328244275,65.82789911052524,-59.86463941217001,0.0,-1.0,27.773000579178987,-20.61276214175157,39.59259945987094,-40.343374962937474,44.56921472842822,-62.798514696832754,29.829495227742555,-42.507120731875425,34.80611049629984,-64.9622604657707,34.80611049629984,-64.9622604657707,22.999999999999996,22.999999999999996,28.0,3.4378292703519477,6.529737817118075e-08
little,36.0,0.549618320610687,64.94623306837713,-60.58068906976305,0.0,-1.0,27.602114153792648,-20.852538735411134,39.13394477511183,-40.75271166232826,43.68186590718176,-63.29858519555982,29.331391065011147,-42.730068676271706,33.87931219708108,-65.27594220950327,33.87931219708108,-65.27594220950327,22.999999999999996,22.999999999999996,28.0,3.419722698801948,6.845755962103794e-08
little,36.5,0.5572519083969466,64.05397529297359,-61.28501538060142,0.0,-1.0,27.429157689583317,-21.090826474786258,38.67078809525611,-41.15636274527385,42.78836433057282,-63.78478659551926,28.832342942975497,-42.94661328236808,32.949919178292205,-65.57503713261347,32.949919178292205,-65.57503713261347,22.999999999999993,22.999999999999996,28.0,3.398512598815646,7.18306978342298e-08
little,37.0,0.5648854961832062,63.15119294209221,-61.97745725520686,0.0,-1.0,27.25414415753551,-21.32760748933019,38.203203591826025,-41.55427546762988,41.88894037253691,-64.25703618925391,28.332438060685142,-43.15676972011287,32.018174841396025,-65.85953044173691,32.018174841396025,-65.85953044173691,23.000000000000004,22.999999999999996,28.0,3.37411844632215,7.543415136979092e-08
little,37.5,0.5725190839694656,62.237950901635955,-62.657852274730395,0.0,-1.0,27.07708668290493,-21.562864021493997,37.731266090585436,-41.94639809066258,40.983825603731255,-64.71525525595405,27.83176297524132,-43.36055440072598,31.084322488387137,-66.12941156601745,31.084322488387137,-66.12941156601745,23.000000000000004,22.999999999999996,28.0,3.34645573623445,7.928707645987743e-08
little,38.0,0.5801526717557252,61.314311580140284,-63.326036448240274,0.0,-1.0,26.897998544234092,-21.796578428058325,37.255051057543376,-42.33267988954692,40.07325272064461,-65.1593690797491,27.330403583542424,-43.557984960460495,30.14860524664366,-66.38467415066268,30.14860524664366,-66.38467415066268,22.999999999999993,22.999999999999996,28.0,3.315435744380622,8.341051938032251e-08
little,38.5,0.5877862595419847,60.38033469245586,-63.98184395058361,0.0,-1.0,26.716893172356496,-22.02873318145653,36.77463458484346,-42.71307116166621,39.15745547441671,-65.58930696671537,26.828445104387303,-43.749080244089356,29.21126599396055,-66.62531604913852,29.21126599396055,-66.62531604913852,23.0,22.999999999999996,28.0,3.2809652707098955,8.782773619486761e-08
little,39.0,0.5954198473282443,59.43607703157137,-64.62510683901087,0.0,-1.0,26.533784149389408,-22.2593108710892,36.290093376542,-43.08752323471218,38.23666859939079,-66.00500226059526,26.32597206094066,-43.9338602881247,28.272547283789446,-66.85133931400777,28.272547283789446,-66.85133931400777,22.99999999999999,22.999999999999996,28.0,3.242946361916953,9.256439881255574e-08
little,39.5,0.6030534351145038,58.48159222742866,-65.25565474653281,0.0,-1.0,26.348685207715214,-22.488294204629867,35.801504734277486,-43.45598847458342,37.311127741422816,-66.40639235722342,25.823068263564437,-44.112346303777045,27.332691270709766,-67.06275018641705,27.332691270709766,-67.06275018641705,22.999999999999996,22.999999999999996,28.0,3.201276011412318,9.764893604824465e-08
little,40.0,0.6106870229007634,57.516930491457686,-65.87331454972778,0.0,-1.0,26.16161022895158,-22.71566600932184,35.308946542834605,-43.81842029308103,36.38106938597124,-66.79341871765605,25.319816793019378,-44.284560659662176,26.39193963615601,-67.2595590842372,26.39193963615601,-67.2595590842372,23.0,22.999999999999996,28.0,3.1558458343224913,1.0311291731568417e-07
little,40.5,0.6183206106870229,56.54213834541635,-66.47791000843216,0.0,-1.0,25.97257324291037,-22.94140923326613,34.81249725560548,-44.174773155400004,35.446730785990916,-67.16602688000003,24.81629998404025,-44.45052686426324,25.450533514425686,-67.44178058886327,25.447606622866978,-67.33567943963865,22.893858488040827,22.999999999999996,28.0,3.106360626755123,1.0899136526631992e-07
little,41.0,0.6259541984732825,55.55725833296104,-67.06926137441995,0.0,-1.0,25.781588426545508,-23.165506946700198,34.312235879951196,-44.52500258741473,34.508349889655065,-67.52416646993876,24.312599409288573,-44.61026954815554,24.508713418992443,-67.60943343067957,24.506365073838424,-67.33403252927748,22.72458908660322,22.999999999999996,28.0,3.0520220912241243,1.1532331001262719e-07
little,41.5,0.6335877862595419,54.56232871219272,-67.64718496580227,0.0,-1.0,25.588670102889708,-23.38794234326769,33.8082419624664,-44.869065182757595,33.56616526792915,-67.86779120995227,23.8087958636861,-44.76381444600227,23.566719169148854,-67.76254047319695,23.571366833202234,-67.32098474048001,22.558419808102368,22.999999999999996,28.0,2.9926785672365206,1.2215225808631658e-07
little,42.0,0.6412213740458015,53.55738312721952,-68.2114927034473,0.0,-1.0,25.39383273998037,-23.60869874127879,33.300595574150115,-45.206918609689055,32.62041604202048,-68.1968589272295,23.304969349132527,-44.91118837832834,22.624789817002892,-67.90112869586879,22.642667952628422,-67.29685107267582,22.395457963723622,22.999999999999996,28.0,2.928242491917217,1.29526888770215e-07
little,42.5,0.648854961832061,52.54245025654154,-68.7619916052256,0.0,-1.0,25.19709094977449,-23.827759584961292,32.78937729548568,-45.53852161775801,31.671341810727736,-68.51133156027096,22.801199059610482,-45.05241923308064,21.683163574852536,-68.0252291755936,21.720310830675032,-67.26194673999106,22.235814161924935,22.999999999999996,28.0,2.8586197582664283,1.3750169358672792e-07
little,43.0,0.6564885496183206,51.517553435800096,-69.29848323331208,0.0,-1.0,24.998459487052884,-24.045108445702216,32.27466820143272,-45.86383404425134,30.719182577713966,-68.81117516418078,22.29756336668079,-45.187535946982315,20.74207774296204,-68.13487706691176,20.8043240503887,-67.21658683767727,22.07960250549245,22.999999999999996,28.0,2.7837091963112073,1.4613790710882313e-07
little,43.5,0.6641221374045801,50.48271025212691,-69.82076308911243,0.0,-1.0,24.797953248313572,-24.260729023279865,31.756549846334288,-46.18281682043127,29.76417867872733,-69.09635991464715,21.79413980537086,-45.316568486689114,19.8017686377639,-68.230111580905,19.894722212112967,-67.16108600663564,21.9269408005957,22.999999999999996,28.0,2.7034020023691845,1.555044093493052e-07
little,44.0,0.6717557251908397,49.43793210698168,-70.32861994960994,0.0,-1.0,24.595587270654672,-24.474605147086283,31.23510424874222,-46.495431977559456,28.806570708793547,-69.36686011061106,21.291005060458914,-45.43954782975568,18.86247152051024,-68.31097596280729,18.991505760577713,-67.09575809578598,21.777950778635482,22.999999999999996,28.0,2.617581110089535,1.656788839454748e-07
little,44.5,0.6793893129770993,48.383223743964294,-70.82183513802846,0.0,-1.0,24.39137673064663,-24.68672077733999,30.710413876163575,-46.80164265270679,27.84659944940375,-69.62265417562317,20.788234953156454,-45.55650594541991,17.92442052639663,-68.3775174683363,18.094660805288232,-67.02091582196309,21.632758331713237,22.999999999999996,28.0,2.526120496017505,1.7674928898259168e-07
little,45.0,0.6870229007633588,47.31858273762093,-71.3001817206566,0.0,-1.0,24.185336943194088,-24.897060006288875,30.182561629731506,-47.10141309434767,26.884505795722134,-69.86372465788965,20.285904428191515,-45.66747577521316,16.987848594182147,-68.42978733875513,17.204158933179357,-66.93687042695008,21.49149376258809,22.999999999999996,28.0,2.428884411350083,1.8881527807934617e-07
little,45.5,0.6946564885496184,46.243998938731934,-71.7634236204403,0.0,-1.0,23.97748336038729,-25.105607059403226,29.651630828803306,-47.394708667737916,25.92053068383681,-70.09005822900775,19.78408754129468,-45.772491213404656,16.052987396328184,-68.4678407746745,16.319957012449052,-66.84393133116224,21.35429205001008,22.999999999999996,28.0,2.325726530294407,2.0199028227807503e-07
little,46.0,0.7022900763358778,45.15945387093545,-72.21131463649938,0.0,-1.0,23.76783157034328,-25.312346296558733,29.117705195489098,-47.6814958600752,24.95491501807834,-70.30164568139276,19.282857447090162,-45.871587087287914,15.120067269679403,-68.49173690860547,15.441996986440685,-66.74240578339273,21.221293130341014,22.999999999999996,28.0,2.2164890039427583,2.1640360614583187e-07
little,46.5,0.7099236641221374,44.06492007281952,-72.64359735699976,0.0,-1.0,23.556397296036835,-25.517262213209463,28.580868839113858,-47.96174228544123,23.98789959842925,-70.49848192439799,18.782286387393526,-45.96479913731749,14.18931714670892,-68.50153877627424,14.570205656406198,-66.63259850589735,21.092642196373234,22.999999999999996,28.0,2.1010014068258904,2.3220319178562931e-07
little,47.0,0.7175572519083969,42.960360378752185,-73.06000195077395,0.0,-1.0,23.343196394121318,-25.720339441550585,28.041206240616283,-48.235416689524584,23.01972504804889,-70.68056597913039,18.282445679918105,-46.05216399710398,13.260964487350714,-68.49731328670978,13.704494451958688,-66.51481133394438,20.96849001424463,22.999999999999996,28.0,1.9790795612065217,2.4955887312216873e-07
little,47.5,0.7251908396946565,41.84572713071701,-73.46024482064549,0.0,-1.0,23.128244853739506,-25.92156275167093,27.498802236887375,-48.50248895412356,22.050631740937,-70.84790097196418,17.783405707391456,-46.133719173275566,12.33523521144108,-68.4791311911162,12.844759188017793,-66.38934284876566,20.848993259301423,22.999999999999996,28.0,1.850524221684978,2.686661773054766e-07
little,48.0,0.732824427480916,40.72096131222905,-73.84402709849967,0.0,-1.0,22.911558795324467,-26.12091705269515,26.953742005051936,-48.762930101428196,21.080859729759833,-71.00049412675615,17.285235907083262,-46.20950302521424,11.41235363179116,-68.44706705054219,11.990879807073721,-66.25648800261905,20.73431487168077,22.999999999999996,28.0,1.715119599698486,2.897511066635161e-07
little,48.5,0.7404580152671756,39.58599159399127,-74.21103295863692,0.0,-1.0,22.69315446939059,-26.318387393915472,26.406111046696243,-49.0167122980806,20.11064867386267,-71.13835675576586,16.788004760746134,-46.2795547446747,10.492542387912561,-68.40119920235995,11.142720105656196,-66.11653773439534,20.624624432252336,22.999999999999996,28.0,1.5726317038981925,3.1307582304407333e-07
little,49.0,0.7480916030534351,38.44073327926459,-74.56092772170761,0.0,-1.0,22.47304825531488,-26.513958965912934,25.85599517204487,-49.26380885901304,19.140237767491918,-71.261504249285,16.291779784970107,-46.343914335294365,9.576022380417154,-68.34160972556631,10.300127444007636,-65.96977857386061,20.520098559353812,22.999999999999996,28.0,1.4228064680419337,3.389455258684393e-07
little,49.5,0.7557251908396947,37.285087134899854,-74.89335571637993,0.0,-1.0,22.251256660108552,-26.70761710166803,25.30348048409,-49.50419425106307,18.16986566825055,-71.36995606398045,15.796627521952008,-46.40262259200244,8.66301270611256,-68.26838440491983,9.462932438147018,-65.81649223220515,20.42092132645832,22.999999999999996,28.0,1.2653676327564938,3.677172060179146e-07
little,50.0,0.7633587786259542,36.11893809153105,-75.2079378596054,0.0,-1.0,22.027796317179135,-26.89934727766067,24.74865336267636,-49.73784409636501,17.199770425810325,-71.46373570995576,15.302613530680384,-46.455721080336296,7.753730593814348,-68.18161269392705,8.630948633796805,-65.65695517604831,20.32728470048673,22.999999999999996,28.0,1.1000143410637548,3.9981006949574294e-07
little,50.5,0.7709923664122137,34.94215379346683,-75.50426890862217,0.0,-1.0,21.802683985082968,-27.089135114959383,24.191600448544857,-49.964735175517376,16.23018941090371,-71.54287073653668,14.809802378536466,-46.5032521156734,6.848391340895317,-68.08138767669271,7.803972162070125,-65.491438181392,20.239388999876038,22.999999999999996,28.0,0.9264183996367272,4.357188032599879e-07
little,51.0,0.7786259541984732,33.75458297518429,-75.78191432829095,0.0,-1.0,21.5759365462684,-27.27696638029968,23.632408627338236,-50.18484543052561,15.261359244619046,-71.60739271678634,14.318257633311836,-46.545258742386835,5.947208250592645,-67.96780602864756,6.981781377426452,-65.32020586319584,20.157443370684298,22.999999999999996,28.0,0.7442211479376759,4.760299177064553e-07
little,51.5,0.7862595419847328,32.55605363687151,-76.0404067054822,0.0,-1.0,21.34757100580972,-27.462826987151473,23.071165013572045,-50.398153967519676,14.293515728022038,-71.65733723075638,13.828041855643045,-46.581784712932716,5.050392570093038,-67.84096797616942,6.164136479273439,-65.14351617520057,20.0816662778588,22.999999999999996,28.0,0.5530298651905028,5.214425939925604e-07
little,52.0,0.7938931297709924,31.346370985932083,-76.27924162735812,0.0,-1.0,21.1176044901318,-27.646702996775513,22.5079569345738,-50.60464105924606,13.32689377212606,-71.6927438474806,13.339216591863135,-46.61287446687748,4.158153429415393,-67.70097725511202,5.350779119812596,-64.96161987329437,20.01228600720982,22.999999999999996,28.0,0.3524136298466587,5.727949599076965e-07
little,52.5,0.8015267175572519,30.12531510445659,-76.4978729216232,0.0,-1.0,20.886054245725727,-27.82858061926874,21.942871914393905,-50.80428814733392,12.361727328234622,-71.71365610571829,12.851842367270269,-46.63857310987336,3.270697781110986,-67.54794106825773,4.541432002432204,-64.77475993400168,19.94954117145789,22.999999999999996,28.0,0.14189852690449456,6.310976345957897e-07
little,53.0,0.8091603053435115,28.892638293964836,-76.69570713294436,0.0,-1.0,20.652937637855356,-28.008446214598457,21.37599765769132,-50.99707784433481,11.398249318678275,-71.72012149345457,12.36597867981317,-46.658926392590004,2.3882303408001224,-67.38197004170976,4.647829886615531,-62.68894928928461,17.79133089070324,22.999999999999996,28.0,0.0,6.975772635087196e-07
little,53.5,0.816793893129771,27.648062037655322,-76.87209707912386,0.0,-1.0,20.41827214925501,-28.18628629362527,20.807422033597344,-51.18299393553602,10.436691567968689,-71.71219142616583,11.881683994193075,-46.67398068961052,1.5109535285644196,-67.20317818024033,4.809972723031827,-60.67266263043769,15.683500769378941,22.999999999999996,28.0,0.0,7.737328289181278e-07
little,54.0,0.8244274809160306,26.39127350619829,-77.02633429098074,0.0,-1.0,20.182075378818354,-28.362087519114727,20.237233059560648,-51.36202138054692,9.477284734392203,-71.68992122385845,11.399015736381724,-46.683782978299774,0.6390674112132793,-67.0116828216113,4.728475300266895,-59.285895348014996,14.25865862866393,22.999999999999996,28.0,0.0,8.614098163661765e-07
little,54.5,0.8320610687022901,25.121921514675947,-77.15764008810676,0.0,-1.0,19.944365040278544,-28.53583670673755,19.66551888517678,-51.53414631465841,8.520258242064862,-71.6533700868893,10.918030288554654,-46.688380817653226,-0.22723035455726404,-66.80760458988411,4.578774121662113,-58.13189187183655,13.08205312619931,22.999999999999996,28.0,0.0,9.628987385212895e-07
little,55.0,0.8396946564885496,23.839611814090176,-77.26515497425902,0.0,-1.0,19.70515896087978,-28.707520826058392,19.092367776005478,-51.69935604997517,7.565840213471345,-71.60260107057775,10.438782984439143,-46.68782232713424,-1.0877445780949895,-66.59106734773682,4.4026216030128555,-57.11066635423979,12.04453908773565,22.999999999999996,28.0,0.0,1.0810671895455926e-06
little,55.5,0.8473282442748091,22.543901568718326,-77.34792594477172,0.0,-1.0,19.46447508004033,-28.877127001513067,18.517868097378894,-51.85763907632064,6.614257402509292,-71.53768105861798,9.961328105075701,-46.68215616550776,-1.9422825897939013,-66.3621981478051,4.2172388123519795,-56.17876365113301,11.098653771463315,22.999999999999996,28.0,0.0,1.2195394631930867e-06
little,56.0,0.8549618320610687,21.23429282731651,-77.40489117477,0.0,-1.0,19.222331448007164,-29.044642513374185,17.942108298204033,-52.0089850619147,5.665735128060698,-71.45868073530211,9.485718874992116,-46.67143150967847,-2.790654295151219,-66.12112718306588,4.031417594969008,-55.312786618157816,10.218728911371695,22.999999999999996,28.0,0.0,1.38294407037165e-06
little,56.5,0.8625954198473282,19.910224737012015,-77.43486138751963,0.0,-1.0,18.978746224502274,-29.21005479870503,17.365176894762694,-52.153384853823965,4.7204972081122545,-71.36567455656397,9.012007458788778,-46.655698033541164,-3.6326722278616614,-65.86798773628118,3.8502122716325875,-54.498514694729664,9.389030979561454,22.999999999999996,28.0,0.0,1.577259340024284e-06
little,57.0,0.8702290076335878,18.571064166579802,-77.43649696648089,0.0,-1.0,18.73373767736073,-29.373351452301772,16.787162454511947,-52.29083047818486,3.778765894445261,-71.25874071985474,8.540244958133737,-46.635005886851516,-4.468151601932949,-65.6029161285214,3.6767611012172443,-53.72658899118222,8.599071237762598,22.999999999999996,28.0,0.0,1.8103046954820456e-06
little,57.5,0.8778625954198473,17.21609428968881,-77.40827954123208,0.0,-1.0,18.487324181160727,-29.534520227623766,16.20815357988863,-52.42131514019938,2.840761807916648,-71.137961132861,8.070481409166193,-46.60940567412461,-5.296910362805789,-65.32605166678621,3.513127097726069,-52.9904850024947,7.841406233256508,22.999999999999996,28.0,0.0,2.092450394286516e-06
little,58.0,0.8854961832061069,15.844500511428834,-77.34847629743861,0.0,-1.0,18.239524215845524,-29.693549037712028,15.628238892120915,-52.54483322390385,1.9067038743518463,-71.00342138107712,7.602765780306452,-46.57894843356947,-6.118769237462617,-65.03753659074275,3.3607370055850394,-52.28544278730335,7.1104771945883565,22.999999999999996,28.0,0.0,2.4376642215884203e-06
little,58.5,0.8931297709923665,14.455352875240038,-77.25509455616205,0.0,-1.0,17.99035636533757,-29.85042595609566,15.047507015050261,-52.66138029171068,0.9768092610699988,-70.8552106942437,7.137145970470687,-46.54368561606709,-6.933551783509575,-64.7375160186001,3.220634935913832,-51.607850789554654,6.401939361488044,22.999999999999996,28.0,0.0,2.8650883052705467e-06
little,59.0,0.9007633587786259,13.047583716432058,-77.12582310950103,0.0,-1.0,17.739839316144746,-30.005139217686324,14.466046558966923,-52.770953083723484,0.0512933140620504,-70.69342191166413,6.673668807688378,-46.50366906419963,-7.741084437216495,-64.42613789214028,3.0936441451636965,-50.95486426173357,5.712242578080361,22.999999999999996,28.0,0.0,3.4014742169574674e-06
little,59.5,0.9083969465648855,11.619958754725303,-76.95795517069268,0.0,-1.0,17.487991855959,-30.15767721966055,13.883946104462247,-52.87354951682576,-0.8696305041583052,-70.51815144641218,6.2123800481203295,-46.45895099133857,-8.541196560500222,-64.10355292092498,2.9804825488188427,-50.324152383866014,5.038347273738415,22.999999999999996,28.0,0.0,4.085048793456281e-06
little,60.0,0.916030534351145,10.171038904290256,-76.74828521847729,0.0,-1.0,17.23483287224732,-30.308028522329906,13.301294186301012,-52.969168683543415,-1.7857506760107054,-70.3294992484432,5.753324375475019,-46.40958396079919,-9.333720486836699,-63.76991452569897,2.881857380281273,-49.71371785167732,4.377513389281232,22.999999999999996,28.0,0.0,4.971847602064372e-06
little,60.5,0.9236641221374046,8.699128574653116,-76.49296780185286,0.0,-1.0,16.98038135083528,-30.456181849998913,12.718179277317015,-53.057810850681506,-2.6968576895915763,-70.12756876662283,5.296545400820786,-46.35562086506907,-10.118491566087805,-63.425378781010394,2.798556085955246,-49.121755839178974,3.7271240001073758,22.999999999999996,28.0,0.0,6.146473957358012e-06
little,61.0,0.9312977099236641,7.20220366134275,-76.18731922753346,0.0,-1.0,16.724656374483168,-30.602126091810696,12.134689772334982,-53.13947745773576,-3.602744098685898,-69.91246690968632,4.842085662791258,-46.297114905117986,-10.89534820822962,-63.070104357068544,2.7315485037669225,-48.54652975866987,3.084515242789757,22.999999999999996,28.0,0.0,7.741158491114675e-06
little,61.5,0.9389312977099237,5.6778078242679655,-75.82553041277474,0.0,-1.0,16.467677121454876,-30.745850302580216,11.550913972122252,-53.21417111507897,-4.503204582027571,-69.6843040061428,4.389986628181459,-46.234119569796434,-11.664131925968364,-62.70425246086026,2.682118175762005,-47.98624443899599,2.4467848716299483,22.999999999999996,28.0,0.0,9.971228521976627e-06
little,62.0,0.9465648854961832,4.122881895183717,-75.40020675878093,0.0,-1.0,16.209462864079597,-30.887343703615155,10.966940067373118,-53.28189560192321,-5.398036001790091,-69.44319376313896,3.940288692931489,-46.166688615330514,-12.42468737623172,-62.32798677654627,2.6520813423184944,-47.43886298324519,1.810498771209868,22.999999999999996,28.0,0.0,2.2502888441522373e-11
little,62.5,0.9541984732824428,2.533572796800371,-74.90179234560223,0.0,-1.0,15.950032967306488,-31.026595683524235,10.382856122729272,-53.34265586405797,-6.287037461288449,-69.18925322429669,3.493031183495045,-46.09487604491983,-13.176862400522676,-61.941473405158554,2.6439633312241333,-46.902009954842306,1.1714868186653573,22.999999999999996,28.0,0.0,3.594635700210347e-11
little,63.0,0.9618320610687023,0.9047499638505272,-74.31730528309727,0.0,-1.0,15.689406887252405,-31.163595799013034,9.798750060839437,-53.39645801136514,-7.170010361874196,-68.92260272653985,3.048252358589564,-46.01873608844617,-13.920508064124068,-61.54488080362088,2.661641639886523,-46.37247872005209,0.5240245196854477,22.999999999999996,28.0,0.0,7.551648195658345e-11
little,63.5,0.9694656488549618,-0.7706853224415937,-73.62841862038974,0.0,-1.0,15.427604169742748,-31.298333775667206,9.214709646461188,-53.443309315111314,-8.046758459005769,-68.64336585592547,2.605989411324602,-45.93832318229959,-14.655478694142355,-61.138379723113744,2.605989411324602,-45.93832318229959,0.0,22.999999999999996,28.0,0.10477966338685007,2.1047696918685688e-10
little,64.0,0.9770992366412213,-2.50327647604918,-72.8075093086276,0.0,-1.0,15.164644448845625,-31.430799508722995,8.630822470608432,-53.48321820501807,-8.917087917475882,-68.35166940249532,2.166278471705281,-45.85369194932924,-15.381631916379034,-60.72214314680649,2.166278471705281,-45.85369194932924,0.0,22.999999999999996,28.0,0.6446894799471892,7.564295856354875e-10
little,64.5,0.9847328244274809,-4.3103566521603085,-71.8088495822714,0.0,-1.0,14.900547445399376,-31.560983063825063,8.047175934747436,-53.51619426611106,-9.780807365779012,-68.04764331416371,1.7291546095071553,-45.764897178925644,-16.098828691019293,-60.296346226978294,1.7291546095071553,-45.764897178925644,0.0,22.999999999999996,28.0,1.2649452391144784,3.940648696243443e-09
little,65.0,0.9923664122137404,-6.2254688202861175,-70.54433580301037,0.0,-1.0,14.635332965533603,-31.68887467777151,7.463857235044596,-53.542248235348545,-10.637727949601672,-67.73142064965779,1.2946518375188338,-45.67199380724147,-16.806933347127433,-59.86116622155072,1.2946518375188338,-45.67199380724147,0.0,22.999999999999996,28.0,2.0156660454335693,3.799871706178237e-08
little,65.5,1.0,-8.33738719227707,-68.78547914672856,0.0,-1.0,14.36902089918378,-31.814464759246096,6.880953346669178,-53.56139199803039,-11.48766338441856,-67.40313753052749,0.8628031151486963,-45.57503689755746,-17.50581361593904,-59.41678243005456,0.8628031151486963,-45.57503689755746,0.0,22.999999999999996,28.0,3.0326587099275244,1.3302346104637763e-06
