finger,q_deg,curl_progress,h_x_mm,h_y_mm,hand_mcp_x_mm,hand_mcp_y_mm,hand_pip_x_mm,hand_pip_y_mm,hand_dip_x_mm,hand_dip_y_mm,hand_tip_x_mm,hand_tip_y_mm,slot_start_x_mm,slot_start_y_mm,slot_end_x_mm,slot_end_y_mm,slider_x_mm,slider_y_mm,slider_translation_mm,slot_length_mm,rod_length_mm,rod_error_mm,mechanism_residual_mm
index,0.0,0.0,96.69943806967777,9.172111200234136,0.0,-1.0,40.0,-1.0,65.0,-1.0,90.0,-1.0,65.0,-11.0,90.0,-11.0,75.83944670296232,-11.0,10.839446702962318,25.000000000000004,29.018154836137576,0.0,7.105427357601002e-15
index,0.5,0.01282051282051282,96.69181043467647,6.616417486734771,0.0,-1.0,39.997881115156055,-1.4117114254457157,64.98988996499253,-2.0437665256510584,89.97762415881284,-2.8267990019780624,64.67667697446173,-12.038860203179185,89.66441116828204,-12.821892679506188,74.73329204443439,-12.354001069518944,10.06155159164026,25.000000000000004,29.018154836137576,0.0,1.3374110281461071e-06
index,1.0,0.02564102564102564,96.61099994067094,4.081999545379166,0.0,-1.0,39.99152468510787,-1.8233792324364586,64.95956519313222,-3.087085365069755,89.9105140044136,-4.652381955756802,64.3334465568574,-13.067464889582304,89.28439536813877,-14.632761480269352,73.64191773343794,-13.651431387506511,9.32677074425701,25.000000000000004,29.018154836137576,0.0,1.2327058200867214e-06
index,1.5,0.038461538461538464,96.45866940260322,1.569724284303205,0.0,-1.0,39.980931383282616,-2.23495980713838,64.90904168061576,-4.129509094962154,89.79872162918872,-6.475533830041636,63.970631786583965,-14.085381074391341,88.86031173515693,-16.431405809470824,72.56402459528474,-14.895367869284701,8.631481829473525,25.000000000000004,29.018154836137576,0.0,1.1424828088024697e-06
index,2.0,0.05128205128205128,96.23639959920116,-0.9194981274391236,0.0,-1.0,39.96610233197962,-2.6464095449593907,64.83834607680723,-5.170590817745546,89.64233380346191,-8.295041626442005,63.588565753328645,-15.09218590840742,88.39255347998332,-18.216636717103878,71.49874067332809,-16.08859635248951,7.972684681966546,25.000000000000004,29.018154836137576,0.0,1.0641441896552806e-06
index,2.5,0.0641025641025641,95.94570505678243,-3.384726177885098,0.0,-1.0,39.94703910225148,-3.0576848551688136,64.74751566780003,-6.2098844239900854,89.44147190006136,-10.10969539366053,63.18759127993185,-16.087466916894616,87.88154751219318,-19.98727788656506,70.44551283405019,-17.23367944871971,7.347872375990787,25.000000000000004,29.018154836137576,0.0,9.956282447376452e-07
index,3.0,0.07692307692307693,95.58804581973467,-5.824996140885832,0.0,-1.0,39.923743713737636,-3.4687421655155757,64.63659835341815,-7.246944854363974,89.19629178880977,-11.918289238969095,62.7680605995761,-17.070822228520623,87.32775403496773,-21.742166613125743,69.40402449405781,-18.33300706631093,6.754933558045746,25.000000000000004,29.018154836137576,0.0,9.352856480404625e-07
index,3.5,0.08974358974358974,95.16483696913605,-8.239329890238428,0.0,-1.0,39.89621863445036,-3.8795379268444314,64.50565261767122,-8.28132836091717,88.90698370103226,-13.719622336071357,62.33033502760954,-18.041860794261588,86.73166611097058,-23.480154769415773,68.37413219700242,-19.38883426964611,6.192077338676483,25.000000000000004,29.018154836137576,0.0,8.817864625143557e-07
index,4.0,0.10256410256410256,94.67745629106628,-10.626741592823569,0.0,-1.0,39.86446678051333,-4.2900286177097495,64.35474749268259,-9.312592767539062,88.57377206420547,-15.512499928454526,61.874784628316405,-19.000202596148217,86.09380919983928,-25.20010975706368,67.35581604506547,-20.403309720861305,5.657774738782983,25.000000000000004,29.018154836137576,0.0,8.340504713544306e-07
index,4.5,0.11538461538461539,94.12725041805382,-12.986243434647644,0.0,-1.0,39.82849151585264,-4.700170748986357,64.18396251611284,-10.340297729426066,88.19691530689715,-17.29573432733738,61.40178787694832,-19.94547884573979,85.41474066773263,-26.900915443651105,66.3491405113971,-21.378497012069765,5.150712489997767,25.000000000000004,29.018154836137576,0.0,7.911944948091332e-07
index,5.0,0.1282051282051282,93.51553970669241,-15.316850503638454,0.0,-1.0,39.78829665184045,-5.109920868476963,63.99338768210629,-11.3640049913957,87.77670563417334,-19.068145903326464,60.91173131733398,-20.877332172222516,84.69504926940104,-28.58147308415328,65.35422317024704,-22.31639056196969,4.6697561940962915,25.000000000000004,29.018154836137576,0.0,7.524921770141191e-07
index,5.5,0.14102564102564102,92.8436220672313,-17.617584930132587,0.0,-1.0,39.74388644689115,-5.519235565515669,63.78312338579104,-12.383278644884507,87.31346877367605,-20.82856407089819,60.40500921538557,-21.79541680003851,83.93535460327058,-30.24070222605219,64.37120956654624,-23.21892731253415,4.213920669012726,25.000000000000004,29.018154836137576,0.0,7.173428713258545e-07
index,6.0,0.15384615384615385,92.11277592362867,-19.887479368405142,0.0,-1.0,39.695265606010274,-5.928071475567075,63.55328036136857,-13.39768538346792,86.80756369260203,-22.57582826483111,59.8820232088233,-22.6993987159613,83.13630654005675,-31.877541597324495,63.40025291992829,-24.0879951529286,3.7823458811774717,25.000000000000004,29.018154836137576,0.0,6.852475920027246e-07
index,6.5,0.16666666666666666,91.32426245277036,-22.125579888990835,0.0,-1.0,39.642439280295946,-6.336385284820508,63.30397961383156,-14.406794756741228,86.25938228583841,-24.308788907720146,59.34318195343999,-23.58895582554397,82.29858462544685,-33.490949976522884,62.44149769066685,-24.92543877669336,3.37427726872891,25.000000000000004,29.018154836137576,0.0,6.557900071868517e-07
index,7.0,0.1794871794871795,90.47932722753637,-24.330948340932565,0.0,-1.0,39.58541306639322,-6.744133734778869,63.03535234435368,-15.410179422401761,85.66934903553782,-26.026308367712552,58.78890076622937,-24.463778098875416,81.4228974574135,-35.07990704418621,61.49506627220931,-25.733063517213623,2.989049551105109,25.000000000000004,29.018154836137576,0.0,6.286214819795077e-07
index,7.5,0.19230769230769232,89.57920136883328,-26.50266423475072,0.0,-1.0,39.52419300590112,-7.151273626841618,62.74753986939876,-16.40741539637358,85.03792064244132,-27.72726190561451,58.21960126570239,-25.323567705590605,80.50998203874495,-36.64341421483154,60.56104824658427,-26.512637587481667,2.6260733326206496,25.000000000000004,29.018154836137576,0.0,6.034492052719997e-07
index,8.0,0.20512820512820512,88.62510229562267,-28.639826190280477,0.0,-1.0,39.458785584732546,-7.557761826881425,62.440693533600495,-17.398082300817233,84.36558562928283,-29.410538610527013,57.63571100971658,-26.168039139090165,79.56060310539893,-38.180495448799945,59.639491764702825,-27.26589306094594,2.28482396428857,25.000000000000004,29.018154836137576,0.0,5.800265370226043e-07
index,8.5,0.21794871794871795,87.61823414862405,-30.741552988173517,0.0,-1.0,39.38919773242717,-7.963555269813972,62.11497461646832,-18.381763609868468,83.65286391663392,-31.07504232318016,57.03766313114364,-26.996919329934713,78.57555243130925,-39.690198043246404,58.730396706807646,-27.994525862489354,1.9648322452504543,25.000000000000004,29.018154836137576,0.0,5.581453557113036e-07
index,9.0,0.23076923076923078,86.55978795219502,-32.806984259472166,0.0,-1.0,39.315436821417286,-8.368610964160464,61.77055423297857,-19.358046892951222,82.90030637157344,-32.71969254614625,56.425895971700555,-27.80994774838917,77.55564811029542,-41.1715934015842,57.83370934822764,-28.700194986482607,1.6656766337022328,25.000000000000004,29.018154836137576,0.0,5.376297309567235e-07
index,9.5,0.24358974358974358,85.45094156945696,-34.835280844016246,0.0,-1.0,39.237510666246706,-8.772885996602307,61.40761322811409,-20.326524055511772,82.10849432958967,-34.34342534012424,55.8008527142691,-28.60687649610201,76.50173381574469,-42.62377778071448,56.9493183085477,-29.384521118321956,1.3869767048185444,25.000000000000004,29.018154836137576,0.0,5.183308040557222e-07
index,10.0,0.2564102564102564,84.29285949772213,-36.82562484532446,0.0,-1.0,39.155427522742876,-9.176337536527557,61.02634206541934,-21.28679157702262,81.27803909014851,-35.94519420550079,55.16298101402808,-29.387470386914288,75.41467803875724,-44.04587301539246,56.07705160282115,-30.04908480396871,1.128387645337707,25.000000000000004,29.018154836137576,0.0,5.001225567013989e-07
index,10.5,0.2692307692307692,83.08669254441945,-38.77721940689101,0.0,-1.0,39.06919608714225,-9.57892284056855,60.62694070964186,-22.238450746106324,80.40958138638341,-37.52397094840663,54.512732628721736,-30.151507016802945,74.29537330546329,-45.43702721910325,55.21667464474122,-30.69542428664268,0.8895956150675874,25.000000000000004,29.018154836137576,0.0,4.82898283138411e-07
index,11.0,0.28205128205128205,81.83357741782531,-40.6892882324199,0.0,-1.0,38.97882549516891,-9.980599257130333,60.209618503534415,-23.18110789263141,79.50379082938728,-39.078746530501284,53.85056304838646,-30.898776822972557,73.14473537423933,-46.79641546084243,54.36788907607906,-31.32503310944729,0.6703138374578248,25.000000000000004,29.018154836137576,0.0,4.6656775154474417e-07
index,11.5,0.2948717948717949,80.53463626181913,-42.561074870317526,0.0,-1.0,38.884325321066754,-10.38132423090934,59.7745940388965,-24.11437461663442,78.561365327609,-40.608531901734125,53.17693112485662,-31.629083132119423,71.96370241356911,-48.12324041721912,53.530332315874034,-31.939357566177446,0.4702793066280449,25.000000000000004,29.018154836137576,0.0,4.5105469581585567e-07
index,12.0,0.3076923076923077,79.19097615948074,-44.39184178070878,0.0,-1.0,38.78570557658511,-10.7810553074019,59.32209502193665,-25.037868013924133,77.58303048187923,-42.112358815345175,52.49229870136823,-32.342242197901165,70.75323416131081,-49.41673299932221,52.70357773807503,-32.53979406903596,0.2892500183934589,25.000000000000004,29.018154836137576,0.0,4.362948615721507e-07
index,12.5,0.32051282051282054,77.80368862653289,-46.180869201281205,0.0,-1.0,38.682976709918066,-11.179750137402028,58.852358133041434,-25.951210898226122,76.56953895661319,-43.58928062438554,51.797130242577666,-33.03808322765482,69.51431106614942,-50.67615295381424,51.88713539850131,-33.12768649082088,0.1270026490386863,25.000000000000004,29.018154836137576,0.0,4.222342475657115e-07
index,13.0,0.3333333333333333,76.37384911232552,-47.927453826361244,0.0,-1.0,38.57614960459755,-11.577366481488086,58.36562888104014,-26.85403201972808,75.52166982775847,-45.038373059054294,51.091892465309655,-33.716448398415416,68.24793341202799,-51.90078943774163,51.091892465309655,-33.716448398415416,0.0,25.000000000000004,29.018154836137576,0.015913419745373858,4.088277272273899e-07
index,13.5,0.34615384615384615,74.9025165231984,-49.63090731175312,0.0,-1.0,38.465235578340305,-11.973862214497828,57.86216145205761,-27.7459662798886,74.44022790807749,-46.45873498416613,50.3770539703466,-34.37719286229655,66.95512042636648,-53.08996156657408,50.3770539703466,-34.37719286229655,0.0,25.000000000000004,29.018154836137576,0.13608223154605525,3.96037826533302e-07
index,14.0,0.358974358974359,73.39073278059274,-51.290554615999405,0.0,-1.0,38.35024638184877,-12.369195329991278,57.34221855305138,-28.626654942374312,73.32604305037412,-47.8494891360822,49.653084875568226,-35.02018474130341,65.63690937289097,-54.2430189350113,49.653084875568226,-35.02018474130341,0.0,25.000000000000004,29.018154836137576,0.23967565598752927,3.8383370792871574e-07
index,14.5,0.3717948717948718,71.83952242417142,-52.90573218682831,0.0,-1.0,38.23119419756623,-12.763323944701096,56.80607125013242,-29.495745839993187,72.1799694292945,-49.20978283845591,48.92045645074733,-35.64530511165802,64.29435462990942,-55.35934211012074,48.92045645074733,-35.64530511165802,0.0,25.000000000000004,29.018154836137576,0.3265893871865977,3.7219038517832814e-07
index,15.0,0.38461538461538464,70.24989226841173,-54.47578599962167,0.0,-1.0,38.108091638386135,-13.156206302969874,56.2539988017722,-30.35289357749384,71.00288480235027,-50.538788696164005,48.17964075430413,-36.25244797772507,62.9285267548822,-56.43834309639523,48.17964075430413,-36.25244797772507,0.0,25.000000000000004,29.018154836137576,0.3967284119309902,3.6108797729639264e-07
index,15.5,0.3974358974358974,68.62283111962964,-56.00006945274525,0.0,-1.0,37.98095174631583,-13.54780078117389,55.68628848700208,-31.197759730103648,69.79568975083221,-51.83570526681415,47.43111027231788,-36.8415202356357,61.54051153614801,-57.4794657723462,47.43111027231788,-36.8415202356357,0.0,25.000000000000004,29.018154836137576,0.45000752878149086,3.5051119695594934e-07
index,16.0,0.41025641025641024,66.95930955915934,-57.4779411225066,0.0,-1.0,37.84978799109484,-13.938065892132906,55.10323542871402,-32.03001303768117,68.55930690129911,-53.09975770924,46.67533756009049,-37.41244162671521,60.13140903267558,-58.48218629827404,46.67533756009049,-37.41244162671521,0.0,25.000000000000004,29.018154836137576,0.4863517021852175,3.404488957414742e-07
index,16.5,0.4230769230769231,65.26027979741826,-58.90876237833134,0.0,-1.0,37.714614268767804,-14.326960289505479,54.50514241217491,-32.849329594360995,67.29468012834516,-54.330198408416415,45.912794886552746,-37.9651446808291,58.702332602723,-59.446013494884525,45.912794886552746,-37.9651446808291,0.0,25.000000000000004,29.018154836137576,0.5056962498406392,3.308937301937931e-07
index,17.0,0.4358974358974359,63.526675602833734,-60.29189485643732,0.0,-1.0,37.575444900212304,-14.714442772169392,53.89231969886982,-33.6553930335722,66.00277373936488,-55.52630757624867,45.143953881799234,-38.499574649770224,57.2544079222943,-60.3704891924467,45.143953881799234,-38.499574649770224,0.0,25.000000000000004,29.018154836137576,0.5079868628880249,3.218419166728381e-07
index,17.5,0.44871794871794873,61.75941230907097,-61.626697787817555,0.0,-1.0,37.43229462962163,-15.10047228858665,53.26508483579231,-34.44789470831445,64.6845716420515,-56.68739382771173,44.3692851880334,-39.01568943081813,55.78877199429259,-61.25518855021541,44.3692851880334,-39.01568943081813,0.0,25.000000000000004,29.018154836137576,0.4931794600545274,3.132931212235235e-07
index,18.0,0.46153846153846156,59.95938690368135,-62.91252517367211,0.0,-1.0,37.28517862294271,-15.48500794115267,52.623762460302935,-35.22653386657879,63.34107649537929,-57.812794731838345,43.58925811419911,-39.513459480609335,54.30657214927547,-62.09972034586889,43.58925811419911,-39.513459480609335,0.0,25.000000000000004,29.018154836137576,0.46123987859178683,3.052504027323266e-07
index,18.5,0.47435897435897434,58.12747820118495,-64.1487227985105,0.0,-1.0,37.1341124662694,-15.868008990529143,51.96868410067995,-35.9910178218034,61.973308844835785,-58.90187733707748,42.80434029457032,-39.992867719465735,52.80896503872616,-62.90372723473982,42.80434029457032,-39.992867719465735,0.0,25.000000000000004,29.018154836137576,0.41214340663306004,2.9772029108698916e-07
index,19.0,0.48717948717948717,56.26454710370225,-65.33462506792863,0.0,-1.0,36.97911216419119,-16.249434859960132,51.30018797248869,-36.74106211825751,60.58230624268304,-59.95403867056817,42.01499735156443,-40.453909426335244,51.29711562175878,-63.66688597864591,42.01499735156443,-40.453909426335244,0.0,25.000000000000004,29.018154836137576,0.3458741633958198,2.9071293283777777e-07
index,19.5,0.5,54.371436952578556,-66.46955165446803,0.0,-1.0,36.82019413809761,-16.62924513957095,50.61861877089906,-37.47639069125016,59.16912235404078,-60.968706210897864,41.22169256303998,-40.896592124506846,49.7721961461817,-64.38890764415456,41.22169256303998,-40.896592124506846,0.0,25.000000000000004,29.018154836137576,0.262424335396787,2.842423931781468e-07
index,20.0,0.5128205128205128,52.44897397499894,-67.55280393091321,0.0,-1.0,36.657375224438525,-17.007399590649342,49.92432745908307,-38.19673602206362,57.734826049597004,-61.94533833393831,40.42488653433319,-41.32093545826919,48.23538512484713,-65.06953777014388,40.42488653433319,-41.32093545826919,0.0,25.000000000000004,29.018154836137576,0.16179327846937142,2.783271035866619e-07
index,20.5,0.5256410256410257,50.49796783039883,-68.58366116576013,0.0,-1.0,36.49067267294035,-17.38385814990855,49.21767105282642,-38.901839287514775,56.28050048576234,-62.88342473137678,39.625036875281616,-41.726971060689145,46.68786630821754,-65.70855650455114,39.625036875281616,-41.726971060689145,0.0,25.000000000000004,29.018154836137576,0.04398649682947209,2.729904018394791e-07
index,21.0,0.5384615384615384,48.51921226256074,-69.56137645026465,0.0,-1.0,36.32010414477856,-17.758580933731803,48.4990124014914,-39.591450504051046,54.807242173096945,-63.7824868015855,38.822597882477616,-42.11474241269327,45.13082765408316,-66.30577871022771,38.845638676063075,-42.20310011273436,0.09131243795672164,25.000000000000004,29.018154836137576,0.0,2.682613242654952e-07
index,21.5,0.5512820512820513,46.513485864688064,-70.48517232028235,0.0,-1.0,36.14568771070664,-18.131528242397735,47.76871996546964,-40.265328666291026,53.316160033847574,-64.64207801249704,38.01802022698724,-42.4843046936422,43.56546029536517,-66.86105403984821,38.07210206754246,-42.72195295214454,0.2437243119736649,25.000000000000004,29.018154836137576,0.0,2.6417563248060105e-07
index,22.0,0.5641025641025641,44.48155296651268,-71.35423602883009,0.0,-1.0,35.9674418491415,-18.50266056428634,47.027167590266416,-40.92324187992352,51.808374449442965,-65.46178423617938,37.21175064776407,-42.835724623594146,41.99295750694062,-67.37426697985,37.29074568409412,-43.241150095031024,0.4130496685080381,25.000000000000004,29.018154836137576,0.0,2.6077709591731946e-07
index,22.5,0.5769230769230769,42.42416465469392,-72.16771441665942,0.0,-1.0,35.78538544420589,-18.871938580065027,46.274734277359535,-41.564967488882345,50.28501629880355,-66.24122405483017,36.40423165098041,-43.16908029745995,40.41451367242442,-67.84533686340778,36.50036922845103,-43.76063857555817,0.599319305703102,25.000000000000004,29.018154836137576,0.0,2.581191971273711e-07
index,23.0,0.5897435897435898,40.342059940489065,-72.9247083177912,0.0,-1.0,35.59953778372766,-19.23932316685426,45.51180395197856,-42.19029219671765,48.747225988329944,-66.98004903793519,35.59590121549154,-43.484461011258205,38.83132325184293,-68.27421785247574,35.69976899900615,-44.280294466069954,0.8025829578615775,25.000000000000004,29.018154836137576,0.0,2.961446554650138e-07
index,23.5,0.6025641025641025,38.23596709203205,-73.62426642447015,0.0,-1.0,35.40991855719636,-19.604775402372386,44.7387652279516,-42.79901218208856,47.19615247444178,-67.67794399036336,34.78719250464168,-43.78196708068463,37.244579751131866,-68.66089888895944,34.88774005492178,-44.799924527350996,1.022911126682488,25.000000000000004,29.018154836137576,0.0,3.434738005125837e-07
index,24.0,0.6153846153846154,36.10660515270972,-74.26537852078002,0.0,-1.0,35.216547853677255,-19.968256569059264,43.95601116976895,-43.39093320830542,45.63295227954401,-68.33462717119605,33.9785335846127,-44.06170965221544,35.655474694387756,-69.00540361510608,34.063078059145944,-45.319268123838505,1.2603971904622127,25.000000000000004,29.018154836137576,0.0,3.9797063777768926e-07
index,24.5,0.6282051282051282,33.954685672260126,-74.84696797546019,0.0,-1.0,35.01944615968299,-20.329728158178124,43.16393905201454,-43.965870726853765,44.0587885023043,-68.9498504831159,33.17034714950969,-44.32381050696967,34.06519659979945,-69.3077902632318,33.22458074743763,-45.83799941584393,1.515159838070568,25.000000000000004,29.018154836137576,0.0,4.608227541780252e-07
index,25.0,0.6410256410256411,31.78091468360837,-75.3678833612839,0.0,-1.0,34.81863435700317,-20.68915187389539,42.3629501163179,-44.52364997483629,42.47482982312898,-69.52339963220695,32.363050253369636,-44.56840185756072,32.47492996018072,-69.56815151493137,32.371048962716735,-46.35572984544375,1.7873458858377718,25.000000000000004,29.018154836137576,0.0,5.33457260587511e-07
index,25.5,0.6538461538461539,29.585994966449125,-75.82688903937101,0.0,-1.0,34.61413372049206,-21.04648963733787,41.55344932598088,-45.06410606627227,40.882249505729355,-70.0550942580444,31.557054049272026,-44.795626138171656,30.885854229020502,-69.7866143299438,31.501287182662303,-46.87201093877166,2.077133549768568,25.000000000000004,29.018154836137576,0.0,6.175996531965211e-07
index,26.0,0.6666666666666666,27.370628648646704,-76.22265451022818,0.0,-1.0,34.40596591581462,-21.401703590627008,40.73584511843467,-45.58708407719861,39.28222439567278,-70.54478803398031,30.752763535721986,-45.005635788093855,29.299142812960095,-69.96333974487555,30.614103453673277,-47.386337455458296,2.3847362636873695,25.000000000000004,29.018154836137576,0.0,7.153492660449956e-07
index,26.5,0.6794871794871795,25.135520209282454,-76.553742286717,0.0,-1.0,34.19415299715116,-21.754756100889708,39.91054915568442,-46.092439124520084,37.675933916815694,-70.99236873755746,29.95057731046947,-45.19859302897259,27.715962071600742,-70.09852264200997,29.70830862497743,-47.89815092657682,2.710407157326626,25.000000000000004,29.018154836137576,0.0,8.292779938301464e-07
index,27.0,0.6923076923076923,22.881379963501324,-76.81859398420788,0.0,-1.0,33.978717404860845,-22.105609764245308,39.07797607289956,-46.580036438560526,36.06455906651648,-71.39775829101188,29.15088733191902,-45.3746696360073,26.13747032553594,-70.19239148845865,28.782714751295554,-48.40684363657135,3.054444338798725,25.000000000000004,29.018154836137576,0.0,9.625599233231696e-07
index,27.5,0.7051282051282052,20.60892813034827,-77.01551424526394,0.0,-1.0,33.759681963104235,-22.45422740976833,38.238543225309286,-47.04975142927072,34.44928141052697,-71.76091277185097,28.354078688277184,-45.534046703357795,24.56481687349487,-70.24520804593804,27.83613249890553,-48.911763123586944,3.417197165890521,25.000000000000004,29.018154836137576,0.0,1.1191434694524105e-06
index,28.0,0.717948717948718,18.318899612202692,-77.14265201378169,0.0,-1.0,33.537069877425225,-22.800572103426497,37.392670433563985,-47.50146974605282,32.83128207846117,-72.08182239352175,27.56052937457642,-45.6769144040117,22.999141019473605,-70.25726705148062,26.86736734517359,-49.41221729824919,3.7990737437834508,25.000000000000004,29.018154836137576,0.0,1.3039828132832554e-06
index,28.5,0.7307692307692307,16.01204965048208,-77.19797853728565,0.0,-1.0,33.31090473229254,-23.144607151993693,36.54077972772383,-47.93508733116505,31.211740760738426,-72.36051145621047,26.77061007770566,-45.80347174437089,21.441571110720254,-70.22889586941632,25.87521430127431,-49.90748031601059,4.200549958343935,25.000000000000004,29.018154836137576,0.0,1.5233525019198169e-06
index,29.0,0.7435897435897436,13.68916057028119,-77.17926129252069,0.0,-1.0,33.081210488601094,-23.486296106937424,35.68329509003708,-48.35051046667479,29.591834707896528,-72.59703826784278,25.984683969569883,-45.91392631381857,19.893223587429333,-70.16045411498655,24.85845080555433,-50.396799386745734,4.622180451659575,25.000000000000004,29.018154836137576,0.0,1.785281050104004e-06
index,29.5,0.7564102564102564,11.351049891262305,-77.08403277870288,0.0,-1.0,32.84801148113346,-23.825602768280277,34.82064219667108,-48.7476558149319,27.972737733167275,-72.7914950353793,25.20310650849212,-46.00849402953038,18.355202044988317,-70.05233324997778,23.81582732137716,-50.8794027734585,5.064612081361981,25.000000000000004,29.018154836137576,0.0,2.1001571823831e-06
index,30.0,0.7692307692307693,8.998580170354023,-76.90955277492323,0.0,-1.0,32.61133241598178,-24.162491188435155,33.953248158559816,-49.126450452538705,26.35561921920364,-72.94400772653005,24.426225248963284,-46.087398876796236,16.828596309607107,-69.90495615078757,22.746055014071857,-51.35450932914917,5.528600594680411,25.000000000000004,29.018154836137576,0.0,2.481591231173752e-06
index,30.5,0.782051282051282,6.6326710640231825,-76.65276216758794,0.0,-1.0,32.37119836793024,-24.496925676013674,33.08154126153225,-49.486831897796684,24.741643129843347,-73.05473590203627,23.654379659836422,-46.150872645121126,15.314481528147516,-69.7187766493607,21.647789654832536,-51.82134006175627,6.0150315187289145,25.000000000000004,29.018154836137576,0.0,2.9476603131683987e-06
index,31.0,0.7948717948717948,4.254314269896101,-76.310225749117,0.0,-1.0,32.1276347777986,-24.828870799607486,32.205950705886146,-49.82874813161469,23.13196702778783,-73.12387251869632,22.887900951053496,-46.19915466037536,13.813917272955178,-69.49427904745698,20.519610570479983,-52.27913242508642,6.524946662318236,25.000000000000004,29.018154836137576,0.0,3.522744435713321e-06
index,31.5,0.8076923076923077,1.8645922539230015,-75.87806035640088,0.0,-1.0,31.88066744974683,-25.158291391542015,31.326906345572592,-50.152157611867025,21.527741099070717,-73.15164370333763,22.12711190898435,-46.232491513266275,12.327946662482475,-69.23197760473688,19.35999297105361,-52.72715834716849,7.059578209783099,25.000000000000004,29.018154836137576,0.0,4.240292575730109e-06
index,32.0,0.8205128205128205,-0.5352979705575985,-75.35184316970535,0.0,-1.0,31.630322548541358,-25.485152551602294,30.444838427156387,-50.45702928119441,19.930107185181853,-73.13830849796356,21.372326740448724,-46.25113678440459,10.85759549847419,-68.93241600117375,18.167271249677956,-53.16474749099263,7.620393277329501,25.000000000000004,29.018154836137576,0.0,5.1470933470909586e-06
index,32.5,0.8333333333333334,-2.9440142071939785,-74.726492614022,0.0,-1.0,31.376626596783026,-25.809419650730405,29.56017732871776,-50.743342568244714,18.340197823706205,-73.08415857633003,20.623850925483637,-46.25535076624009,9.403871420472083,-68.59616677432541,16.93958970293249,-53.5913180077109,8.209153191646925,25.000000000000004,29.018154836137576,0.0,6.3100515177438865e-06
index,33.0,0.8461538461538461,-5.360028954472588,-73.99611054460703,0.0,-1.0,31.119606472097203,-26.131058334694263,28.673353298860892,-51.01108738235479,16.759135298328196,-72.98951793223216,19.881981078909945,-46.24540018214171,7.967763078377251,-68.22383073201908,15.674835285797151,-54.00641828865982,8.827993983584758,25.000000000000004,29.018154836137576,0.0,7.827283063477353e-06
index,33.5,0.8589743589743589,-7.781575864378188,-73.15376826061222,0.0,-1.0,30.859289404286212,-26.45003452772724,27.78479619599447,-51.260264101678544,15.18803069904279,-72.85474253980729,19.14700482074297,-46.22155790289787,6.550239323791288,-67.81603634102662,14.37054398089236,-54.409785320617175,9.479538300936213,25.000000000000004,29.018154836137576,0.0,9.846944088565124e-06
index,34.0,0.8717948717948718,-10.20657650173937,-72.19118914578809,0.0,-1.0,30.59570297244454,-26.76631443613829,26.894935228049718,-51.49088355477102,13.627982993405174,-72.68021998618529,18.419200655484012,-46.1841026609132,5.1522484208394665,-67.37343909232747,13.023773844206616,-54.801418218640656,10.167042731163408,25.000000000000004,29.018154836137576,0.0,5.7198690228688065e-12
index,34.5,0.8846153846153846,-12.632538772736796,-71.09839039879195,0.0,-1.0,30.32887510203696,-27.079864551892186,26.004198692800323,-51.70296699564187,12.080078109639343,-72.46636907684217,17.698837860320204,-46.133318762377485,3.774717277159226,-66.89672084357778,11.630883966494238,-55.18174417317579,10.894680668673963,25.000000000000004,29.018154836137576,0.0,9.226397423844901e-12
index,35.0,0.8974358974358975,-15.0564088351653,-69.8629461504804,0.0,-1.0,30.05883406194,-27.39065165615953,25.113013718949126,-51.89654607229659,10.545388032415346,-72.2136394140382,16.98617638225248,-46.069495797683075,2.418550695718702,-66.38658913942469,10.187268032197448,-55.551758627768336,11.667838837216795,25.000000000000004,29.018154836137576,0.0,1.6054713114499464e-11
index,35.5,0.9102564102564102,-17.47435049024301,-68.46905063988515,0.0,-1.0,29.785608461447023,-27.698642822836064,24.221806008145332,-52.07166278878682,9.024969912092283,-71.92251094874459,16.28146674416222,-45.992928350365595,1.0846306481091714,-65.84377651032337,8.686852456549849,-55.91338377305681,12.493742512602438,25.000000000000004,29.018154836137576,0.0,3.318234575999668e-11
index,36.0,0.9230769230769231,-19.88139808650069,-66.89585621780397,0.0,-1.0,29.509227247237206,-28.003805422031046,23.330999578095465,-52.22836946079656,7.5198651882110354,-71.59349350648792,15.58494995981892,-45.90391570484279,-0.22618443006551026,-65.26903975053415,7.121286163234981,-56.2700219727608,13.382442378705571,25.000000000000004,29.018154836137576,0.0,8.179767974070273e-11
index,36.5,0.9358974358974359,-22.270876798196376,-65.11455205297452,0.0,-1.0,29.22971970030886,-28.30610712352415,22.441016506930954,-52.36672866479404,6.031098728007716,-71.22712628756379,14.896857457823051,-45.80276155322474,-1.5130603211001858,-64.6631591759945,5.478450331125119,-56.62761185264575,14.348650696463048,25.000000000000004,29.018154836137576,0.0,2.4282087451865664e-10
index,37.0,0.9487179487179487,-24.633350514709377,-63.082673167684376,0.0,-1.0,28.947115432877233,-28.60551590019069,21.552276678993877,-52.48681318078382,4.559677980703899,-70.82397734209496,14.217411014469421,-45.68977370146783,-2.7751876838205565,-64.02693786277896,3.7394483659223035,-56.99682123280453,15.41548004897207,25.000000000000004,29.018154836137576,0.0,9.227605346495693e-10
index,37.5,0.9615384615384616,-26.95447228267068,-60.731457970446904,0.0,-1.0,28.661444385237267,-28.90200003139472,20.665197532201855,-52.588705928697564,3.106592148314917,-70.38464302043107,13.54682269550845,-45.56526377514279,-4.011782688378489,-63.361200866876295,1.871613857501222,-57.3982811174366,16.62320067959562,25.000000000000004,29.018154836137576,0.0,5.008566006381443e-09
index,38.0,0.9743589743589743,-29.209702398086048,-57.931544947546925,0.0,-1.0,28.372736822591634,-29.19552810634964,19.78019380715194,-52.672499898465816,1.6728113737019896,-69.90974739940947,12.885294806774478,-45.42954692508584,-5.222087626675472,-62.66679442602949,-0.1915968899976601,-57.87803966271615,18.054641173059704,25.000000000000004,29.018154836137576,0.0,4.880760684500274e-08
index,38.5,0.9871794871794872,-31.34609090669882,-54.359427326292455,0.0,-1.0,28.08102333184427,-29.48606902744599,18.897677298122137,-52.73829807381743,0.25928594657717596,-69.3999416850178,12.23301985364199,-45.28294153319945,-6.405371497902971,-61.94458514439981,-2.635738131517993,-58.57475099342896,19.94372489652586,25.000000000000004,29.018154836137576,0.0,1.5788299236874082e-06
index,39.0,1.0,-33.03303430070664,-47.21035330948687,0.0,-1.0,27.78633481835989,-29.773592013546043,18.018056606128045,-52.78621334985705,-1.1330544718464033,-68.85590359202054,11.59018050926265,-45.12576891866727,-7.5609305687117985,-61.19545916083076,-7.5609305687117985,-61.19545916083076,25.000000000000004,25.000000000000004,29.018154836137576,0.040600371317520256,9.999576668917598e-06
middle,0.0,0.0,96.69943806967777,9.172111200234136,0.0,-1.0,49.0,-1.0,76.0,-1.0,103.0,-1.0,76.0,-11.0,103.0,-11.0,76.0,-11.0,0.0,27.0,29.018154836137576,0.11519985442270197,7.105427357601002e-15
middle,0.5,0.01282051282051282,96.69181043467647,6.616417486734771,0.0,-1.0,48.99832068339761,-1.4056725365732894,75.98922593071192,-2.1064106691882487,102.97540509455818,-2.970201232224391,75.66930349995779,-12.101291840983157,102.65548266380405,-12.965082404019299,75.66930349995779,-12.101291840983157,0.0,27.0,29.018154836137576,0.8703584695082043,1.3374110281461071e-06
middle,1.0,0.02564102564102564,96.61099994067094,4.081999545379166,0.0,-1.0,48.99328284869674,-1.8113172669169542,75.95690996495594,-3.212321455108831,102.90164076963813,-4.9390182620816425,75.31739262904009,-13.191851382768906,102.26212343372228,-14.918548189741717,75.31739262904009,-13.191851382768906,0.0,27.0,29.018154836137576,1.599116956776804,1.2327058200867214e-06
middle,1.5,0.038461538461538464,96.45866940260322,1.569724284303205,0.0,-1.0,48.98488684120839,-2.2169063867073073,75.90307082492127,-4.317232794431419,102.7787681808351,-6.905068112477466,74.94461329971904,-14.271194778103208,101.82031065563287,-16.859030096149255,74.94461329971904,-14.271194778103208,0.0,27.0,29.018154836137576,2.30131881950269,1.1424828088024697e-06
middle,2.0,0.05128205128205128,96.23639959920116,-0.9194981274391236,0.0,-1.0,48.97313323642459,-2.622412095432405,75.82773970047413,-5.420645763485976,102.60688919208819,-8.86697025572203,74.55132322186817,-15.338849278898593,101.33047271348224,-18.785173771134648,74.55132322186817,-15.338849278898593,0.0,27.0,29.018154836137576,2.976645180976245,1.0641441896552806e-06
middle,2.5,0.0641025641025641,95.94570505678243,-3.384726177885098,0.0,-1.0,48.95802283997895,-3.0278065982975937,75.7309602284939,-6.5220623975570895,102.38614628266299,-10.823347835380199,74.13789154781867,-16.394353528730832,100.79307760198776,-20.69563896655394,74.13789154781867,-16.394353528730832,0.0,27.0,29.018154836137576,3.6246294044529144,9.956282447376452e-07
middle,3.0,0.07692307692307693,95.58804581973467,-5.824996140885832,0.0,-1.0,48.93955668759146,-3.433062108130662,75.61278846396307,-7.620986009535729,102.11672241705,-12.772828884702438,73.70469851019762,-17.43725784401237,100.20863246328454,-22.58910071917908,73.70469851019762,-17.43725784401237,0.0,27.0,29.018154836137576,4.244670799132972,9.352856480404625e-07
middle,3.5,0.08974358974358974,95.16483696913605,-8.239329890238428,0.0,-1.0,48.9177360449975,-3.838150847286472,75.47329284283066,-8.716921507714904,101.79884087790242,-14.714047540501694,73.25213505290962,-18.467124483667412,99.57768308798138,-24.4642505164542,73.25213505290962,-18.467124483667412,0.0,27.0,29.018154836137576,4.836048072772883,8.817864625143557e-07
middle,4.0,0.10256410256410256,94.67745629106628,-10.626741592823569,0.0,-1.0,48.892562407861,-4.243045049550938,75.3125541366737,-9.809375712516308,101.43276506217103,-16.645645251345954,72.78060245562568,-19.483527907144946,98.90081338112302,-26.319797445974594,72.78060245562568,-19.483527907144946,0.0,27.0,29.018154836137576,5.397933166809409,8.340504713544306e-07
middle,4.5,0.11538461538461539,94.12725041805382,-12.986243434647644,0.0,-1.0,48.86403750167207,-4.64771696204422,75.1306653991879,-10.897857671935682,101.01879824062911,-18.566271978941593,72.29051195214868,-20.486055020617613,98.17864479358988,-28.154469327623524,72.29051195214868,-20.486055020617613,0.0,27.0,29.018154836137576,5.929406046881137,7.911944948091332e-07
middle,5.0,0.1282051282051282,93.51553970669241,-15.316850503638454,0.0,-1.0,48.8321632816286,-5.052138847123005,74.92773190454278,-11.981878975495578,100.55728328101469,-20.474587391589147,71.78228434302665,-21.474305411225917,97.41183571949855,-29.967013827319484,71.78228434302665,-21.474305411225917,0.0,27.0,29.018154836137576,6.429470951473565,7.524921770141191e-07
middle,5.5,0.14102564102564102,92.8436220672313,-17.617584930132587,0.0,-1.0,48.7969419325023,-5.456282984281743,74.70387107764313,-13.06095406649516,100.04860233505181,-22.369262048600802,71.25634960278919,-22.447891569239115,96.60108086019787,-31.756199551344757,71.25634960278919,-22.447891569239115,0.0,27.0,29.018154836137576,6.8970745125670945,7.173428713258545e-07
middle,6.0,0.15384615384615385,92.11277592362867,-19.887479368405142,0.0,-1.0,48.75837586848893,-5.860121672052707,74.45921241634376,-14.134600552347802,99.49317648964703,-24.24897857457743,70.71314648218464,-23.406439098015674,95.74711055548791,-33.520817120245304,70.71314648218464,-23.406439098015674,0.0,27.0,29.018154836137576,7.331126044490276,6.852475920027246e-07
middle,6.5,0.16666666666666666,91.32426245277036,-22.125579888990835,0.0,-1.0,48.71646773304285,-6.2636272299047535,74.1938974056696,-15.20233951279862,98.89146538259072,-26.112432822452796,70.15312210579769,-24.349586911658292,94.85069008271881,-35.259680221312465,70.15312210579769,-24.349586911658292,0.0,27.0,29.018154836137576,7.73052014300908,6.557900071868517e-07
middle,7.0,0.1794871794871795,90.47932722753637,-24.330948340932565,0.0,-1.0,48.6712203986958,-6.6667720001406385,73.90807942409896,-16.263695805815395,98.24396678312644,-27.958335024223395,69.57673156542933,-25.276987420270018,93.91261892445681,-36.97162663867802,69.57673156542933,-25.276987420270018,0.0,27.0,29.018154836137576,8.094161542476588,6.286214819795077e-07
middle,7.5,0.19230769230769232,89.57920136883328,-26.50266423475072,0.0,-1.0,48.622636966860014,-7.069528349792776,73.60192364197295,-17.31819837094798,97.55121613778493,-29.785410928293892,68.98443750962261,-26.188306702730195,92.9337300054346,-38.65551926007611,68.98443750962261,-26.188306702730195,0.0,27.0,29.018154836137576,8.42099194717182,6.034492052719997e-07
middle,8.0,0.20512820512820512,88.62510229562267,-28.639826190280477,0.0,-1.0,48.57072076761564,-7.471868672517301,73.27560691209945,-18.365380529952972,96.81378608191204,-31.592402922381318,68.37670972971858,-27.083224666920596,91.91488889953118,-40.31024705934894,68.37670972971858,-27.083224666920596,0.0,27.0,29.018154836137576,8.710018294212169,5.800265370226043e-07
middle,8.5,0.21794871794871795,87.61823414862405,-30.741552988173517,0.0,-1.0,48.51547535948249,-7.8737653904863105,72.92931765262517,-19.40478028448231,96.03228591735217,-33.37807114093475,67.75402474282798,-27.96143519734416,90.85699300755498,-41.9347260537966,67.75402474282798,-27.96143519734416,0.0,27.0,29.018154836137576,8.960341639076358,5.581453557113036e-07
middle,9.0,0.23076923076923078,86.55978795219502,-32.806984259472166,0.0,-1.0,48.45690452917612,-8.275190956278127,72.56325572225445,-20.43594061063624,95.20736105678091,-35.141194556041974,67.11686537210419,-28.822646290090482,89.76097070663064,-43.52790023549622,67.11686537210419,-28.822646290090482,0.0,27.0,29.018154836137576,9.171185608830786,5.376297309567235e-07
middle,9.5,0.24358974358974358,85.45094156945696,-34.835280844016246,0.0,-1.0,48.39501229134827,-8.676117854765517,72.17763228789889,-21.4584097501836,94.3396924352117,-36.88057205081087,66.4657203247036,-29.66658017511427,88.62778047201641,-45.08874247574154,66.4657203247036,-29.66658017511427,0.0,27.0,29.018154836137576,9.341923176672339,5.183308040557222e-07
middle,10.0,0.2564102564102564,84.29285949772213,-36.82562484532446,0.0,-1.0,48.3298028883117,-9.076518605001667,71.77266968484673,-22.471741498254154,93.42999588923291,-38.59502347422938,65.80108376781887,-30.492973425804593,87.45840997220505,-46.61625540177982,65.80108376781887,-30.492973425804593,0.0,27.0,29.018154836137576,9.472100409573976,5.001225567013989e-07
middle,10.5,0.2692307692307692,83.08669254441945,-38.77721940689101,0.0,-1.0,48.2612807897494,-9.476365762103823,71.34860126954602,-23.475495487310436,92.4790215045612,-40.28339067652617,65.12345490316983,-31.301577055834574,86.25387513818501,-48.109472245050306,65.12345490316983,-31.301577055834574,0.0,27.0,29.018154836137576,9.561455858229845,4.82898283138411e-07
middle,11.0,0.28205128205128205,81.83357741782531,-40.6892882324199,0.0,-1.0,48.1894506924082,-9.87563191913446,70.90567126510058,-24.469237467208856,91.48755293252786,-41.94453852407253,64.43333754033625,-32.092156603293034,85.01521920776354,-49.567457660156705,64.43333754033625,-32.092156603293034,0.0,27.0,29.018154836137576,9.609934411722207,4.6656775154474417e-07
middle,11.5,0.2948717948717949,80.53463626181913,-42.561074870317526,0.0,-1.0,48.1143175197769,-10.274289708979852,70.44413459958264,-25.45253958116261,90.45640667614342,-43.57735589288576,63.7312396693148,-32.864492202111045,83.74351174587558,-50.989308513834196,63.7312396693148,-32.864492202111045,0.0,27.0,29.018154836137576,9.61769472596626,4.5105469581585567e-07
middle,12.0,0.3076923076923077,79.19097615948074,-44.39184178070878,0.0,-1.0,48.03588642174872,-10.672311806225911,69.96425673727097,-26.424980637421548,89.38643134641455,-45.180756639814476,63.017673032681,-33.61837864080806,82.43984764182458,-52.37415464320099,63.017673032681,-33.61837864080806,0.0,27.0,29.018154836137576,9.585109731004163,4.362948615721507e-07
middle,12.5,0.32051282051282054,77.80368862653289,-46.180869201281205,0.0,-1.0,47.954162774268354,-11.069670929031167,69.46631350292787,-27.38614637648714,88.27850688961556,-46.75368055050795,62.29315269773498,-34.35362540859369,81.10534608442266,-53.721159582614504,62.29315269773498,-34.35362540859369,0.0,27.0,29.018154836137576,9.512760184139477,4.222342475657115e-07
middle,13.0,0.3333333333333333,76.37384911232552,-47.927453826361244,0.0,-1.0,47.869152178963475,-11.466339840996762,68.95059089923328,-28.33562973368368,87.13354378624359,-48.29509426329378,61.55819662900732,-35.070056728872686,79.74114951601763,-55.02952125848278,61.55819662900732,-35.070056728872686,0.0,27.0,29.018154836137576,9.401421707786163,4.088277272273899e-07
middle,13.5,0.34615384615384615,74.9025165231984,-49.63090731175312,0.0,-1.0,47.78086046276079,-11.862291353033326,68.4173849174987,-29.273031096909932,85.95248222241365,-49.80399216811077,60.813325261498385,-35.76751158021177,78.34842256641335,-56.2984726514126,60.813325261498385,-35.76751158021177,0.0,27.0,29.018154836137576,9.252046174641173,3.96037826533302e-07
middle,14.0,0.358974358974359,73.39073278059274,-51.290554615999405,0.0,-1.0,47.68929367748661,-12.257498325224622,67.86700134178832,-30.197958559398657,84.73629123447525,-51.27939727966846,60.05906107502173,-36.44584370483826,76.92835096770865,-57.52728242510806,60.05906107502173,-36.44584370483826,0.0,27.0,29.018154836137576,9.065738629044525,3.8383370792871574e-07
middle,14.5,0.3717948717948718,71.83952242417142,-52.90573218682831,0.0,-1.0,47.59445809945208,-12.651933668687798,67.29975554657902,-31.110028167315022,83.4859678276574,-52.720362084028736,59.295928170018385,-37.10492160475146,75.48214045109677,-58.715255521465174,59.295928170018385,-37.10492160475146,0.0,27.0,29.018154836137576,8.84373113027939,3.7219038517832814e-07
middle,15.0,0.38461538461538464,70.24989226841173,-54.47578599962167,0.0,-1.0,47.496360229022926,-13.045570347430168,66.71597228809512,-32.00886416202806,82.20253606957337,-54.12596935783084,58.5244518452052,-37.744628525538516,74.01101562668345,-59.8617337213413,58.5244518452052,-37.744628525538516,0.0,27.0,29.018154836137576,8.587354960931165,3.6108797729639264e-07
middle,15.5,0.3974358974358974,68.62283111962964,-56.00006945274525,0.0,-1.0,47.39500679017396,-13.438381380202348,66.11598548945867,-32.89409921689314,80.88704615943986,-55.495332959406724,57.7451581774166,-38.36486242799729,72.5162188473978,-60.96609617051088,57.7451581774166,-38.36486242799729,0.0,27.0,29.018154836137576,8.298012572063385,3.5051119695594934e-07
middle,16.0,0.41025641025641024,66.95930955915934,-57.4779411225066,0.0,-1.0,47.29040473002812,-13.830339842347641,65.50013801979911,-33.765374668387096,79.54057347388793,-56.82759859106129,56.958573603993855,-38.96553594767925,70.99900905808268,-62.02775987035344,56.958573603993855,-38.96553594767925,0.0,27.0,29.018154836137576,7.977150463676786,3.404488957414742e-07
middle,16.5,0.4230769230769231,65.26027979741826,-58.90876237833134,0.0,-1.0,47.182561218380386,-14.221418867647568,64.86878146747154,-34.62234074144136,78.16421759026515,-58.121944531818656,56.16522450807254,-39.54657634247604,69.46066063086616,-63.04618013285333,56.16522450807254,-39.54657634247604,0.0,27.0,29.018154836137576,7.626233959242821,3.308937301937931e-07
middle,17.0,0.4358974358974359,63.526675602833734,-60.29189485643732,0.0,-1.0,47.07148364720623,-14.611591650163351,64.2222759075353,-35.464656768822444,76.75910128834884,-59.377582339964704,55.365636807112246,-40.10792542838301,67.90246218792578,-64.02085099952527,55.365636807112246,-40.10792542838301,0.0,27.0,29.018154836137576,7.246724563922982,3.218419166728381e-07
middle,17.5,0.44871794871794873,61.75941230907097,-61.626697787817555,0.0,-1.0,46.95717963015502,-15.000831446073294,63.56098966365006,-36.291991404413025,75.3263695314112,-60.5937575247443,54.560335545008854,-40.64953950358382,66.32571541277,-64.95130562391509,54.560335545008854,-40.64953950358382,0.0,27.0,29.018154836137576,6.840060329695973,3.132931212235235e-07
middle,18.0,0.46153846153846156,59.95938690368135,-62.91252517367211,0.0,-1.0,46.83965700202812,-15.389111575505906,62.88529906454879,-37.10402283025128,73.8671884275954,-61.769750186601506,53.74984448812278,-41.17138926100928,64.73173385116938,-65.83711661735951,53.74984448812278,-41.17138926100928,0.0,27.0,29.018154836137576,6.4076394111522745,3.052504027323266e-07
middle,18.5,0.47435897435897434,58.12747820118495,-64.1487227985105,0.0,-1.0,46.71892381824189,-15.776405424368622,62.195588195251766,-37.90043895718975,72.38274417258049,-62.90487562538077,52.93468572555139,-41.67345968953372,63.12184170288011,-66.67789635772473,52.93468572555139,-41.67345968953372,0.0,27.0,29.018154836137576,5.950806797996538,2.9772029108698916e-07
middle,19.0,0.48717948717948717,56.26454710370225,-65.33462506792863,0.0,-1.0,46.594988354275515,-16.162686446172046,61.492248643188795,-38.680937619039966,70.87424197453035,-63.99848491593788,52.11537927396735,-42.15574996398128,61.4973726053089,-67.47329726087919,52.11537927396735,-42.15574996398128,0.0,27.0,29.018154836137576,5.470844060516143,2.9071293283777777e-07
middle,19.5,0.5,54.371436952578556,-66.46955165446803,0.0,-1.0,46.46785910510377,-16.547928163849516,60.775679239400304,-39.44522676007301,69.3429049623378,-65.0499654506404,51.29244268733831,-42.61827332412393,59.8596684102758,-68.22301201469132,51.29244268733831,-42.61827332412393,0.0,27.0,29.018154836137576,4.968961841840979,2.842423931781468e-07
middle,20.0,0.5128205128205128,52.44897397499894,-67.55280393091321,0.0,-1.0,46.33754478461477,-16.93210417157195,60.0462857949914,-40.193024615750815,67.78997307819084,-66.05874144826902,50.46639067183651,-43.06105694286171,58.21007795503595,-68.9267737753799,50.46639067183651,-43.06105694286171,0.0,27.0,29.018154836137576,4.4462947705929174,2.783271035866619e-07
middle,20.5,0.5256410256410257,50.49796783039883,-68.58366116576013,0.0,-1.0,46.204054325012685,-17.3151881365578,59.30448083301596,-40.92405988656748,66.21670195550202,-67.02427442886305,49.63773470623982,-43.48414178378454,56.54995582872588,-69.58435632608011,49.63773470623982,-43.48414178378454,0.0,27.0,29.018154836137576,3.903898441928547,2.729904018394791e-07
middle,21.0,0.5384615384615384,48.51921226256074,-69.56137645026465,0.0,-1.0,46.06739687620547,-17.697153800877988,58.55068331597114,-41.638071904884825,64.6243617832555,-67.94606365408617,48.80698266811879,-43.88758244832347,54.880661135403145,-70.19557419752482,48.80698266811879,-43.88758244832347,0.0,27.0,29.018154836137576,3.342748115689588,2.682613242654952e-07
middle,21.5,0.5512820512820513,46.513485864688064,-70.48517232028235,0.0,-1.0,45.927581805177724,-18.077974983255707,57.78531836908549,-42.3348107946505,63.014236157838745,-68.8236465327206,47.974638466096565,-44.27144701270726,53.203556254849815,-70.76028275077736,47.974638466096565,-44.27144701270726,0.0,27.0,29.018154836137576,2.7637387994856617,2.6417563248060105e-07
middle,22.0,0.5641025641025641,44.48155296651268,-71.35423602883009,0.0,-1.0,45.784618695348634,-18.457625580861,57.00881699958657,-43.01403762389249,61.38762092343689,-69.65659899093214,47.14120167846078,-44.63581685494817,51.5200056023111,-71.27837822198781,47.14120167846078,-44.63581685494817,0.0,27.0,29.018154836137576,2.167686415228637,2.6077709591731946e-07
middle,22.5,0.5769230769230769,42.42416465469392,-72.16771441665942,0.0,-1.0,45.63851734591509,-18.83607957109991,56.22161581213712,-43.675524549888166,59.74582300207851,-70.44453580698105,46.307167198399014,-44.98078647208868,49.83137438834041,-71.74979772918157,46.307167198399014,-44.98078647208868,0.0,27.0,29.018154836137576,1.5553297844845382,2.581191971273711e-07
middle,23.0,0.5897435897435898,40.342059940489065,-72.9247083177912,0.0,-1.0,45.48928777118002,-19.2133110133982,55.424156720630684,-44.31905495691123,58.09015921443025,-71.18711091008831,45.473024886120655,-45.306463287948105,48.13902737992022,-72.17451924112518,45.473024886120655,-45.306463287948105,0.0,27.0,29.018154836137576,0.927333206969216,2.961446554650138e-07
middle,23.5,0.6025641025641025,38.23596709203205,-73.62426642447015,0.0,-1.0,45.33694019986597,-19.589294050979372,54.61688665654084,-44.944423586464836,56.42195509244658,-71.88401764320031,44.6392592281203,-45.61296745161511,46.44432766402604,-72.55256150835058,44.6392592281203,-45.61296745161511,0.0,27.0,29.018154836137576,0.284289444813016,3.434738005125837e-07
middle,24.0,0.6153846153846154,36.10660515270972,-74.26537852078002,0.0,-1.0,45.181485074414,-19.964002912637024,53.80025727401974,-45.55143665991429,54.74254368498727,-72.53498898942988,43.806349003828785,-45.9004316269393,44.74863541479631,-72.88398395645488,43.81999350912591,-46.291159136547726,0.39096567533429744,27.0,29.018154836137576,0.0,3.9797063777768926e-07
middle,24.5,0.6282051282051282,33.954685672260126,-74.84696797546019,0.0,-1.0,45.022933050267895,-20.337411914501242,52.97472465194454,-46.13991199343748,53.05326435752232,-73.1397977619856,42.97476695988968,-46.1690007732811,43.05330666546746,-73.16888654182922,42.977962018167666,-47.26737780302579,1.0983816767718637,27.0,29.018154836137576,0.0,4.608227541780252e-07
middle,25.0,0.6410256410256411,31.78091468360837,-75.3678833612839,0.0,-1.0,44.86129499514386,-20.70949546179913,52.14074899311174,-46.70967910521729,51.355461587047735,-73.69825675743671,42.144979492289735,-46.41883191778618,41.35969208622573,-73.4074095700056,42.09188971848115,-48.24340910049343,1.8253493966194452,27.0,29.018154836137576,0.0,5.33457260587511e-07
middle,25.5,0.6538461538461539,29.585994966449125,-75.82688903937101,0.0,-1.0,44.69658198828554,-21.080228050609104,51.29879432078182,-47.26057931480405,49.65048375334069,-74.21021887219446,41.31744633656315,-46.65009391945548,39.669135769122015,-73.5997334768459,41.16044669557587,-49.217015359397074,2.571718212810642,27.0,29.018154836137576,0.0,6.175996531965211e-07
middle,26.0,0.6666666666666666,27.370628648646704,-76.22265451022818,0.0,-1.0,44.528805319704645,-21.449584269609073,50.44932817277804,-47.792465834582856,47.939681927684454,-74.67557718212757,40.49262026627999,-46.86296722528893,37.98297402118641,-73.74607857283365,40.18240937294149,-50.185919216289285,3.3374002955652577,27.0,29.018154836137576,0.0,7.153492660449956e-07
middle,26.5,0.6794871794871795,25.135520209282454,-76.553742286717,0.0,-1.0,44.35797648940711,-21.8175388018182,49.59282129334511,-48.305203853284766,46.224408660195905,-75.09426498526251,39.67094680002002,-47.05764361878506,36.302534166870814,-73.84670475076281,39.15665521186288,-51.14781614076694,4.122378815347376,27.0,29.018154836137576,0.0,8.292779938301464e-07
middle,27.0,0.6923076923076923,22.881379963501324,-76.81859398420788,0.0,-1.0,44.18410720660479,-22.18406642633218,48.72974732297484,-48.798670611486756,44.50601676688861,-75.46625580755548,38.852863917023456,-47.23432596108445,34.62913336093723,-73.90191115715318,38.082155489102945,-52.10038746524042,4.9267175728974335,27.0,29.018154836137576,0.0,9.625599233231696e-07
middle,27.5,0.7051282051282052,20.60892813034827,-77.01551424526394,0.0,-1.0,44.00720938891293,-22.549142020052056,47.86058248640712,-49.27275546905083,42.78585811760409,-75.79156337175786,38.03880178170081,-47.39322792504971,32.96407741289779,-73.91203582775674,36.9579658576485,-53.04131403993137,5.7505724111466545,27.0,29.018154836137576,0.0,1.1191434694524105e-06
middle,28.0,0.717948717948718,18.318899612202692,-77.14265201378169,0.0,-1.0,43.82729516153326,-22.912740559406153,46.985805279016226,-49.72735996445753,41.06528242594283,-76.07024152943131,37.229182477174085,-47.53457372257849,31.30865962410069,-73.87745528755228,35.78321430254804,-53.968290695923486,6.594204884225152,27.0,29.018154836137576,0.0,1.3039828132832554e-06
middle,28.5,0.7307692307692307,16.01204965048208,-77.19797853728565,0.0,-1.0,43.644376856422866,-23.274837122065335,46.10589615179287,-50.16239786599525,39.34563604232296,-76.30238415620417,36.42441974801179,-47.65859782545084,29.664159638541882,-73.79858411565976,34.55708597383608,-54.87904178260275,7.4579988175480985,27.0,29.018154836137576,0.0,1.5233525019198169e-06
middle,29.0,0.7435897435897436,13.68916057028119,-77.17926129252069,0.0,-1.0,43.45846701144897,-23.63540688865128,45.22133719513396,-50.57779521477178,37.62826075129194,-76.48812501039521,35.62491875231047,-47.76554468001548,28.03184230846845,-73.6758744756389,33.27880419542087,-55.771338162658736,8.342480614348618,27.0,29.018154836137576,0.0,1.785281050104004e-06
middle,29.5,0.7564102564102564,11.351049891262305,-77.08403277870288,0.0,-1.0,43.2695783695295,-23.994425144437628,44.332611821652634,-50.973490359519985,35.91449257421134,-76.62763755516573,34.83107582326532,-47.85566841602321,26.412956575824026,-73.50981561166896,31.947606688030604,-56.64301621367969,9.248344477301298,27.0,29.018154836137576,0.0,2.1001571823831e-06
middle,30.0,0.7692307692307693,8.998580170354023,-76.90955277492323,0.0,-1.0,43.07772387775964,-24.351867281044086,43.440204448221365,-51.34943398317556,34.20566057842831,-76.72113474439509,34.043278240362284,-47.92923254991887,24.808734370569223,-73.3009333111384,30.56271566788689,-57.4919996247939,10.176484164446501,27.0,29.018154836137576,0.0,2.481591231173752e-06
middle,30.5,0.782051282051282,6.6326710640231825,-76.65276216758794,0.0,-1.0,42.88291668652443,-24.707708798123118,42.544600177462414,-51.70558912120952,32.50308569404197,-76.7688687725093,33.261904010314346,-47.986509682905655,23.220389526893904,-73.04978933420543,29.123299930749095,-58.3163251289141,11.12803355836011,27.0,29.018154836137576,0.0,2.9476603131683987e-06
middle,31.0,0.7948717948717948,4.254314269896101,-76.310225749117,0.0,-1.0,42.68517014859737,-25.061925305039328,41.64628447889898,-52.04193117170465,30.80807953936307,-76.77113078852645,32.48732165785387,-48.02778119409876,21.64911671831796,-72.75698081092055,27.628426206497835,-59.11417383976098,12.104419312837841,27.0,29.018154836137576,0.0,3.522744435713321e-06
middle,31.5,0.8076923076923077,1.8645922539230015,-75.87806035640088,0.0,-1.0,42.48449781822516,-25.414492522541238,40.74574286998183,-52.3584478971695,29.12194325615787,-76.72825057461574,31.719890026483224,-48.05333692908655,20.09609041265926,-72.4231396065328,26.07699581197575,-59.883910674843904,13.10743034579719,27.0,29.018154836137576,0.0,4.240292575730109e-06
middle,32.0,0.8205128205128205,-0.5352979705575985,-75.35184316970535,0.0,-1.0,42.28091345019864,-25.76538628442552,39.84346059720559,-52.65513941809033,27.445966355756283,-76.64059618950144,30.959958089275553,-48.06347488422021,18.562463847826244,-72.04893165563132,24.46766066569822,-60.62413562481787,14.139311301353407,27.0,29.018154836137576,0.0,5.1470933470909586e-06
middle,32.5,0.8333333333333334,-2.9440142071939785,-74.726492614022,0.0,-1.0,42.074430998910046,-26.114582539193393,38.93992231752883,-52.932018198225855,25.78142557709329,-76.50857357707514,30.207864769806875,-48.05850088695343,17.049368029371333,-71.63505626580272,22.798709575660588,-61.33375270264806,15.202890891572187,27.0,29.018154836137576,0.0,6.3100515177438865e-06
middle,33.0,0.8461538461538461,-5.360028954472588,-73.99611054460703,0.0,-1.0,41.86506461739644,-26.462057351699222,38.035611780312124,-53.18910902165614,24.129583757740658,-76.33262614061317,29.463938773290998,-48.038728272555595,15.557910750719534,-71.18224539151262,21.06791049252559,-62.01206587346815,16.301762315789336,27.0,29.018154836137576,0.0,7.827283063477353e-06
middle,33.5,0.8589743589743589,-7.781575864378188,-73.15376826061222,0.0,-1.0,41.6528286563697,-26.807786904791108,37.13101150998781,-53.42644896160168,22.491688718972974,-76.11323428302777,28.72849842797815,-48.00447755752211,14.089175636963315,-70.6912628789482,19.27228546727131,-62.6589172782526,17.440543772679902,27.0,29.018154836137576,0.0,9.846944088565124e-06
middle,34.0,0.8717948717948718,-10.20657650173937,-72.19118914578809,0.0,-1.0,41.43773766323279,-27.151747500943387,36.22660248967453,-53.644087341034975,20.868972165897524,-75.85091491361285,28.001851536867903,-47.95607611000646,12.644221213090903,-70.16290368258433,17.407783457869122,-63.2748875517848,18.62525872172572,27.0,29.018154836137576,0.0,5.7198690228688065e-12
middle,34.5,0.8846153846153846,-12.632538772736796,-71.09839039879195,0.0,-1.0,41.219806381082684,-27.493915563880982,35.322863845949186,-53.842085685112046,19.262648603662974,-75.54622092177692,27.284295239777013,-47.89385781759864,11.2240799974908,-69.59799305426351,15.468756321972853,-63.86164222754112,19.863964832846108,27.0,29.018154836137576,0.0,9.226397423844901e-12
middle,35.0,0.8974358974358975,-15.0564088351653,-69.8629461504804,0.0,-1.0,40.9990497476998,-27.834267640195378,34.420272534988,-54.02051766545681,17.673914270744984,-75.19974061828535,26.57611588579224,-47.81816275277421,9.829757621549225,-68.99738570560275,13.447169990673308,-64.42242189143514,21.167679179843155,27.0,29.018154836137576,0.0,1.6054713114499464e-11
middle,35.5,0.9102564102564102,-17.47435049024301,-68.46905063988515,0.0,-1.0,40.775482894524124,-28.172780400952167,33.51930303028765,-54.1794690363369,16.103946090290936,-74.81209714456655,25.877588916128524,-47.72933683633811,8.462231976131806,-68.36196494456777,11.331216907316888,-64.96297063528043,22.552052512682423,27.0,29.018154836137576,0.0,3.318234575999668e-11
middle,36.0,0.9230769230769231,-19.88139808650069,-66.89585621780397,0.0,-1.0,40.54912114561804,-28.509430643290166,32.620427012176,-54.31903756277505,14.55390064048683,-74.3839478506647,25.18897875740206,-47.62773149918647,7.122452385712888,-67.69264178707611,9.102836791594886,-65.493202081731,24.0403619456918,27.0,29.018154836137576,0.0,8.179767974070273e-11
middle,36.5,0.9358974358974359,-22.270876798196376,-65.11455205297452,0.0,-1.0,40.31998001661595,-28.84419529201178,31.724113059321265,-54.43933294064515,13.024913144891528,-73.91598364245195,24.51053872531875,-47.51370334270821,5.811338810889013,-66.99035404451502,6.732816617669844,-66.03056424311887,25.669467095012816,27.0,29.018154836137576,0.0,2.4282087451865664e-10
middle,37.0,0.9487179487179487,-24.633350514709377,-63.082673167684376,0.0,-1.0,40.088075213660794,-29.177051401164654,30.830826342446457,-54.54047670880796,11.518096483663072,-73.40892829874126,23.842510938767454,-47.38761379814744,4.529781079984071,-66.25606538808074,4.529781079984069,-66.25606538808074,26.999999999999996,27.0,29.018154836137576,0.3171253328650607,9.227605346495693e-10
middle,37.5,0.9615384615384616,-26.95447228267068,-60.731457970446904,0.0,-1.0,39.85342263232752,-29.507976155614493,29.941028320455274,-54.62260215334662,10.034540226581921,-72.86353775896944,23.185126244298672,-47.24982878524538,3.278638150425321,-65.49076439086821,3.278638150425323,-65.49076439086821,27.000000000000004,27.0,29.018154836137576,1.5872689325874987,5.008566006381443e-09
middle,38.0,0.9743589743589743,-29.209702398086048,-57.931544947546925,0.0,-1.0,39.616038356533494,-29.836946872608884,29.05517643917294,-54.68585420396741,8.575309688753478,-72.2805993821467,22.538604150958385,-47.10071837047872,2.0587374005389254,-64.69546354865801,2.0587374005389236,-64.69546354865801,27.000000000000004,27.0,29.018154836137576,2.973499111145152,4.880760684500274e-08
middle,38.5,0.9871794871794872,-31.34609090669882,-54.359427326292455,0.0,-1.0,39.37593865743607,-30.163941003332035,28.17372383290469,-54.73038932263634,7.141445009850827,-71.6609311777962,21.903152775438073,-46.940656425208985,0.8708739523842102,-63.871198280368844,0.8708739523842084,-63.871198280368844,27.0,27.0,29.018154836137576,4.573609205278913,1.5788299236874082e-06
middle,39.0,1.0,-33.03303430070664,-47.21035330948687,0.0,-1.0,39.133139992317346,-30.488936134450366,27.297119029012254,-54.75637538452787,5.733960257735344,-71.00538100963317,21.27896879749177,-46.770020284054944,-0.28418997378513744,-63.01902590916024,-0.2841899737851392,-63.01902590916024,27.0,27.0,29.018154836137576,7.346676170105283,9.999576668917598e-06
ring,0.0,0.0,96.69943806967777,9.172111200234136,0.0,-1.0,44.0,-1.0,70.0,-1.0,96.0,-1.0,70.0,-11.0,96.0,-11.0,75.83944670296232,-11.0,5.8394467029623165,26.000000000000004,29.018154836137576,0.0,7.105427357601002e-15
ring,0.5,0.01282051282051282,96.69181043467647,6.616417486734771,0.0,-1.0,43.99832461482354,-1.383967561928453,69.99293476504363,-1.9133475181736854,95.97999545611421,-2.7335161829090695,69.67748527860694,-11.908370860893141,95.66454596967752,-12.728539525628525,74.4827194133714,-12.060027199057036,4.807626725819176,26.000000000000004,29.018154836137576,0.0,1.3374110281461071e-06
ring,1.0,0.02564102564102564,96.61099994067094,4.081999545379166,0.0,-1.0,43.99329858688122,-1.7679058832404744,69.97174142241397,-2.8264463127739656,95.91999706559753,-4.465967302573408,69.34115642633726,-12.806544637075332,95.28941206952082,-14.446065626874775,73.18968925785002,-13.049711285499153,3.8562073302841595,26.000000000000004,29.018154836137576,0.0,1.2327058200867214e-06
ring,1.5,0.038461538461538464,96.45866940260322,1.569724284303205,0.0,-1.0,43.984922298924516,-2.151785725546419,69.93642705789306,-3.739047753452698,95.82005053811676,-6.196289201502101,68.99133419325867,-13.69428755353874,94.87495767348237,-16.151529001588145,71.95575737395656,-13.975712737873339,2.9777516566424325,26.000000000000004,29.018154836137576,0.0,1.1424828088024697e-06
ring,2.0,0.05128205128205128,96.23639959920116,-0.9194981274391236,0.0,-1.0,43.973196388840215,-2.5355778549100427,69.88700347799737,-4.650903396274358,95.6802320106133,-7.923419532865225,68.62834342546242,-14.571375908818943,94.42157195807835,-17.84389204540981,70.77740309780168,-14.844037876952704,2.166287613439531,26.000000000000004,29.018154836137576,0.0,1.0641441896552806e-06
ring,2.5,0.0641025641025641,95.94570505678243,-3.384726177885098,0.0,-1.0,43.958121749601744,-2.919253044074784,69.8234872052986,-5.5617650768276325,95.50064797859365,-9.64629866370859,68.25251274880593,-15.43759614347957,93.92967352210097,-19.522129730360525,69.65186180619719,-15.660194283326454,1.4169430885837027,26.000000000000004,29.018154836137576,0.0,9.956282447376452e-07
ring,3.0,0.07692307692307693,95.58804581973467,-5.824996140885832,0.0,-1.0,43.93969952920125,-3.302782074689529,69.74589947187562,-6.471385003223363,95.28143520002854,-11.363870575631859,67.86417425171851,-16.292744898666797,93.39970997987143,-21.185230471075293,68.57689885373144,-16.42929949730811,0.7256883054897467,26.000000000000004,29.018154836137576,0.0,9.352856480404625e-07
ring,3.5,0.08974358974358974,95.16483696913605,-8.239329890238428,0.0,-1.0,43.917931130562145,-3.6861357395337024,69.6542662109001,-7.379515848941065,95.0227605719521,-13.075083762088322,67.46366316738192,-17.136629064730297,92.83215752843392,-22.832196977877555,67.55064705766044,-17.156158117080825,0.08914920669133591,26.000000000000004,29.018154836137576,0.0,8.817864625143557e-07
ring,4.0,0.10256410256410256,94.67745629106628,-10.626741592823569,0.0,-1.0,43.892818211432264,-4.069284844741514,69.54861804635932,-8.285910845486267,94.72482097987874,-14.778892121467928,67.05131755559715,-17.96906581991681,92.22752048911657,-24.46204709589847,67.05131755559715,-17.96906581991681,0.0,26.000000000000004,29.018154836137576,0.43296170250372157,8.340504713544306e-07
ring,4.5,0.11538461538461539,94.12725041805382,-12.986243434647644,0.0,-1.0,43.86436268425763,-4.452200212025177,69.42899028092044,-9.190323874821011,94.38784312018217,-16.474255845129168,66.62747798464808,-18.78988265915244,91.5863308239098,-26.0738146294606,66.62747798464808,-18.78988265915244,0.0,26.000000000000004,29.018154836137576,0.9126444842988697,7.911944948091332e-07
ring,5.0,0.1282051282051282,93.51553970669241,-15.316850503638454,0.0,-1.0,43.8325667160368,-4.83485268089696,69.29542288194114,-10.092509561529946,94.01208329560586,-18.160142299550394,66.19248721347174,-19.598917412939457,90.90914762713646,-27.666550150959903,66.19248721347174,-19.598917412939457,0.0,26.000000000000004,29.018154836137576,1.3615951339073824,7.524921770141191e-07
ring,5.5,0.14102564102564102,92.8436220672313,-17.617584930132587,0.0,-1.0,43.79743272815587,-5.217213110889855,69.1479604656324,-10.992223364684541,93.59782718410045,-19.835526901776795,65.74668987444306,-20.396018256403025,90.19655659291112,-29.23932179349528,65.74668987444306,-20.396018256403025,0.0,26.000000000000004,29.018154836137576,1.7791492373809774,7.173428713258545e-07
ring,6.0,0.15384615384615385,92.11277592362867,-19.887479368405142,0.0,-1.0,43.758963396204024,-5.5992523837767525,68.98665227937994,-11.889221669368114,93.14538958120876,-21.499393987345798,65.29043215708083,-21.181043708533046,89.44916945890965,-30.79121602651073,65.29043215708083,-21.181043708533046,0.0,26.000000000000004,29.018154836137576,2.1646367457100446,6.852475920027246e-07
ring,6.5,0.16666666666666666,91.32426245277036,-22.125579888990835,0.0,-1.0,43.71716164976985,-5.980941405787895,68.81155218223174,-12.78326187782443,92.65511411624496,-23.150737669880833,64.82406149297927,-21.95386262167567,88.66762342699249,-32.32133841373207,64.82406149297927,-21.95386262167567,0.0,26.000000000000004,29.018154836137576,2.5173975313131223,6.557900071868517e-07
ring,7.0,0.1794871794871795,90.47932722753637,-24.330948340932565,0.0,-1.0,43.67203067221817,-6.362251109826489,68.62271862355925,-13.674102500192884,92.12737294253827,-24.788562691551725,64.34792624226739,-22.714354161338665,87.85258056124641,-33.828814352697506,64.34792624226739,-22.714354161338665,0.0,26.000000000000004,29.018154836137576,2.83679707542521,6.286214819795077e-07
ring,7.5,0.19230769230769232,89.57920136883328,-26.50266423475072,0.0,-1.0,43.62357390044766,-6.743152457682269,68.42021461990156,-14.561503244793371,91.56256640203776,-26.411885263608525,63.86237538189573,-23.462407776384218,87.00472716403193,-35.31278979519937,63.86237538189573,-23.462407776384218,0.0,26.000000000000004,29.018154836137576,3.1222420664539072,6.034492052719997e-07
ring,8.0,0.20512820512820512,88.62510229562267,-28.639826190280477,0.0,-1.0,43.5717950246291,-7.123616442242879,68.20410773000165,-15.44522510792414,90.96112266459792,-28.01973389620538,63.367758196047326,-24.19792315969194,86.1247731306436,-36.772431947973175,63.367758196047326,-24.19792315969194,0.0,26.000000000000004,29.018154836137576,3.373195614148063,5.800265370226043e-07
ring,8.5,0.21794871794871795,87.61823414862405,-30.741552988173517,0.0,-1.0,43.51669798792434,-7.503614089702868,67.97447002804529,-16.3250304631362,90.3234973422901,-29.611150216741436,62.86442396896635,-24.920810199384206,85.21345128321116,-38.20692995298944,62.86442396896635,-24.920810199384206,0.0,26.000000000000004,29.018154836137576,3.589191722715743,5.581453557113036e-07
ring,9.0,0.23076923076923078,86.55978795219502,-32.806984259472166,0.0,-1.0,43.45828698618606,-7.883116461770158,67.7313780751133,-17.200683149947967,89.65017307910736,-31.185189775956808,62.35272168049451,-25.630988920714913,84.27151668448857,-39.61549554672375,62.35272168049451,-25.630988920714913,0.0,26.000000000000004,29.018154836137576,3.7698486239504625,5.376297309567235e-07
ring,9.5,0.24358974358974358,85.45094156945696,-34.835280844016246,0.0,-1.0,43.39656646763818,-8.262094657869817,67.47491288885917,-18.07194856196414,88.941659116455,-32.74092284103356,61.8329997046017,-26.328389418731767,83.29974593219754,-40.997363697801184,61.8329997046017,-26.328389418731767,0.0,26.000000000000004,29.018154836137576,3.914880554616822,5.183308040557222e-07
ring,10.0,0.2564102564102564,84.29285949772213,-36.82562484532446,0.0,-1.0,43.331541132537154,-8.640519817344934,67.20515991142427,-18.93859373436301,88.19849083484125,-34.277435174964204,61.30560551119305,-27.012951781831077,82.29893643461003,-42.35179322243227,61.30560551119305,-27.012951781831077,0.0,26.000000000000004,29.018154836137576,4.024107574995458,5.001225567013989e-07
ring,10.5,0.2692307692307692,83.08669254441945,-38.77721940689101,0.0,-1.0,43.263215932814006,-9.018363121654488,66.92220897560412,-19.800387430716704,87.42122927220566,-35.79382880146358,60.770885371470705,-27.684626006332685,81.26990566807225,-43.678067377079564,60.770885371470705,-27.684626006332685,0.0,26.000000000000004,29.018154836137576,4.097463069448178,4.82898283138411e-07
ring,11.0,0.28205128205128205,81.83357741782531,-40.6892882324199,0.0,-1.0,43.19159607169721,-9.39559579656797,66.62615426927923,-20.65710022910901,86.61046061934474,-37.28922275471383,60.229184067123526,-28.343371902211125,80.21349041718904,-44.97549442781595,60.229184067123526,-28.343371902211125,0.0,26.000000000000004,29.018154836137576,4.134998643958838,4.6656775154474417e-07
ring,11.5,0.2948717948717949,80.53463626181913,-42.561074870317526,0.0,-1.0,43.1166870033165,-9.772189114356676,66.31709429812554,-21.508504607515995,85.76679569291628,-38.76275381324719,59.680844603613544,-28.989158990127812,79.13054599840427,-46.243408195859004,59.680844603613544,-28.989158990127812,0.0,26.000000000000004,29.018154836137576,4.136886235385109,4.5105469581585567e-07
ring,12.0,0.3076923076923077,79.19097615948074,-44.39184178070878,0.0,-1.0,43.03849443228745,-10.14811439598141,65.99513184661956,-22.354375028414573,84.89086938652537,-40.21357721728613,59.126207927822804,-29.621966389916807,78.02194546772861,-47.48116857878836,59.126207927822804,-29.621966389916807,0.0,26.000000000000004,29.018154836137576,4.1034173651211105,4.362948615721507e-07
ring,12.5,0.32051282051282054,77.80368862653289,-46.180869201281205,0.0,-1.0,42.95702431327707,-10.523343013276527,65.66037393735415,-23.194488022584828,83.98334010041519,-41.64086736887716,58.56561265031864,-30.241782700685228,76.88857881337968,-48.68816204697756,58.56561265031864,-30.241782700685228,0.0,26.000000000000004,29.018154836137576,4.034999596254991,4.222342475657115e-07
ring,13.0,0.3333333333333333,76.37384911232552,-47.927453826361244,0.0,-1.0,42.87228285055035,-10.89784639113006,65.31293178868209,-24.028622272072,83.04488915030706,-43.04381851417043,57.99939477249039,-30.848605872696986,75.73135213411535,-49.86380211479542,57.99939477249039,-30.848605872696986,0.0,26.000000000000004,29.018154836137576,3.9321503772551765,4.088277272273899e-07
ring,13.5,0.34615384615384615,74.9025165231984,-49.63090731175312,0.0,-1.0,42.78427649749777,-11.271596009659838,64.95292077070417,-24.856558692274508,82.07622015595265,-44.4216454072152,57.4278874188039,-31.442443071216232,74.55118680405239,-51.00752978615693,57.4278874188039,-31.442443071216232,0.0,26.000000000000004,29.018154836137576,3.7954885661842646,3.96037826533302e-07
ring,14.0,0.358974358974359,73.39073278059274,-51.290554615999405,0.0,-1.0,42.69301195614384,-11.64456340638538,64.58046035962053,-25.678080513124716,81.07805840998203,-45.773583954658804,56.851420574415116,-32.02331053249453,73.34901862477662,-52.11881397402861,56.851420574415116,-32.02331053249453,0.0,26.000000000000004,29.018154836137576,3.6257240185342745,3.8383370792871574e-07
ring,14.5,0.3717948717948718,71.83952242417142,-52.90573218682831,0.0,-1.0,42.59849617663674,-12.016720178395424,64.19567409046373,-26.492973359329504,80.05115022764849,-47.098891840755286,56.27032082837689,-32.591233412092876,72.12579696556165,-53.19715189351866,56.27032082837689,-32.591233412092876,0.0,26.000000000000004,29.018154836137576,3.4236456828207587,3.7219038517832814e-07
ring,15.0,0.38461538461538464,70.24989226841173,-54.47578599962167,0.0,-1.0,42.500736356719,-12.388037984510913,63.79868950823279,-27.301025329638108,78.9962622780899,-48.396849132109004,55.68491112266706,-33.146245625736995,70.88248389252416,-54.24206942820789,55.68491112266706,-33.146245625736995,0.0,26.000000000000004,29.018154836137576,3.190108678189933,3.6108797729639264e-07
ring,15.5,0.3974358974358974,68.62283111962964,-56.00006945274525,0.0,-1.0,42.39973994117941,-12.758488547443301,63.38963811744877,-28.102027075105177,77.91418089774389,-49.66675886159807,55.09551050725919,-33.688389682910994,69.62005328755431,-55.25312146940388,55.09551050725919,-33.688389682910994,0.0,26.000000000000004,29.018154836137576,2.9260208279447326,3.5051119695594934e-07
ring,16.0,0.41025641025641024,66.95930955915934,-57.4779411225066,0.0,-1.0,42.29551462128603,-13.128043655947963,62.968655330152075,-28.89577187631711,76.80571138657038,-50.907947590942356,54.502433901450054,-34.21771651340107,68.33948995786835,-56.229892228026316,54.502433901450054,-34.21771651340107,0.0,26.000000000000004,29.018154836137576,2.6323290954549776,3.404488957414742e-07
ring,16.5,0.4230769230769231,65.26027979741826,-58.90876237833134,0.0,-1.0,42.188068334200494,-13.496675166972597,62.535880412363255,-29.682055719550704,75.67167728775185,-52.11976595140216,53.90599186165116,-34.73428528700785,67.04178873703975,-57.171995518859305,53.90599186165116,-34.73428528700785,0.0,26.000000000000004,29.018154836137576,2.3100063198657956,3.308937301937931e-07
ring,17.0,0.4358974358974359,63.526675602833734,-60.29189485643732,0.0,-1.0,42.07740926237356,-13.864355007800418,62.09145642902912,-30.46067737183295,74.51291965155687,-53.3015891621138,53.30649035584418,-35.23816322665132,65.72795357837194,-58.079075016932165,53.30649035584418,-35.23816322665132,0.0,26.000000000000004,29.018154836137576,1.9600385849991326,3.218419166728381e-07
ring,17.5,0.44871794871794873,61.75941230907097,-61.626697787817555,0.0,-1.0,41.96354583292199,-14.231055178188017,61.6355301874768,-31.231438454871828,73.33029628406744,-54.452817525591,52.70423054489251,-35.729425415098994,64.39899664148315,-58.95080448581817,52.70423054489251,-35.729425415098994,0.0,26.000000000000004,29.018154836137576,1.5834134827170523,3.132931212235235e-07
ring,18.0,0.46153846153846156,59.95938690368135,-62.91252517367211,0.0,-1.0,41.84648671698675,-14.596747752497686,61.168252179399005,-31.994143517828,72.12468098148476,-55.57287689994219,52.09950857089355,-36.20815459555329,63.0559373729793,-59.786887977667476,52.09950857089355,-36.20815459555329,0.0,26.000000000000004,29.018154836137576,1.1811094580855936,3.052504027323266e-07
ring,18.5,0.47435897435897434,58.12747820118495,-64.1487227985105,0.0,-1.0,41.72624082907277,-14.961404881824054,60.68977652139439,-32.74860010889805,70.89696275074193,-56.66121914737683,51.49261535274871,-36.67444096633942,61.69980158209625,-60.5870600048182,51.49261535274871,-36.67444096633942,0.0,26.000000000000004,29.018154836137576,0.7540863531479793,2.9772029108698916e-07
ring,19.0,0.48717948717948717,56.26454710370225,-65.33462506792863,0.0,-1.0,41.602817326369944,-15.324998796114894,60.200260894087286,-33.49461884568029,69.6480450171642,-57.717322558596734,50.88383638911942,-37.12838196994064,60.33162051219633,-61.35108568285708,50.88383638911942,-37.12838196994064,0.0,26.000000000000004,29.018154836137576,0.30327720281269777,2.9071293283777777e-07
ring,19.5,0.5,54.371436952578556,-66.46955165446803,0.0,-1.0,41.47622560805585,-15.687501806285919,59.69986647985198,-34.23201348429464,68.37884481993002,-58.740692252691275,50.27345156893019,-37.570082076632346,58.95242990900824,-62.07876084502898,50.331496341364414,-37.733995457451115,0.17388729688617297,26.000000000000004,29.018154836137576,0.0,2.842423931781468e-07
ring,20.0,0.5128205128205128,52.44897397499894,-67.55280393091321,0.0,-1.0,41.34647531457997,-16.048886306329422,59.188757899167044,-34.96060098722869,67.09029199609746,-59.73086055217968,49.66173498957051,-37.99965256297116,57.56326908650093,-62.76991212792215,49.86905186439056,-38.64956342059589,0.682176230488621,26.000000000000004,29.018154836137576,0.0,2.783271035866619e-07
ring,20.5,0.5256410256410257,50.49796783039883,-68.58366116576013,0.0,-1.0,41.21357632692949,-16.409124775416565,58.66710314562586,-35.6802015898825,65.78332835397046,-60.68738733286688,49.04895478293956,-38.41721128539965,56.16517999128416,-63.42439702838403,49.38183244531057,-39.58697942635746,1.2162092919006462,26.000000000000004,29.018154836137576,0.0,2.729904018394791e-07
ring,21.0,0.5384615384615384,48.51921226256074,-69.56137645026465,0.0,-1.0,41.077538765876874,-16.76818977999321,58.13507351963006,-36.390638865785284,64.45890683659023,-61.60986034820429,48.4353729494689,-38.8228824492315,54.759206266429075,-64.04210393165052,48.867279207572,-40.54530918580158,1.7757524823691138,26.000000000000004,29.018154836137576,0.0,2.682613242654952e-07
ring,21.5,0.5512820512820513,46.513485864688064,-70.48517232028235,0.0,-1.0,40.93837299120908,-17.12605397586908,57.59284356079307,-37.09173979045758,63.11799067614525,-62.49789552787121,47.821245200249365,-39.21679637328534,53.34639231560154,-64.62295211069896,48.32288700050725,-41.52348421990134,2.360604439013856,26.000000000000004,29.018154836137576,0.0,2.6417563248060105e-07
ring,22.0,0.5641025641025641,44.48155296651268,-71.35423602883009,0.0,-1.0,40.79608960093864,-17.48269011030013,57.040590979081614,-37.78333480389327,61.76155254010227,-63.35113725031728,47.20682080738007,-39.599089250439675,51.92778236840073,-65.16689169686369,47.74620887119755,-42.52030927720535,2.9706002639476083,26.000000000000004,29.018154836137576,0.0,2.6077709591731946e-07
ring,22.5,0.5769230769230769,42.42416465469392,-72.16771441665942,0.0,-1.0,40.650699430496616,-17.838071024063947,56.47849658472336,-38.465257871636055,60.39057366986773,-64.16925858903194,46.59234246264802,-39.969902904383886,50.50441954779238,-65.67390362177977,47.13485967618647,-43.53447040714244,3.605615954134316,26.000000000000004,29.018154836137576,0.0,2.581191971273711e-07
ring,23.0,0.5897435897435898,40.342059940489065,-72.9247083177912,0.0,-1.0,40.502213551907374,-18.192169653528047,55.90674421690957,-39.13734654442603,59.00604301279607,-64.95196153233195,45.97804614463807,-40.32938454284391,49.07734494052457,-66.14399953074982,46.48651871809557,-44.56454371276204,4.265573531484375,26.000000000000004,29.018154836137576,0.0,2.961446554650138e-07
ring,23.5,0.6025641025641025,38.23596709203205,-73.62426642447015,0.0,-1.0,40.35064327294546,-18.544959032710832,55.325520671322025,-39.799442016391964,57.60895634836724,-65.6989771764831,45.3641609943639,-40.6776865075632,47.64759667140912,-66.57722166765433,45.79893127483167,-45.609004818271565,4.950446997828139,26.000000000000004,29.018154836137576,0.0,3.434738005125837e-07
ring,24.0,0.6153846153846154,36.10660515270972,-74.26537852078002,0.0,-1.0,40.196000136274435,-18.89641229533521,54.73501562651385,-40.451389181766295,56.20031540936042,-66.41006589199922,44.75090919950118,-41.01496602132267,46.21620898234775,-66.9736427315556,45.06990886620155,-46.66623910242572,5.660269271382316,26.000000000000004,29.018154836137576,0.0,3.9797063777768926e-07
ring,24.5,0.6282051282051282,33.954685672260126,-74.84696797546019,0.0,-1.0,40.038295918567904,-19.246502676874517,54.13542156917478,-41.09303669009962,54.781126998856216,-67.08501746298572,44.138505887295516,-41.34138493228479,44.78421131697695,-67.33336570517088,44.2973280725589,-47.734552769993954,6.395140302421107,26.000000000000004,29.018154836137576,0.0,4.608227541780252e-07
ring,25.0,0.6410256410256411,31.78091468360837,-75.3678833612839,0.0,-1.0,39.8775426296126,-19.59520351659078,53.52693371831116,-41.72423699995277,53.35240210390191,-67.72365119942219,43.52715902620754,-41.65710945594921,43.35262741179829,-67.65652365541864,43.47912768010626,-48.8121848620423,7.1552366192241665,26.000000000000004,29.018154836137576,0.0,5.33457260587511e-07
ring,25.5,0.6538461538461539,29.585994966449125,-75.82688903937101,0.0,-1.0,39.71375251139387,-19.942488259564985,52.90974994837218,-42.34484643104466,51.91515500667814,-68.32581602230427,42.91706933634926,-41.96230991500849,41.92247439465521,-67.9432795062681,42.613303874191786,-49.897320344224866,7.940822625381601,26.000000000000004,29.018154836137576,0.0,6.175996531965211e-07
ring,26.0,0.6666666666666666,27.370628648646704,-76.22265451022818,0.0,-1.0,39.54693803716335,-20.288330458719408,52.284070711353614,-42.95472521483523,50.470402394006356,-68.89139052159067,42.30843020875537,-42.257160477393974,40.49476189140812,-68.19382578414941,41.69790313048756,-50.988104464387334,8.752264062362023,26.000000000000004,29.018154836137576,0.0,7.153492660449956e-07
ring,26.5,0.6794871794871795,25.135520209282454,-76.553742286717,0.0,-1.0,39.377111910489106,-20.632703776831587,51.65009895791128,-43.55373754352299,49.019162466038004,-69.42028298692787,41.70142763352479,-42.5418388928025,39.070491141651516,-68.40838433620738,40.73101235734893,-52.08265864185869,9.59004417571765,26.000000000000004,29.018154836137576,0.0,8.292779938301464e-07
ring,27.0,0.6923076923076923,22.881379963501324,-76.81859398420788,0.0,-1.0,39.20428706428819,-20.975581988540057,51.0080400575164,-44.14175161743762,47.56245404496649,-69.91243141115126,41.09624013685731,-42.81652622799535,37.6506541243074,-68.587206021709,39.71074571086889,-53.179098248566945,10.454783292157629,26.000000000000004,29.018154836137576,0.0,9.625599233231696e-07
ring,27.5,0.7051282051282052,20.60892813034827,-77.01551424526394,0.0,-1.0,39.02847665984176,-21.316938982341494,50.35810171768582,-44.718639690808644,46.101295684602285,-70.36780346658706,40.49303872700182,-43.08140660116113,36.23623269391828,-68.73057037693955,38.63522732241234,-54.27555277800888,11.347262746744603,26.000000000000004,29.018154836137576,0.0,1.1191434694524105e-06
ring,28.0,0.717948717948718,18.318899612202692,-77.14265201378169,0.0,-1.0,38.84969408579279,-21.656748762579195,49.70049390232006,-45.284278115891865,44.6367047816502,-70.78639645420614,39.89198684912226,-43.336666915634225,34.8281977284524,-68.8387852539485,37.50256892478424,-55.3701890892623,12.268454422638012,26.000000000000004,29.018154836137576,0.0,1.3039828132832554e-06
ring,28.5,0.7307692307692307,16.01204965048208,-77.19797853728565,0.0,-1.0,38.667952957126474,-21.99498545142277,49.03542874918287,-45.838547385436,43.16969668952557,-71.16823722570662,39.293240349078786,-43.58249659326012,33.42750828942149,-68.91218643353074,36.31084100439037,-56.46123868588777,13.219557622689846,26.000000000000004,29.018154836137576,0.0,1.5233525019198169e-06
ring,29.0,0.7435897435897436,13.68916057028119,-77.17926129252069,0.0,-1.0,38.48326711413341,-22.33162329083883,48.363120486556184,-46.38133217347245,41.701283835543535,-71.51338207862791,38.69694744611178,-43.819087307698354,32.03511079509913,-68.95113721285382,35.05803559143176,-57.54703038453415,14.202045648672405,26.000000000000004,29.018154836137576,0.0,1.785281050104004e-06
ring,29.5,0.7564102564102564,11.351049891262305,-77.08403277870288,0.0,-1.0,38.295650621355584,-22.666636644552554,47.68378534910436,-46.91252137441212,40.23247484231058,-71.82191662462533,38.10324871440697,-44.046632717952974,30.651938207613192,-68.95602796816618,33.742018047385685,-58.62603031024699,15.217725424160982,26.000000000000004,29.018154836137576,0.0,2.1001571823831e-06
ring,30.0,0.7692307692307693,8.998580170354023,-76.90955277492323,0.0,-1.0,38.105117766515306,-22.999999999999996,46.997641492982694,-47.43200814043361,38.76427365414441,-72.09395563105939,37.51227707351124,-44.265328202418885,29.278909234672955,-68.92727569304466,32.360464088208225,-59.6968920304956,16.26881492966044,26.000000000000004,29.018154836137576,0.0,2.481591231173752e-06
ring,30.5,0.782051282051282,6.6326710640231825,-76.65276216758794,0.0,-1.0,37.91168305942713,-23.33168797027098,46.30490891022468,-47.93968991714801,37.297678669341614,-72.32964283608005,36.924157787558514,-44.47537059373144,27.916927546675446,-68.8653235126635,30.910776576868574,-60.75852098402713,17.358045403157156,26.000000000000004,29.018154836137576,0.0,2.9476603131683987e-06
ring,31.0,0.7948717948717948,4.254314269896101,-76.310225749117,0.0,-1.0,37.715361230892945,-23.661675296042382,45.605809342443386,-48.43546847752612,35.83368187910669,-72.5291507374112,36.33900847325682,-44.67695791470432,26.566881009920124,-68.77064017458939,29.389973962468513,-61.81015947639793,18.48879867340621,26.000000000000004,29.018154836137576,0.0,3.522744435713321e-06
ring,31.5,0.8076923076923077,1.8645922539230015,-75.87806035640088,0.0,-1.0,37.516167231580056,-23.989936847501745,44.90056619388204,-48.919249954074765,34.37326801394908,-72.69268035506613,35.756939116577676,-44.87028911563901,25.229640936644714,-68.64371951663037,27.794537989679394,-62.851501937740046,19.665295478566343,26.000000000000004,29.018154836137576,0.0,4.240292575730109e-06
ring,32.0,0.8205128205128205,-0.5352979705575985,-75.35184316970535,0.0,-1.0,37.31411623088274,-24.316447626261017,44.18940444385,-49.390944869249424,32.917413698347104,-72.82046096824936,35.1780520980808,-45.05556381328677,23.9060613525779,-68.48507991228671,26.120201275885254,-63.88285585534585,20.892859716997332,26.000000000000004,29.018154836137576,0.0,5.1470933470909586e-06
ring,32.5,0.8333333333333334,-2.9440142071939785,-74.726492614022,0.0,-1.0,37.10922361576697,-24.64118276726025,43.472550558579385,-49.85046816409127,31.467086614468496,-72.91274982672503,34.602442226797166,-45.232982031740924,22.59697828268628,-68.2952636943747,24.36164332358691,-64.90537369071374,22.178299208009967,26.000000000000004,29.018154836137576,0.0,6.3100515177438865e-06
ring,33.0,0.8461538461538461,-5.360028954472588,-73.99611054460703,0.0,-1.0,36.901504989598656,-24.964117540661192,42.75023240253915,-50.29773922507731,30.023244675729046,-72.96983183695646,34.030196782585634,-45.40274394553496,21.30320905577553,-68.07483655741412,22.512042064087172,-65.921398956543,23.530471554561625,26.000000000000004,29.018154836137576,0.0,7.827283063477353e-06
ring,33.5,0.8589743589743589,-7.781575864378188,-73.15376826061222,0.0,-1.0,36.6909761709554,-25.28522735373056,42.02267914924248,-50.73268190917332,28.586835210959144,-72.99201922334544,33.46139556686859,-45.565049625218194,20.025551628585255,-67.82438693939031,20.562387779740185,-66.9350035090759,24.96115644137115,26.000000000000004,29.018154836137576,0.0,9.846944088565124e-06
ring,34.0,0.8717948717948718,-10.20657650173937,-72.19118914578809,0.0,-1.0,36.47765319242183,-25.604487752712863,41.29012119158441,-51.155224567079614,27.158794159938992,-72.97965116492377,32.896110961644354,-45.72009878567753,18.764783929998934,-67.54452538352169,18.764783929998934,-67.54452538352169,26.000000000000004,26.000000000000004,29.018154836137576,0.323474453751075,5.7198690228688065e-12
ring,34.5,0.8846153846153846,-12.632538772736796,-71.09839039879195,0.0,-1.0,36.26155229936869,-25.921874424692646,40.55279005174631,-51.56530006466066,25.74004528104995,-72.93309340787249,32.33440799666484,-45.868090537469755,17.521663225968478,-67.23588388068158,17.521663225968478,-67.23588388068158,26.000000000000004,26.000000000000004,29.018154836137576,1.3824184278843745,9.226397423844901e-12
ring,35.0,0.8974358974358975,-15.0564088351653,-69.8629461504804,0.0,-1.0,36.04268994871564,-26.237363199446026,39.81091829070405,-51.96284580255058,24.331499371778342,-72.85273785426796,31.77634442465891,-46.00922314142531,16.2969255057332,-66.89911519314268,16.2969255057332,-66.89911519314268,25.999999999999993,26.000000000000004,29.018154836137576,2.4749534295741213,1.6054713114499464e-11
ring,35.5,0.9102564102564102,-17.47435049024301,-68.46905063988515,0.0,-1.0,35.821082807678046,-26.550930051281348,39.06473941737728,-52.34780373392658,22.934053502794523,-72.73900212747573,31.221970804473763,-46.143693766779364,15.091284889891005,-66.53489216032851,15.091284889891007,-66.53489216032851,25.999999999999996,26.000000000000004,29.018154836137576,3.6048673527381325,3.318234575999668e-11
ring,36.0,0.9230769230769231,-19.88139808650069,-66.89585621780397,0.0,-1.0,35.59674775249769,-26.862551100868817,38.31448779745668,-52.72012038044392,21.54859026631624,-72.59232911463597,30.671330591998196,-46.271698253082214,13.905433060857757,-66.14390698727426,13.905433060857757,-66.14390698727426,25.999999999999996,26.000000000000004,29.018154836137576,4.777042849708337,8.179767974070273e-11
ring,36.5,0.9358974358974359,-22.270876798196376,-65.11455205297452,0.0,-1.0,35.36970186715756,-27.172202617059014,37.56039856194683,-53.07974684632627,20.175977039451364,-72.41318648670574,30.12446023872396,-46.39343087613571,12.74003871622849,-65.72687051651518,12.74003871622849,-65.72687051651518,25.999999999999996,26.000000000000004,29.018154836137576,5.998114797548254,2.4282087451865664e-10
ring,37.0,0.9487179487179487,-24.633350514709377,-63.082673167684376,0.0,-1.0,35.139962442080886,-27.479861018690123,36.80270751546212,-53.426638830606315,18.817065263199204,-72.20206619654437,29.581389297793642,-46.50908411819751,11.595747045530727,-65.28451148413555,11.595747045530729,-65.28451148413555,26.000000000000004,26.000000000000004,29.018154836137576,7.277789868487325,9.227605346495693e-10
ring,37.5,0.9615384615384616,-26.95447228267068,-60.731457970446904,0.0,-1.0,34.907546972814345,-27.78550287638371,36.04165104431308,-53.76075663751202,17.47268973777471,-71.95948395554942,29.042140537375612,-46.61884844268957,10.473179230837246,-64.81757576072697,10.473179230837246,-64.81757576072697,25.999999999999996,26.000000000000004,29.018154836137576,8.631884425629941,5.008566006381443e-09
ring,38.0,0.9743589743589743,-29.209702398086048,-57.931544947546925,0.0,-1.0,34.672473158695766,-28.089104914328964,35.27746602442123,-54.08206518499497,16.143667934903085,-71.68597868937097,28.50673006119969,-46.72291207364184,9.372931971681545,-64.32682557801783,9.372931971681545,-64.32682557801783,25.999999999999996,26.000000000000004,29.018154836137576,10.090914307139762,4.880760684500274e-08
ring,38.5,0.9871794871794872,-31.34609090669882,-54.359427326292455,0.0,-1.0,34.434758901506214,-28.390644012055258,34.51038972909963,-54.390534011397904,14.830799327715013,-71.38211197325097,27.97516743607922,-46.82146078009613,8.295577034694606,-63.8130387419492,8.295577034694606,-63.8130387419492,26.000000000000007,26.000000000000004,29.018154836137576,11.735159212831917,1.5788299236874082e-06
ring,39.0,1.0,-33.03303430070664,-47.21035330948687,0.0,-1.0,34.19442230410672,-28.690097206192846,33.740659736737356,-54.68613728025902,13.534864738856115,-71.0484674475548,27.447455826238983,-46.91467766568931,7.241660828357741,-63.27700783298509,7.241660828357741,-63.27700783298509,26.000000000000004,26.000000000000004,29.018154836137576,14.342985085646404,9.999576668917598e-06
little,0.0,0.0,96.69943806967777,9.172111200234136,0.0,-1.0,34.0,-1.0,57.0,-1.0,80.0,-1.0,57.0,-11.0,80.0,-11.0,75.8394467029623,-11.0,18.83944670296231,22.999999999999996,29.018154836137576,0.0,7.105427357601002e-15
little,0.5,0.01282051282051282,96.69181043467647,6.616417486734771,0.0,-1.0,33.99640388552165,-1.4944925201538102,56.98956327542545,-2.055403627619704,79.97778997055374,-2.7912252183541955,56.66964084467133,-12.050284799414612,79.65786753979961,-12.786106390149104,74.98045964364147,-12.636388982003197,18.32019659287438,22.999999999999996,29.018154836137576,0.0,1.3374110281461071e-06
little,1.0,0.02564102564102564,96.61099994067094,4.081999545379166,0.0,-1.0,33.98561630279482,-1.9888804372657876,56.95825793144885,-3.110369002268462,79.91117676506701,-4.581258874874932,56.318740595532994,-13.089898929928536,79.27165942915116,-14.560788802535006,74.0999578749495,-14.229371108107546,17.81769022019027,22.999999999999996,29.018154836137576,0.0,1.2327058200867214e-06
little,1.5,0.038461538461538464,96.45866940260322,1.569724284303205,0.0,-1.0,33.967639533783164,-2.483059170421424,56.90609845472992,-4.164458091569529,79.80021101717503,-6.3689103995346805,55.94764092952768,-14.118420075241318,78.8417534919728,-16.32287238320647,73.19797586163742,-15.779438406942916,17.330119363934408,22.999999999999996,29.018154836137576,0.0,1.1424828088024697e-06
little,2.0,0.05128205128205128,96.23639959920116,-0.9194981274391236,0.0,-1.0,33.94247738122312,-2.9769241829561777,56.83310898109862,-5.217233304211822,79.64497706654764,-8.152991205005499,55.55669250249267,-15.13543681962444,78.36856058794169,-18.071194720418116,72.27477322716342,-17.2869588865465,16.855956523468503,22.999999999999996,29.018154836137576,0.0,1.0641441896552806e-06
little,2.5,0.0641025641025641,95.94570505678243,-3.384726177885098,0.0,-1.0,33.910135167819455,-3.4703710045687606,56.73932328265583,-6.268257710175991,79.44559288435543,-9.93231567572901,55.14625460198061,-16.140548841349734,77.8525242036802,-19.80460680690275,71.33079640021855,-18.752210745083172,16.393906524020547,22.999999999999996,29.018154836137576,0.0,9.956282447376452e-07
little,3.0,0.07692307692307693,95.58804581973467,-5.824996140885832,0.0,-1.0,33.87061973511935,-3.9632952534203776,56.62478474972474,-7.317095260592552,79.20220996902101,-11.705702154253084,54.71669479595929,-17.13336709506919,77.29412001525556,-21.521973988729723,70.3666473565633,-20.175409711790028,15.942867948744412,22.999999999999996,29.018154836137576,0.0,9.352856480404625e-07
little,3.5,0.08974358974358974,95.16483696913605,-8.239329890238428,0.0,-1.0,33.823939442065125,-4.455592658215264,56.48954636766305,-8.3633110071098,78.91501321235381,-13.471973923928177,54.268388577742016,-18.113513983062305,76.69385542243278,-23.22217689988068,69.38305781452286,-21.556731052507555,15.501902138918568,22.999999999999996,29.018154836137576,0.0,8.817864625143557e-07
little,4.0,0.10256410256410256,94.67745629106628,-10.626741592823569,0.0,-1.0,33.770104163226065,-4.947159080257828,56.33367068854943,-9.406471320649459,78.5842207361953,-15.229960187059898,53.80171900750142,-19.0806235152781,76.05226905514729,-24.904112381688538,68.38086763795424,-22.896327376503212,15.07020805249226,22.999999999999996,29.018154836137576,0.0,8.340504713544306e-07
little,4.5,0.11538461538461539,94.12725041805382,-12.986243434647644,0.0,-1.0,33.70912528670955,-5.4378905354817535,56.15722979776015,-10.446144109428419,78.21008369972859,-16.978497037618638,53.317076350720924,-20.034341458110347,75.36993025268936,-26.56669438630057,67.36100652740666,-24.194343098749854,14.647101708452343,22.999999999999996,29.018154836137576,0.0,7.911944948091332e-07
little,5.0,0.1282051282051282,93.51553970669241,-15.316850503638454,0.0,-1.0,33.64101571175211,-5.927683216446389,55.96030527545527,-11.481899036125283,77.79288607763505,-18.716428427612396,52.81485771393913,-20.97432547185562,74.64743851611891,-28.208854863342737,66.32447831308279,-25.450926208062977,14.231999258158316,22.999999999999996,29.018154836137576,0.0,7.524921770141191e-07
little,5.5,0.14102564102564102,92.8436220672313,-17.617584930132587,0.0,-1.0,33.565789845990714,-6.416433514295767,55.74298815299604,-12.513307734071017,77.33294440930713,-20.442607126235085,52.2954666781421,-21.90024523681497,73.88542293445319,-29.82954462897904,65.27234733128292,-26.666237842522847,13.824402952877293,22.999999999999996,29.018154836137576,0.0,7.173428713258545e-07
little,6.0,0.15384615384615385,92.11277592362867,-19.887479368405142,0.0,-1.0,33.48346360241507,-6.904038040675632,55.505378864318715,-13.539944022343493,76.83060751935483,-22.15589567090947,51.759312930159595,-22.811782568011367,73.08454158519571,-31.427734216577342,64.20572648874261,-27.840460063269184,13.423889444665122,22.999999999999996,29.018154836137576,0.0,6.852475920027246e-07
little,6.5,0.16666666666666666,91.32426245277036,-22.125579888990835,0.0,-1.0,33.394054396001444,-7.390393649603802,55.24758719229226,-14.561384119646393,76.2862562096695,-23.8551673093518,51.20681189242034,-23.708631518506063,72.24548090979759,-33.00241470821147,63.12576670986193,-28.973802135036163,13.030099982785474,22.999999999999996,29.018154836137576,0.0,6.557900071868517e-07
little,7.0,0.1794871794871795,90.47932722753637,-24.330948340932565,0.0,-1.0,33.29758114002875,-7.87539745928929,54.96973221009074,-15.577206856853646,75.70030292333638,-25.539306931793796,50.63838435142111,-24.59049847130827,71.36895506466675,-34.55259854624842,62.033647529352656,-30.066505559058214,12.64273216197394,22.999999999999996,29.018154836137576,0.0,6.286214819795077e-07
little,7.5,0.19230769230769232,89.57920136883328,-26.50266423475072,0.0,-1.0,33.19406424207774,-8.358946873895498,54.671942217613854,-16.586993888101276,75.07319138071296,-27.207211992507055,50.05445608526351,-25.457102219883495,70.45570524836262,-36.077320324289275,60.930568643626486,-31.118848055859313,12.261532950384726,22.999999999999996,29.018154836137576,0.0,6.034492052719997e-07
little,8.0,0.20512820512820512,88.62510229562267,-28.639826190280477,0.0,-1.0,33.08352559971401,-8.840939605242966,54.35435467299169,-17.59032990030952,74.40539618801722,-28.857793419785523,49.45545749061082,-26.308174037277144,69.50649900563636,-37.57563755675315,59.8177422727953,-32.13114665813536,11.886292779935909,22.999999999999996,29.018154836137576,0.0,5.800265370226043e-07
little,8.5,0.21794871794871795,87.61823414862405,-30.741552988173517,0.0,-1.0,32.96598859585595,-9.321273694447008,54.017116119213185,-18.586802821018864,73.69742241879544,-30.48997651355242,48.841823209415985,-27.143457733880716,68.52212950899825,-39.04663142641427,58.69638621464703,-33.10376004471266,11.516840524231322,22.999999999999996,29.018154836137576,0.0,5.581453557113036e-07
little,9.0,0.23076923076923078,86.55978795219502,-32.806984259472166,0.0,-1.0,32.84147809382832,-9.799847533485705,53.660382105919666,-19.576004024424613,72.94980516866443,-32.10270182977024,48.2139917557694,-27.962709703878854,67.50341481851416,-40.48940750922448,57.56771749471523,-34.037090223437275,11.15303922237381,22.999999999999996,29.018154836137576,0.0,5.376297309567235e-07
little,9.5,0.24358974358974358,85.45094156945696,-34.835280844016246,0.0,-1.0,32.71002043210285,-10.276559886693674,53.28431710640857,-20.557528535495816,72.16310908374912,-33.69492605084498,47.57240514321329,-28.765698960426487,66.45119712055383,-41.90309647577565,56.432946534252345,-34.93158365236019,10.794782433033967,22.999999999999996,29.018154836137576,0.0,5.183308040557222e-07
little,10.0,0.2564102564102564,84.29285949772213,-36.82562484532446,0.0,-1.0,32.57164341872662,-10.751309912177067,52.88909442989434,-21.530975232065252,71.33792786326035,-35.26562284122933,46.91750851286648,-29.55220715961569,65.36634194623248,-43.28685476877977,55.29327177180013,-35.787731873670666,10.441991123789233,22.999999999999996,29.018154836137576,0.0,5.001225567013989e-07
little,10.5,0.2692307692307692,83.08669254441945,-38.77721940689101,0.0,-1.0,32.42637632543972,-11.223997183145286,52.47489612907673,-22.495947044778568,70.47488373668224,-36.81378368744382,46.24974976270054,-30.322028613302706,64.24973737030605,-44.639865255967955,54.149874685030866,-36.60607172268689,10.094611017222192,22.999999999999996,29.018154836137576,0.0,4.82898283138411e-07
little,11.0,0.28205128205128205,81.83357741782531,-40.6892882324199,0.0,-1.0,32.27424988148315,-11.694521709154865,52.04191290306923,-23.45205115479174,69.57462691606284,-38.33841872174968,45.569579178304906,-31.074970290875918,63.102293191298514,-45.96133785783386,53.00391516830799,-37.38718516425101,9.752610328517838,22.999999999999996,29.018154836137576,0.0,4.6656775154474417e-07
little,11.5,0.2948717948717949,80.53463626181913,-42.561074870317526,0.0,-1.0,32.11529626709856,-12.162783957261077,51.590343995742955,-24.398899189107443,68.63783502392437,-39.83855752872346,44.87744906547512,-31.81085181005588,61.92494009365653,-47.250510149671896,51.85652722849192,-38.13169880063789,9.41597784002531,22.999999999999996,29.018154836137576,0.0,4.5105469581585567e-07
little,12.0,0.3076923076923077,79.19097615948074,-44.39184178070878,0.0,-1.0,31.949549106720887,-12.628684873072736,51.1203970895439,-25.336107413442228,67.66521249733287,-41.31324993399917,44.173813384953924,-32.52950541682874,60.7186287927429,-48.50664793738568,50.70881496728762,-38.84028308823486,9.084721266996691,22.999999999999996,29.018154836137576,0.0,4.362948615721507e-07
little,12.5,0.32051282051282054,77.80368862653289,-46.180869201281205,0.0,-1.0,31.777043461865606,-13.092125901705803,50.63228819484429,-26.263296922517874,66.65748996868936,-42.76156677446153,43.4591273896514,-33.23077595462443,59.48432916349647,-49.72904580656808,49.56184882318786,-39.51365129451894,8.758865875899684,22.999999999999996,29.018154836137576,0.0,4.222342475657115e-07
little,13.0,0.3333333333333333,76.37384911232552,-47.927453826361244,0.0,-1.0,31.59781582371196,-13.553009008631268,50.12624153489095,-27.180093827671673,65.61542362382566,-44.18260064919138,42.733847264664995,-33.91452082286068,58.223029353599706,-50.91702764438038,48.41666205003129,-40.1525582220497,8.438453322645012,22.999999999999996,29.018154836137576,0.0,4.088277272273899e-07
little,13.5,0.34615384615384615,74.9025165231984,-49.63090731175312,0.0,-1.0,31.411904105383748,-14.011236700413052,49.60248942641638,-28.086129441682246,64.53979453801061,-45.57546665048296,41.998429770416074,-34.58060992498408,56.9357348820103,-52.069947133784794,47.274247412536425,-40.75779872214957,8.123540683023338,22.999999999999996,29.018154836137576,0.0,3.96037826533302e-07
little,14.0,0.358974358974359,73.39073278059274,-51.290554615999405,0.0,-1.0,31.219347633929317,-14.466712045331331,49.06127215598057,-28.98104046070854,63.43140799049165,-46.939303074271706,41.253331889213975,-35.228925606148145,55.62346772372506,-53.18718821971131,46.13555408201828,-41.330206017540235,7.814199651810011,22.999999999999996,29.018154836137576,0.0,3.8383370792871574e-07
little,14.5,0.3717948717948718,71.83952242417142,-52.90573218682831,0.0,-1.0,31.02018714200248,-14.919338693887147,48.502837852113984,-29.864469143242133,62.29109275821779,-48.2732721093316,40.49901047555335,-35.85936258067857,54.28726538165716,-54.26816554676804,45.00148471793991,-41.8706498503457,7.510515890524199,22.999999999999996,29.018154836137576,0.0,3.7219038517832814e-07
little,15.0,0.38461538461538464,70.24989226841173,-54.47578599962167,0.0,-1.0,30.814464759246096,-15.36902089918378,47.92744235333474,-30.736063485973865,61.1197003894088,-49.57656050462067,39.73592191044482,-36.47182784948433,52.92817994651888,-55.312324868131135,43.87289272306656,-42.38003446948037,7.212588506843384,22.999999999999996,29.018154836137576,0.0,3.6108797729639264e-07
little,15.5,0.3974358974358974,68.62283111962964,-56.00006945274525,0.0,-1.0,30.60222400338012,-15.815663537180699,47.33534907211493,-31.595477396478234,59.918104457654465,-50.848380214174995,38.96452176007286,-37.06624060758238,51.5472771456124,-56.31914342527914,42.7505796618294,-42.8592964694536,6.920529651277681,22.999999999999996,29.018154836137576,0.0,3.5051119695594934e-07
little,16.0,0.41025641025641024,66.95930955915934,-57.4779411225066,0.0,-1.0,30.383509770996017,-16.259172126815713,46.72682885487386,-32.44237086262052,58.68719979724581,-52.08796901897261,38.185264439068604,-37.642532141912675,50.145635381440556,-57.28813029826476,41.63529283310831,-43.30940249099126,6.6344642189815355,22.999999999999996,29.018154836137576,0.0,3.404488957414742e-07
little,16.5,0.4230769230769231,65.26027979741826,-58.90876237833134,0.0,-1.0,30.158368328059538,-16.699452849991154,46.102159838077746,-33.276410118593596,57.42790172045749,-53.294591125211284,37.39860287867875,-38.20064571962827,48.7243447610585,-58.21882672624596,40.52772299003239,-43.73134679255111,6.354529646583417,22.999999999999996,29.018154836137576,0.0,3.308937301937931e-07
little,17.0,0.4358974358974359,63.526675602833734,-60.29189485643732,0.0,-1.0,29.92684730012378,-17.136412571419775,45.461627300528,-34.09726780749325,56.141145217517305,-54.46753773846629,36.60498820010494,-38.74053646705382,47.284506117094246,-59.11080639802686,39.42850220059482,-44.1261487007636,6.0808757957095905,22.999999999999996,29.018154836137576,0.0,3.218419166728381e-07
little,17.5,0.44871794871794873,61.75941230907097,-61.626697787817555,0.0,-1.0,29.688995662254655,-17.56995885832624,44.805523511922026,-34.90462314034309,54.82788414001485,-55.60612761321788,35.80486939328081,-39.26217123951388,45.82723002137364,-59.96367571238867,38.33820184389426,-44.494849947028406,5.813664916505509,22.999999999999996,29.018154836137576,0.0,3.132931212235235e-07
little,18.0,0.46153846153846156,59.95938690368135,-62.91252517367211,0.0,-1.0,29.444863728670917,-17.999999999999996,44.13414757777292,-35.698162051481816,53.48909036851633,-56.70970757726164,34.998693001346915,-39.765528482239816,44.35363579209032,-60.77707400801964,37.257330737652886,-44.8385118969108,5.553071685958348,22.999999999999996,29.018154836137576,0.0,3.052504027323266e-07
little,18.5,0.47435897435897434,58.12747820118495,-64.1487227985105,0.0,-1.0,29.194503142100846,-18.426445027195417,43.44780528077626,-36.47757735022798,52.12575296516739,-57.77765303053885,34.18690281107588,-40.250598082571955,42.86485049546702,-61.55067376288282,36.18633339332554,-45.15821267859539,5.299283317236156,22.999999999999996,29.018154836137576,0.0,2.9772029108698916e-07
little,19.0,0.48717948717948717,56.26454710370225,-65.33462506792863,0.0,-1.0,28.93796686285799,-18.849203731375045,42.746808918714294,-37.242568868739504,50.73887731207932,-58.80936841794883,33.36993954949284,-40.71738121368082,41.36200794285787,-62.284180762890145,35.12558839559689,-45.45504421643502,5.052499737604392,22.999999999999996,29.018154836137576,0.0,2.9071293283777777e-07
little,19.5,0.5,54.371436952578556,-66.46955165446803,0.0,-1.0,28.675309157638114,-19.268186683792013,42.03147713898973,-37.99284360598736,49.32948423630685,-59.804287675729945,32.54824058692773,-41.16589017003828,39.84624768424486,-62.977334239780866,34.0754069033623,-45.73010917557373,4.812933833800685,22.999999999999996,29.018154836137576,0.0,2.842423931781468e-07
little,20.0,0.5128205128205128,52.44897397499894,-67.55280393091321,0.0,-1.0,28.40658558803984,-19.683305254407404,41.30213476988332,-38.72811586776495,47.8986091222384,-60.761874651021195,31.722239646728426,-41.59614819487585,38.318713999083506,-63.6299069781321,33.03603126938911,-45.984517823696336,4.580811765061674,22.999999999999996,29.018154836137576,0.0,2.783271035866619e-07
little,20.5,0.5256410256410257,50.49796783039883,-68.58366116576013,0.0,-1.0,28.131852998811354,-20.09447163063876,40.559112648631086,-39.44810740265747,46.44730101223031,-61.681623494242594,30.892366521854946,-42.00818929987452,36.78055488545417,-64.24170539145965,32.00763377574649,-46.21938481615699,4.356373345336728,22.999999999999996,29.018154836137576,0.0,2.729904018394791e-07
little,21.0,0.5384615384615384,48.51921226256074,-69.56137645026465,0.0,-1.0,27.85116950582572,-20.501598835935567,39.80274744641923,-40.15254753389716,44.97662169632813,-62.56305902395758,30.059046798566882,-42.402058077335816,35.23292104847578,-64.81256956739622,30.990315481756063,-46.43582591104612,4.13987249762174,22.999999999999996,29.018154836137576,0.0,2.682613242654952e-07
little,21.5,0.5512820512820513,46.513485864688064,-70.48517232028235,0.0,-1.0,27.564594483787218,-20.904600748177977,39.033381490395726,-40.84117328703349,43.48764479192628,-63.40573706390802,29.2227015874068,-42.777809505090254,33.67696488893735,-65.34237328196478,29.984105180628426,-46.634954621160794,3.9315777848336704,22.999999999999996,29.018154836137576,0.0,2.6417563248060105e-07
little,22.0,0.5641025641025641,44.48155296651268,-71.35423602883009,0.0,-1.0,27.27218855367149,-21.30339211789473,38.25136258280035,-41.513729513349126,41.9814548142284,-64.20924475193846,28.383747261674557,-43.1355087444048,32.11383949310261,-65.83102398299413,28.988958460088615,-46.817878810335465,3.73177302326226,22.999999999999996,29.018154836137576,0.0,2.6077709591731946e-07
little,22.5,0.5769230769230769,42.42416465469392,-72.16771441665942,0.0,-1.0,26.974013569901995,-21.697888586296504,37.45704381731541,-42.16996900895545,40.4591462383766,-64.97320082055309,27.542595203577307,-43.47523093115596,30.544697624638495,-66.2784627427536,28.004756861117848,-46.985697242163404,3.54075798642308,22.999999999999996,29.018154836137576,0.0,2.581191971273711e-07
little,23.0,0.5897435897435898,40.342059940489065,-72.9247083177912,0.0,-1.0,26.670132607265575,-22.088006703120847,36.650783392741864,-42.80965262950352,38.921822554126685,-65.69725584887658,26.699651558231835,-43.7970609605404,28.970690719616655,-66.68466417991345,27.031307127412685,-47.139496089786675,3.3588492091471207,22.999999999999996,29.018154836137576,0.0,2.961446554650138e-07
little,23.5,0.6025641025641025,38.23596709203205,-73.62426642447015,0.0,-1.0,26.36060994756984,-22.473663944284915,35.83294442410644,-43.43254940044923,37.370595313952066,-66.38109248581648,25.855316995685897,-44.10109326559951,27.392967885531526,-67.04963635096675,26.06834053622849,-47.28034541615101,3.1863809040369984,22.999999999999996,29.018154836137576,0.0,3.434738005125837e-07
little,24.0,0.6153846153846154,36.10660515270972,-74.26537852078002,0.0,-1.0,26.045511066045254,-22.854778729342335,35.00389475130694,-44.03843662281383,35.80658317546446,-67.02442564425303,25.00998648111598,-44.38743158983884,25.812674905273504,-67.37342061127804,25.11551229886957,-47.409295634917484,3.023706005079135,22.999999999999996,29.018154836137576,0.0,3.9797063777768926e-07
little,24.5,0.6282051282051282,33.954685672260126,-74.84696797546019,0.0,-1.0,25.724902617494756,-23.23127043874037,34.16400674540476,-44.62709997438335,34.23091093904509,-67.62700266610953,24.1640490533499,-44.65618875422697,24.230953246990225,-67.65609144595315,24.17240101612844,-47.5273739630949,2.871197356313958,22.999999999999996,29.018154836137576,0.0,4.608227541780252e-07
little,25.0,0.6410256410256411,31.78091468360837,-75.3678833612839,0.0,-1.0,25.398852422193862,-23.603059430873888,33.313657112673894,-45.19833360629373,32.64470858158233,-68.18860345818435,23.317887611851887,-44.90748641886262,22.64893908076032,-67.89775627075323,23.238508170353818,-47.63558087742294,2.7292490671538374,22.999999999999996,29.018154836137576,0.0,5.33457260587511e-07
little,25.5,0.6538461538461539,29.585994966449125,-75.82688903937101,0.0,-1.0,25.067429451544214,-23.970067058932447,32.453226696518186,-45.751940234950496,31.04911028721648,-68.70904059865344,22.471878712299514,-45.14145483960193,21.067762302997807,-68.09855520330488,22.313257631409705,-47.73488658761299,2.5982780603496587,22.999999999999996,29.018154836137576,0.0,6.175996531965211e-07
little,26.0,0.6666666666666666,27.370628648646704,-76.22265451022818,0.0,-1.0,24.73070381348366,-24.332215687536937,31.58310027736875,-46.28773122923477,29.445253475992736,-69.18815941418028,21.626392370870704,-45.35823261994085,19.48854556949469,-68.25866080488636,21.39599514839532,-47.826227540770766,2.478725843930028,22.999999999999996,29.018154836137576,0.0,7.153492660449956e-07
little,26.5,0.6794871794871795,25.135520209282454,-76.553742286717,0.0,-1.0,24.38874673765584,-24.68942870916227,30.703666370675172,-46.80552669295017,27.834277831325853,-69.62583802759788,20.78179187735008,-45.557966458450466,17.91240333800076,-68.37827779309818,20.48598779240676,-47.91050297272744,2.3710605449198527,22.999999999999996,29.018154836137576,0.0,8.292779938301464e-07
little,27.0,0.6923076923076923,22.881379963501324,-76.81859398420788,0.0,-1.0,24.041630560342618,-25.041630560342615,29.815317023105038,-47.305155542467844,26.21732432717973,-70.021987376156,19.93843361715366,-45.74081089206554,16.34044092122835,-68.4576427257537,19.582423307536207,-47.988571523652666,2.2757792506011847,22.999999999999996,29.018154836137576,0.0,9.625599233231696e-07
little,27.5,0.7051282051282052,20.60892813034827,-77.01551424526394,0.0,-1.0,23.68942870916227,-25.38874673765584,28.918447607066952,-47.78645557952973,24.59553425586438,-70.37655120035424,19.096666902360646,-45.90692803552861,14.773753551158073,-68.49702365635312,18.684409317335195,-48.06124793730143,2.1934107129275797,22.999999999999996,29.018154836137576,0.0,1.1191434694524105e-06
little,28.0,0.717948717948718,18.318899612202692,-77.14265201378169,0.0,-1.0,23.33221568753694,-25.730703813483654,28.01345661367378,-48.24927355917269,22.97004825735201,-70.68950600340962,18.25683381183164,-46.05648731729366,13.213425455509865,-68.49671976153058,17.79097232160036,-48.12929986567767,2.1245184839908395,22.999999999999996,29.018154836137576,0.0,1.3039828132832554e-06
little,28.5,0.7307692307692307,16.01204965048208,-77.19797853728565,0.0,-1.0,22.970067058932447,-26.067429451544218,27.10074544426301,-48.69346525273933,21.34200535101086,-70.96086098143581,17.41926904048193,-46.18966521219492,11.660528947229784,-68.45706094089141,16.90105640288077,-48.19344480394933,2.0697045658984883,22.999999999999996,29.018154836137576,0.0,1.5233525019198169e-06
little,29.0,0.7435897435897436,13.68916057028119,-77.17926129252069,0.0,-1.0,22.603059430873888,-26.398852422193862,26.18071820059236,-49.11889550594387,19.712541970652858,-71.1906579244379,16.584299757768868,-46.306644971187566,10.116123527829364,-68.3784073896816,16.013521542627018,-48.25434718436317,2.0296136780406386,22.999999999999996,29.018154836137576,0.0,1.785281050104004e-06
little,29.5,0.7564102564102564,11.351049891262305,-77.08403277870288,0.0,-1.0,22.23127043874037,-26.724902617494756,25.253781473829275,-49.52543829196446,18.082791003786685,-71.37897108825528,15.752245475441963,-46.407616348467684,8.581255005399374,-68.2611491447585,15.127141422132162,-48.31261566302108,2.004938269851031,22.999999999999996,29.018154836137576,0.0,2.1001571823831e-06
little,30.0,0.7692307692307693,8.998580170354023,-76.90955277492323,0.0,-1.0,21.85477872934234,-27.045511066045254,24.320344132453634,-49.91297675953609,16.453880835963247,-71.52590703761199,14.92341792459455,-46.49277532627941,7.0569546281041635,-68.1057056043553,14.240600551603364,-48.36880064018401,1.99642443965943,22.999999999999996,29.018154836137576,0.0,2.481591231173752e-06
little,30.5,0.782051282051282,6.6326710640231825,-76.65276216758794,0.0,-1.0,21.473663944284915,-27.36060994756984,23.380817109193448,-50.28140327602118,14.826934401094555,-71.63160446046173,14.098120942045382,-46.562323837717315,5.544238233946489,-67.91252502215787,13.352490529401912,-48.42339206397472,2.0048789626917016,22.999999999999996,29.018154836137576,0.0,2.9476603131683987e-06
little,31.0,0.7948717948717948,4.254314269896101,-76.310225749117,0.0,-1.0,21.088006703120843,-27.670132607265575,22.43561318711401,-50.6306194654378,13.20306823862046,-71.69623395384156,13.2766503660689,-46.616469487831914,4.044105417575349,-67.68208397623566,12.46130517923228,-48.476817580009715,2.031177687393997,22.999999999999996,29.018154836137576,0.0,3.522744435713321e-06
little,31.5,0.8076923076923077,1.8645922539230015,-75.87806035640088,0.0,-1.0,20.697888586296504,-27.974013569901995,21.485146784981257,-50.960536241428535,11.583391558390474,-71.71999778147533,12.459293941482649,-46.655425273345585,2.557538714891866,-67.41488681339239,11.565434240853074,-48.529441107183395,2.076275634371412,22.999999999999996,29.018154836137576,0.0,4.240292575730109e-06
little,32.0,0.8205128205128205,-0.5352979705575985,-75.35184316970535,0.0,-1.0,20.303392117894735,-28.272188553671487,20.529833742020443,-51.27107383515553,9.969005314119178,-71.70312960339463,11.646331234090402,-46.67940930128542,1.0855028061891367,-67.11146506952451,10.663155192404846,-48.58156194497797,2.141219234186693,22.999999999999996,29.018154836137576,0.0,5.1470933470909586e-06
little,32.5,0.8333333333333334,-2.9440142071939785,-74.726492614022,0.0,-1.0,19.904600748177977,-28.564594483787218,19.570091102191572,-51.56216181811069,8.36100128626499,-71.64589417787118,10.838033554469616,-46.68864450683826,-0.3710562614569657,-66.77237686659876,9.752622648750226,-48.63341455407795,2.2271612808450274,22.999999999999996,29.018154836137576,0.0,6.3100515177438865e-06
little,33.0,0.8461538461538461,-5.360028954472588,-73.99611054460703,0.0,-1.0,19.50159883593557,-28.85116950582572,18.606336898103287,-51.83373911983252,6.760461175172038,-71.54858703598111,10.034663891082163,-46.68335837073198,-1.8112118318490857,-66.39820628688057,8.831854593520227,-48.68516920584475,2.335379375150069,22.999999999999996,29.018154836137576,0.0,7.827283063477353e-06
little,33.5,0.8589743589743589,-7.781575864378188,-73.15376826061222,0.0,-1.0,19.09447163063876,-29.131852998811357,17.638989934686744,-52.08575404052426,5.168455705303732,-71.41153412914647,9.236476852677088,-46.66378263644469,-3.234057376705925,-65.9895627250669,7.898714436436901,-48.736933777489334,2.4672989149917592,22.999999999999996,29.018154836137576,0.0,9.846944088565124e-06
little,34.0,0.8717948717948718,-10.20657650173937,-72.19118914578809,0.0,-1.0,18.683305254407404,-29.406585588039835,16.66846957275167,-52.31816425857075,3.5860437413860744,-71.23509145002598,8.443718619945047,-46.63015302754223,-4.638707211420547,-65.54708021899745,6.950896453553806,-48.788744147830336,2.6245063621671245,22.999999999999996,29.018154836137576,0.0,5.7198690228688065e-12
little,34.5,0.8846153846153846,-12.632538772736796,-71.09839039879195,0.0,-1.0,18.268186683792013,-29.675309157638114,15.695195512546135,-52.53093683295455,2.014271417265288,-71.01964462715056,7.656626906373962,-46.58270896544114,-6.0242971889068855,-65.07141675963715,5.985862382064528,-48.84061763211677,2.8088441827092923,22.999999999999996,29.018154836137576,0.0,9.226397423844901e-12
little,35.0,0.8974358974358975,-15.0564088351653,-69.8629461504804,0.0,-1.0,17.849203731375045,-29.93796686285799,14.719587577441933,-52.724048200574686,0.45417127827195536,-70.76560849372493,6.875430928246175,-46.521693287892084,-7.389985370923803,-64.56325358104233,5.000845035638635,-48.892493669521016,3.022377659773032,22.999999999999996,29.018154836137576,0.0,1.6054713114499464e-11
little,35.5,0.9102564102564102,-17.47435049024301,-68.46905063988515,0.0,-1.0,17.426445027195417,-30.194503142100846,13.742065497867225,-52.89748416847418,-1.0932385621299776,-70.47342663104018,6.1003513837080945,-46.447351968475395,-8.734952676289108,-64.02329443104139,3.992764298826118,-48.944289624011375,3.2675099044983518,22.999999999999996,29.018154836137576,0.0,3.318234575999668e-11
little,36.0,0.9230769230769231,-19.88139808650069,-66.89585621780397,0.0,-1.0,17.000000000000004,-30.444863728670914,12.76304869560774,-53.051239900985856,-2.6269552506459988,-70.14357088696592,5.331600440833798,-46.35993383739727,-10.05840350541994,-63.452264823377334,2.9581564465783097,-48.9959104406636,3.5470563918318176,22.999999999999996,29.018154836137576,0.0,8.179767974070273e-11
little,36.5,0.9358974358974359,-22.270876798196376,-65.11455205297452,0.0,-1.0,16.569958858326242,-30.688995662254655,11.78295606859772,-53.185319901808356,-4.145992006657249,-69.77654087001413,4.569381734595209,-46.25969030387141,-11.359566340659761,-62.850911272077184,1.8930647198359458,-49.04727971423673,3.8643663755227444,22.999999999999996,29.018154836137576,0.0,2.4282087451865664e-10
little,37.0,0.9487179487179487,-24.633350514709377,-63.082673167684376,0.0,-1.0,16.136412571419775,-30.92684730012378,10.802205776321431,-53.299737991027506,-5.649378918197749,-69.3728634194892,3.8138903726424296,-46.146875080366996,-12.63769432187675,-62.22000050882869,0.7928787698333517,-49.098390044695336,4.223499933581293,22.999999999999996,29.018154836137576,0.0,9.227605346495693e-10
little,37.5,0.9615384615384616,-26.95447228267068,-60.731457970446904,0.0,-1.0,15.69945284999115,-31.158368328059538,9.8212150259454,-53.394517277101,-7.136163720687453,-68.93309205226119,3.0653129497887956,-46.02174390899976,-13.892065796844056,-61.560318684159945,-0.34791303487206315,-49.14938928271082,4.629500751275486,22.999999999999996,29.018154836137576,0.0,5.008566006381443e-09
little,38.0,0.9743589743589743,-29.209702398086048,-57.931544947546925,0.0,-1.0,15.259172126815717,-31.383509770996014,8.840399859301426,-53.46969012382728,-8.605412557722557,-68.45780638672075,2.3238275710868734,-45.884554290338585,-15.12198484593711,-60.872670553232055,-1.5361344812526094,-49.20074035424274,5.0888502685707895,22.999999999999996,29.018154836137576,0.0,4.880760684500274e-08
little,38.5,0.9871794871794872,-31.34609090669882,-54.359427326292455,0.0,-1.0,14.815663537180694,-31.602224003380122,7.860174940839452,-53.52529811232221,-10.056210723243474,-67.94761154449542,1.5896038833728392,-45.73556521489485,-16.326781780710085,-60.15787864706806,-2.7806701352854795,-49.25354383308953,5.610300219795274,22.999999999999996,29.018154836137576,0.0,1.5788299236874082e-06
little,39.0,1.0,-33.03303430070664,-47.21035330948687,0.0,-1.0,14.36902089918378,-31.814464759246096,6.880953346669178,-53.56139199803039,-11.48766338441856,-67.40313753052749,0.8628031151486963,-45.57503689755746,-17.50581361593904,-59.41678243005456,-4.090783295697326,-49.30783199998464,6.202562180778418,22.999999999999996,29.018154836137576,0.0,9.999576668917598e-06
