finger,q_deg,curl_progress,h_x_mm,h_y_mm,hand_mcp_x_mm,hand_mcp_y_mm,hand_pip_x_mm,hand_pip_y_mm,hand_dip_x_mm,hand_dip_y_mm,hand_tip_x_mm,hand_tip_y_mm,distal_start_x_mm,distal_start_y_mm,distal_end_x_mm,distal_end_y_mm,r4_x_mm,r4_y_mm,rod_length_mm,rod_error_mm,perpendicular_deviation_deg,mechanism_residual_mm
index,0.0,0.0,96.932098,10.514118,0.0,-2.0,40.0,-2.0,65.0,-2.0,90.0,-2.0,65.0,-2.0,90.0,-2.0,77.5,-2.0,28.0,4.88702567821424,57.21878387128254,1.0075033500811514e-06
index,0.5,0.007633587786259542,96.96557307365543,9.407318575703622,0.0,-2.0,39.999248798505036,-2.24514394810717,64.99641564020598,-2.621507984868039,89.99206687823877,-3.087790288445934,64.99641564020598,-2.621507984868039,89.99206687823877,-3.087790288445934,77.49424125922238,-2.8546491366569864,28.0,4.989380390638608,56.730843304965525,1.3495146333752928e-08
index,1.0,0.015267175572519083,96.98537435857926,8.299321161569498,0.0,-2.0,39.99699522223532,-2.490278688589326,64.98566323118197,-3.242921458199526,89.96826969625158,-4.175323845295493,64.98566323118197,-3.2429214581995254,89.96826969625158,-4.175323845295493,77.47696646371678,-3.709122651747509,28.0,5.091907512629419,56.24812834849421,1.355390111257293e-08
index,1.5,0.022900763358778626,96.99146090768079,7.190322661432497,0.0,-2.0,39.99323935583536,-2.7353950141672905,64.96774478385555,-3.8641459281381056,89.928615003255,-5.262344015069014,64.96774478385555,-3.8641459281381056,89.928615003255,-5.262344015069014,77.44817989355528,-4.5632449716035595,28.0,5.194601847338173,55.77067873000439,1.3615867544558569e-08
index,2.0,0.030534351145038167,96.9837948683872,6.0805200420341246,0.0,-2.0,39.987981340375754,-2.980483718253553,64.94266364928403,-4.485086942183425,89.87311371236706,-6.3485942944962295,64.94266364928403,-4.485086942183425,89.87311371236706,-6.3485942944962295,77.40788868082555,-5.416840618339828,28.0,5.297458177135113,55.298536809931626,1.3681393795650365e-08
index,2.5,0.03816793893129771,96.96234155506866,4.970111109580549,0.0,-2.0,39.98122137334798,-3.2255355952980693,64.91042451792164,-5.105650106858144,89.80178109724343,-7.433818408560896,64.91042451792164,-5.105650106858144,89.80178109724343,-7.433818408560896,77.35610280758254,-6.26973425770952,28.0,5.400470763663726,54.83174594183898,1.3750785399224696e-08
index,3.0,0.04580152671755725,96.9270694623122,3.859294427920463,0.0,-2.0,39.972959708656894,-3.470541441134019,64.8710334185937,-5.725741107361769,89.71463678736993,-8.51776038647337,64.8710334185937,-5.725741107361769,89.71463678736993,-8.51776038647337,77.29283510298181,-7.121750746917569,28.0,5.503633359830221,54.37035054676605,1.3824354994085297e-08
index,3.5,0.05343511450381679,96.87795027488391,2.748269236735056,0.0,-2.0,39.963196656611245,-3.715492053323519,64.82449771717825,-6.345265727206913,89.6117047620122,-9.600164637547147,64.82449771717825,-6.345265727206913,89.6117047620122,-9.600164637547147,77.21810123959523,-7.97271518237703,28.0,5.606939222045021,53.91439618730883,1.3902443640745332e-08
index,4.0,0.061068702290076333,96.81495887438535,1.6372353698741104,0.0,-2.0,39.95193258391198,-3.960378231503266,64.77082611499517,-6.964129867833597,89.49301334282526,-10.68077602695539,64.77082611499517,-6.964129867833597,89.49301334282526,-10.68077602695539,77.13191972891022,-8.822452947394494,28.0,5.710381122668071,53.463929641443556,1.3985385294290609e-08
index,4.5,0.06870229007633588,96.7380733426146,0.526393173969248,0.0,-2.0,39.939167913638535,-4.205190777730104,64.71002864690342,-7.582239568197231,89.35859518512464,-11.759339951343595,64.71002864690342,-7.582239568197231,89.35859518512464,-11.759339951343595,77.03431191601403,-9.670789759770413,28.0,5.813951362612048,53.01899897611429,1.4073528120661649e-08
index,5.0,0.07633587786259542,96.6472749616471,-0.5840565725444858,0.0,-2.0,39.924903125232866,-4.449920496826495,64.64211667910656,-8.199501024325855,89.20848726782228,-12.835602414274433,64.64211667910656,-8.199501024325855,89.20848726782228,-12.835602414274433,76.92530197346443,-10.517551719300144,28.0,5.917641784057004,52.579653620607374,1.4167198969516903e-08
index,5.5,0.08396946564885496,96.54254821065615,-1.6939127398692533,0.0,-2.0,39.909138754481496,-4.6945581967258985,64.56710290666722,-8.815820608842333,89.04273088203036,-13.909310101481067,64.56710290666722,-8.815820608842333,89.04273088203036,-13.909310101481067,76.80491689434879,-11.3625653551617,28.0,6.021443783230929,52.1459444397388,1.4266795744788396e-08
index,6.0,0.0916030534351145,96.42388075949677,-2.8029739266184945,0.0,-2.0,39.891875393495376,-4.9390946888180185,64.48500135073107,-9.431104890447092,88.8613716183366,-14.980210455905102,64.48500135073107,-9.431104890447092,88.8613716183366,-14.9802104559051,76.67318648453383,-12.205657673176095,28.0,6.125348323211355,51.71792380688305,1.4372652401561936e-08
index,6.5,0.09923664122137404,96.29126345908182,-3.91103853879845,0.0,-2.0,39.87311369068762,-5.183520788293936,64.39582735546085,-10.045260653357069,88.6644593527553,-16.048051752495546,64.39582735546085,-10.045260653357069,88.6644593527553,-16.048051752495546,76.53014335410808,-13.046656202926307,28.0,6.22934594670334,51.2956456768798,1.448518816005162e-08
index,7.0,0.10687022900763359,96.14469032858239,-5.017904867871535,0.0,-2.0,39.8528543507492,-5.427827314491081,64.29959758468118,-10.658194916696552,88.45204823135846,-17.112583172745175,64.29959758468118,-10.658194916696552,88.45204823135846,-17.112583172745175,76.37582290801981,-13.885389044720863,28.0,6.33342678875006,50.87916565885341,1.460475829162533e-08
index,7.5,0.11450381679389313,95.98415853948939,-6.123371167778926,0.0,-2.0,39.83109813462242,-5.672005091238069,64.19633001823492,-11.269814953835532,88.22419665359205,-18.173554878940738,64.19633001823492,-11.269814953835532,88.22419665359205,-18.173554878940738,76.21026333591348,-14.721684916388135,28.0,6.437580589332647,50.468541088987784,1.4731817543633952e-08
index,8.0,0.12213740458015267,95.80966839657577,-7.227235730801649,0.0,-2.0,39.80784585947241,-5.916044947199355,64.08604394805184,-11.880028311671307,87.98096725428266,-19.23071808810367,64.08604394805184,-11.880028311671307,87.98096725428266,-19.23071808810367,76.03350560116725,-15.55537319988749,28.0,6.541796705816868,50.063831103301816,1.486673539830008e-08
index,8.5,0.1297709923664122,95.62122331580369,-8.329296962141184,0.0,-2.0,39.78309839865634,-6.159937716219706,63.968759973930645,-12.488742829848988,87.72242688434046,-20.28382514559791,63.968759973930645,-12.488742829848988,87.72242688434046,-20.28382514559791,75.84559342913556,-16.38628398772345,28.0,6.646064125204397,49.66509671047407,1.5009987919256673e-08
index,9.0,0.13740458015267176,95.41882979922269,-9.429353453104516,0.0,-2.0,39.75685668169071,-6.403674237668488,63.844499999035065,-13.095866659916638,87.44864659016454,-21.332629598381637,63.844499999035065,-13.095866659916638,87.44864659016454,-21.332629598381637,75.6465732945998,-17.214248129149137,28.0,6.750371476147873,49.272400864772415,1.516200143214519e-08
index,9.5,0.1450381679389313,95.20249740690917,-10.527204052779696,0.0,-2.0,39.729121694216346,-6.647245356783737,63.713287225105226,-13.701308284410752,87.15970159175725,-22.376886267879847,63.713287225105226,-13.701308284410752,87.15970159175725,-22.376886267879847,75.43649440843124,-18.0390972761453,28.0,6.854707040689064,48.88580853914569,1.5323223578889156e-08
index,10.0,0.15267175572519084,94.97223872599955,-11.6226479380907,0.0,-2.0,39.69989447796147,-6.890641925016011,63.57514614738528,-14.304976535867857,86.85567125955463,-23.4163513224548,63.57514614738528,-14.304976535867857,86.85567125955463,-23.4163513224548,75.21540870346996,-18.86066392916133,28.0,6.959058765679696,48.505386798538716,1.5494180161113036e-08
index,10.5,0.16030534351145037,94.72806933687167,-12.71548468212545,0.0,-2.0,39.6691761307025,-7.1338548003720135,63.4301025492685,-14.90678061575791,86.53663908998041,-24.450782349451433,63.4301025492685,-14.90678061575791,86.53663908998041,-24.450782349451433,74.98337081962445,-19.67878148260467,28.0,7.063414273847119,48.1312048735031,1.5675389875013934e-08
index,11.0,0.16793893129770993,94.4700077765319,-13.805514320629676,0.0,-2.0,39.63696780622286,-7.376874847757968,63.27818349666096,-15.50663011333537,86.20269267973126,-25.479938426795115,63.27818349666096,-15.50663011333537,86.20269267973126,-25.479938426795115,74.7404380881961,-20.493284270065242,28.0,7.167760874464978,47.76333423416988,1.5867314573370095e-08
index,11.5,0.17557251908396945,94.19807549926682,-14.892537416566247,0.0,-2.0,39.60327071426963,-7.619692939322727,63.11941733206517,-16.104435024403635,85.85392369880168,-26.50358019411913,63.11941733206517,-16.104435024403635,85.85392369880168,-26.50358019411913,74.48667051543342,-21.304007609261383,28.0,7.272085573591575,47.40184866466733,1.607057242836163e-08
index,12.0,0.183206106870229,93.91229683461947,-15.976355122639719,0.0,-2.0,39.568086120508084,-7.862299954800624,62.95383366838492,-16.700105769988742,85.49042786225715,-27.521469923399543,62.95383366838492,-16.700105769988742,85.49042786225715,-27.521469923399543,74.22213076532103,-22.110787846694144,28.0,7.376375083838887,47.04682433806314,1.628571766332243e-08
index,12.5,0.19083969465648856,93.61269894275216,-17.056769241690255,0.0,-2.0,39.53141534647421,-8.10468678185402,62.78146338245273,-17.29355321491809,85.11230490076463,-28.533371589075102,62.78146338245273,-17.29355321491809,85.11230490076463,-28.533371589075102,73.94688414160868,-22.913462401996597,28.0,7.480615833635426,46.69833989192199,1.6513318712441105e-08
index,13.0,0.1984732824427481,93.29931176725853,-18.13358228486253,0.0,-2.0,39.49325976952502,-8.346844316415577,62.602338608281485,-17.884688686300095,84.7196585298898,-29.539050937630208,62.602338608281485,-17.884688686300095,84.7196585298898,-29.539050937630208,73.66099856908565,-23.71186981196515,28.0,7.5847939759462655,46.3564765045699,1.6754057696743985e-08
index,13.5,0.20610687022900764,92.97216798548709,-19.206597527459902,0.0,-2.0,39.45362082278683,-8.588763463030194,62.41649273004161,-18.47342399190063,84.31259641817098,-30.53827555661899,62.41649273004161,-18.47342399190063,84.31259641817098,-30.53827555661899,73.3645445741063,-24.50584977425981,28.0,7.688895396415738,46.02131797216857,1.700858121012061e-08
index,14.0,0.21374045801526717,92.63130295644049,-20.275619062395002,0.0,-2.0,39.41249999510144,-8.830435135196637,62.2239603747654,-19.05967143841213,83.89123015397993,-31.530814943108755,62.2239603747654,-19.05967143841213,83.89123015397993,-31.530814943108755,73.05759526437267,-25.295243190760445,28.0,7.792905720896343,45.69295078670442,1.7277564268169954e-08
index,14.5,0.22137404580152673,92.27675466631314,-21.34045185115124,0.0,-2.0,39.36989883097023,-9.071850255708844,62.024777404780295,-19.643343849611355,83.45567521118004,-32.51644057152138,62.024777404780295,-19.643343849611355,83.45567521118004,-32.51644057152138,72.74022630798017,-26.079892210566367,28.0,7.896810322329408,45.37146421500497,1.7561774257046636e-08
index,15.0,0.22900763358778625,91.90856367172955,-22.40090177217268,0.0,-2.0,39.325818930496084,-9.312999756996835,61.81898090987261,-20.224354584401645,83.00605091359327,-33.49492596085111,61.81898090987261,-20.224354584401645,83.00605091359327,-33.49492596085111,72.41251591173294,-26.85964027262638,28.0,8.000594326943187,45.056950378904496,1.7861964352050563e-08
index,15.5,0.2366412213740458,91.52677304074581,-23.45677566660118,0.0,-2.0,39.280261949323375,-9.55387458146732,61.60660919918365,-20.802617554735768,82.54248039828694,-34.466046741237875,61.60660919918365,-20.80261755473577,82.54248039828694,-34.466046741237875,72.0745447987353,-27.634332147986825,28.0,8.104242619733263,44.74950433668469,1.817895167732786e-08
index,16.0,0.24427480916030533,91.13142829167441,-24.50788138128144,0.0,-2.0,39.23322959857572,-9.794465681843885,61.38770179283986,-21.37804724341528,82.06509057769208,-35.429580719874984,61.38770179283986,-21.378047243415278,82.06509057769208,-35.429580719874984,71.72639618526597,-28.40381398164513,28.0,8.207739849190567,44.44922416592396,1.8513553357024648e-08
index,16.5,0.25190839694656486,90.72257732979133,-25.554027808958836,0.0,-2.0,39.184723644791724,-10.034764021506817,61.16229941331906,-21.950558721762437,81.57401210056591,-36.38530794623067,61.16229941331906,-21.950558721762437,81.57401210056591,-36.38530794623067,71.36815575694249,-29.16793333399655,28.0,8.311070431243472,44.15621104790237,1.8866735729261563e-08
index,17.0,0.2595419847328244,90.30027038198278,-26.59502492559262,0.0,-2.0,39.13474590985864,-10.274760574832516,60.93044397655463,-22.520067667160774,81.06937931181051,-37.333010776562844,60.93044397655463,-22.520067667160774,81.06937931181051,-37.333010776562844,70.99991164418256,-29.92653922186181,28.0,8.414218552377662,43.87056935370804,1.923942960502245e-08
index,17.5,0.26717557251908397,89.86455992938588,-27.630683824712396,0.0,-2.0,39.08329827094392,-10.514446327532502,60.69217858277965,-23.086490380460347,80.55133021116086,-38.272473937706934,60.69217858277965,-23.086490380460347,80.55133021116086,-38.272473937706934,70.62175439697026,-30.67948215908364,28.0,8.517168171899907,43.59240673220975,1.9632622638710018e-08
index,18.0,0.2748091603053435,89.41550063807583,-28.66081674874391,0.0,-2.0,39.03038266042474,-10.753812276991983,60.4475475071131,-23.649743803243837,80.02000641075546,-39.20348459011666,60.4475475071131,-23.649743803243837,80.02000641075546,-39.20348459011666,70.23377695893427,-31.426614196680248,28.0,8.619903023308915,43.32183420006336,2.004738774985526e-08
index,18.5,0.2824427480916031,88.9531492878483,-29.68523711723201,0.0,-2.0,38.97600106581538,-10.99284943260801,60.19659618989016,-24.20974553494966,79.47555309160285,-40.12583239013817,60.19659618989016,-24.20974553494966,79.47555309160285,-40.12583239013817,69.8360746407465,-32.167788962543916,28.0,8.722406614737306,43.058966233930526,2.0484897333972185e-08
index,19.0,0.2900763358778626,88.47756469914202,-30.703759551889462,0.0,-2.0,38.9201555296926,-11.231548816127146,59.93937122673886,-24.766413849848185,78.91811895895856,-41.039309551497766,59.93937122673886,-24.766413849848185,78.91811895895856,-41.039309551497766,69.42874509284871,-32.90286170067297,28.0,8.82466222842767,42.80392086510376,2.0946288259438006e-08
index,19.5,0.29770992366412213,87.9888076581444,-31.716199898398266,0.0,-2.0,38.862848149618905,-11.469901461982708,59.6759203584053,-25.31966771386738,78.34785619662617,-41.94371090598413,59.6759203584053,-25.31966771386738,78.34785619662617,-41.94371090598413,69.01188827751574,-33.631689309925754,28.0,8.92665291920284,42.55681977673424,2.143290345202331e-08
index,20.0,0.3053435114503817,87.48694084011572,-32.722375244892106,0.0,-2.0,38.80408107806379,-11.7078984176315,59.40629246032974,-25.869426801264083,77.76492042019756,-42.83883396330601,59.40629246032974,-25.869426801264083,77.76492042019756,-42.83883396330601,68.58560644026365,-34.35413038228505,28.0,9.028361511892555,42.31778840388053,2.1946036099507182e-08
index,20.5,0.31297709923664124,86.9720287309664,-33.722103937044885,0.0,-2.0,38.74385652232283,-11.945530743890071,59.13053753197582,-26.415611511137172,77.16947062924723,-43.72447897010647,59.13053753197582,-26.415611511137172,77.16947062924723,-43.72447897010647,68.15000408061152,-35.07004524062182,28.0,9.129770597672763,42.08695603660116,2.2487121498215856e-08
index,21.0,0.32061068702290074,86.44413754711314,-34.71520558969071,0.0,-2.0,38.68217674443486,-12.182789515270496,58.84870668591546,-26.958142983779005,76.56166915849586,-44.600448968115586,58.84870668591546,-26.958142983779005,76.56166915849586,-44.600448968115586,67.70518792220565,-35.77929597594729,28.0,9.230862529275772,41.864455926331935,2.3057758369304793e-08
index,21.5,0.3282442748091603,85.90333515363682,-35.70150109489689,0.0,-2.0,38.61904406109695,-12.41966582031558,58.56085213667181,-27.49694311686144,75.94168162795901,-45.466549851423025,58.56085213667181,-27.49694311686144,75.94168162795901,-45.466549851423025,67.2512668823154,-36.481746484142235,28.0,9.331619415024946,41.65042539580142,2.365948859051059e-08
index,22.0,0.33587786259541985,85.34969098075752,-36.68081262641034,0.0,-2.0,38.55446084357739,-12.656150761933601,58.267027189322704,-28.031934581452816,75.30967689209669,-46.322590422852755,58.267027189322704,-28.031934581452816,75.30967689209669,-46.322590422852755,66.7883520407097,-37.177262502152786,28.0,9.43202311164568,41.44500595275641,2.4294088518672652e-08
index,22.5,0.3435114503816794,84.78327593863645,-37.65296364039158,0.0,-2.0,38.48842951762666,-12.892235457732474,57.96728622786739,-28.563040837862427,74.66582698798032,-47.16838244942246,57.96728622786739,-28.563040837862427,74.66582698798032,-47.16838244942246,66.31655660792386,-37.86571164364244,28.0,9.532055215801588,41.24834340777757,2.4963370037767163e-08
index,23.0,0.3511450381679389,84.20416233050645,-38.617778872349994,0.0,-2.0,38.420952563386315,-13.127911040353379,57.661684703358866,-29.090186151308814,74.0103070824935,-48.00374071686994,57.661684703358866,-29.090186151308814,74.0103070824935,-48.00374071686994,65.83599589292618,-38.54696343408938,28.0,9.631697054301767,41.060587996496444,2.5669322667454253e-08
index,23.5,0.35877862595419846,83.61242376412639,-39.575084330185035,0.0,-2.0,38.35203251529578,-13.363168657803815,57.35027912180477,-29.613295607408546,73.34329541858361,-48.82848308323002,57.35027912180477,-29.613295607408546,73.34329541858361,-48.82848308323002,65.34678727019418,-39.22088934531928,28.0,9.730929672920627,40.88189450652951,2.641405671965913e-08
index,24.0,0.366412213740458,83.00813506154614,-40.52470728323472,0.0,-2.0,38.28167196199723,-13.597999473790086,57.0331270318394,-30.132295127481857,72.66497326058146,-49.64243053144465,57.0331270318394,-30.132295127481857,72.66497326058146,-49.64243053144465,64.84905014621043,-39.88736282946326,28.0,9.829733823767846,40.71242240947498,2.719979619314472e-08
index,24.5,0.37404580152671757,82.39137216716014,-41.4664762472246,0.0,-2.0,38.2098735462383,-13.832394668049194,56.7102870121696,-30.64711148367199,71.97552483860633,-50.445407220990525,56.7102870121696,-30.64711148367199,71.97552483860633,-50.445407220990525,64.34290592538797,-40.546259352331255,28.0,9.928089951141384,40.55233599833487,2.8028942722357897e-08
index,25.0,0.3816793893129771,81.76221205401833,-42.40022096500331,0.0,-2.0,38.13663996477284,-14.066345436680116,56.38181865879751,-31.15767231387453,71.2751372920745,-51.23724053850736,56.38181865879751,-31.15767231387453,71.2751372920745,-51.23724053850736,63.82847797543601,-41.197456426190946,28.0,10.02597817579133,40.401804530751754,2.8904054261147394e-08
index,25.5,0.3893129770992366,81.12073262835386,-43.32577238294025,0.0,-2.0,38.06197396825966,-14.299842992474497,56.047782572022925,-31.663906136473813,70.56400061232915,-52.01776114741186,56.047782572022925,-31.663906136473813,70.56400061232915,-52.01776114741186,63.30589159217604,-41.84083364194284,28.0,10.12337827751562,40.26100237846838,2.982785929361853e-08
index,26.0,0.3969465648854962,80.46701263227581,-44.2429626228524,0.0,-2.0,37.985878361159166,-14.532878565246692,55.70824034322814,-32.16574236488277,69.84230758440988,-52.78680303648143,55.70824034322814,-32.16574236488277,69.84230758440988,-52.78680303648143,62.77527396381901,-42.4762727006821,28.0,10.22026967600274,40.13010918345171,3.08033420992615e-08
index,26.5,0.40458015267175573,79.80113154456345,-45.151624949314936,0.0,-2.0,37.90835600162804,-14.765443402163164,55.363254541448455,-32.663111321883186,69.11025372798088,-53.544203567392685,55.363254541448455,-32.663111321883186,69.11025372798088,-53.544203567392685,62.236754134714666,-43.10365744463793,28.0,10.316631409829768,40.00931002115034,3.183367169867779e-08
index,27.0,0.4122137404580153,79.12316947948847,-46.05159373219588,0.0,-2.0,37.82940980141192,-14.997528768071259,55.012888699731185,-33.155944253763195,68.36803723743623,-54.28980352120025,55.012888699731185,-33.155944253763195,68.36803723743623,-54.28980352120024,61.6904629685837,-43.72287388748172,28.0,10.412442113513684,39.89879557137772,3.292217343187076e-08
index,27.5,0.4198473282442748,78.43320708357595,-46.942704404243216,0.0,-2.0,37.74904272573597,-15.229125945827274,54.65720730128629,-33.64417334424863,67.61585892120178,-55.023447143741016,54.65720730128629,-33.64417334424863,67.61585892120178,-55.023447143741016,61.136533111244034,-44.33381024399482,28.0,10.507679992507498,39.79876229736051,3.407254212106636e-08
index,28.0,0.42748091603053434,77.7313254302025,-47.82479341353383,0.0,-2.0,37.66725779319356,-15.460226236623914,54.29627576543183,-34.12773172822554,66.85392214025288,-55.744982189950406,54.29627576543183,-34.12773172822554,66.85392214025288,-55.744982189950406,60.57509895284235,-44.93635695908797,28.0,10.602322796021152,39.70941263351515,3.5288664435029204e-08
index,28.5,0.4351145038167939,77.01760591191567,-48.697698170576,0.0,-2.0,37.58405807563288,-15.690820960316977,53.93016043333722,-34.60655350525038,66.08243274586764,-56.454259967076226,53.93016043333722,-34.60655350525038,66.08243274586764,-56.454259967076226,60.00629658960243,-45.5304067361633,28.0,10.696347787535565,39.6309551825596,3.657476810303706e-08
index,29.0,0.44274809160305345,76.29213013034018,-49.56125698983839,0.0,-2.0,37.49944669804154,-15.920901455751407,53.558928553567796,-35.08057375284519,65.30159901663575,-57.15113537677745,53.558928553567796,-35.08057375284519,65.30159901663575,-57.15113537677745,59.43026378510177,-46.115854564811315,28.0,10.789731712867859,39.563604922613116,3.793540059859879e-08
index,29.5,0.45038167938931295,75.55497978352275,-50.41530902545248,0.0,-2.0,37.413426838429196,-16.15045908108659,53.182648267433564,-35.5497285395747,64.51163159474278,-57.83546695609458,53.182648267433564,-35.5497285395747,64.51163159474278,-57.83546695609458,58.84713993108817,-46.69259774783464,28.0,10.882450765629319,39.50758342497224,3.9375429139454354e-08
index,30.0,0.4580152671755725,74.80623655054515,-51.259694200813364,0.0,-2.0,37.32600172770822,-16.37948521412097,52.8013885941458,-36.01395493790244,63.71274342155061,-58.507116917278964,52.8013885941458,-36.01395493790244,63.71274342155061,-58.507116917278964,58.25706600784821,-47.2605359275907,28.0,10.974480549905284,39.4631190833132,4.090018279612195e-08
index,30.5,0.46564885496183206,74.0459819732178,-52.094253131772916,0.0,-2.0,37.23717464957228,-16.60797125261586,52.415219415784534,-36.47319103682305,62.905149672494204,-59.16595118646917,52.415219415784534,-36.47319103682305,62.905149672494204,-59.16595118646917,57.66018454413937,-47.81957111164611,28.0,11.06579603996725,39.43044735511164,4.251531038335088e-08
index,31.0,0.4732824427480916,73.27429733464322,-52.91882704308962,0.0,-2.0,37.14694894037309,-16.835908614618592,52.024211462080586,-36.92737595426797,62.08906769131598,-59.8118394412021,52.024211462080586,-36.92737595426797,62.08906769131598,-59.8118394412021,57.05663957669829,-48.369607697735034,28.0,11.15637153681013,39.40981101613887,4.422704336093375e-08
index,31.5,0.48091603053435117,72.49126353441466,-53.73325767776361,0.0,-2.0,37.05532798899504,-17.06328873878479,51.62843629501533,-37.37644984928167,61.26471692365844,-60.44465514674765,51.62843629501533,-37.37644984928167,61.26471692365844,-60.44465514674765,56.44657660933689,-48.91055249801466,28.0,11.24618062128701,39.40146042895109,4.604205372515935e-08
index,32.0,0.48854961832061067,71.69696096019054,-54.53738719884732,0.0,-2.0,36.962315236727896,-17.290103084700007,51.22796629324175,-37.820353933965954,60.432318850036324,-61.06427559125582,51.22796629324175,-37.820353933965954,60.432318850036324,-61.06427559125582,55.83014257163904,-49.44231476261089,28.0,11.335196103590889,39.40565382636039,4.796758901193243e-08
index,32.5,0.4961832061068702,70.89146935535847,-55.331058083276744,0.0,-2.0,36.86791417713759,-17.516343133200454,50.82287463633044,-38.25903048518944,59.59209691820994,-61.67058191970544,50.82287463633044,-38.25903048518944,59.59209691820994,-61.67058191970544,55.20748577727019,-49.96480620244744,28.0,11.42338996880705,39.42265761094338,5.001152203476522e-08
index,33.0,0.5038167938931297,70.07486768246885,-56.1141130072238,0.0,-2.0,36.77212835593498,-17.742000386693,50.41323528884379,-38.69242285605975,58.74427647498089,-62.26345916664413,50.41323528884379,-38.69242285605975,58.74427647498089,-62.26345916664413,54.57875588191234,-50.477941011351945,28.0,11.510733318234049,39.45274667173939,5.2182386411914194e-08
index,33.5,0.5114503816793893,69.24723398208961,-56.88639472241251,0.0,-2.0,36.67496137084267,-17.96706636947433,49.9991229842422,-39.12047548715582,57.8890846974323,-62.84279628770977,49.9991229842422,-39.12047548715582,57.8890846974323,-62.84279628770977,53.94410384083725,-50.981635887432795,28.0,11.59719630613786,39.496204719364066,5.4489504464072525e-08
index,34.0,0.5190839694656488,68.40864522669358,-57.647745922784445,0.0,-2.0,36.57641687145987,-18.191532628049316,49.58061320862589,-39.543133917517935,57.0267505236353,-63.40848618992373,49.58061320862589,-39.543133917517935,57.0267505236353,-63.40848618992373,53.303681866130596,-51.475810053720835,28.0,11.682748071572096,39.553324640872816,5.694300142522479e-08
index,34.5,0.5267175572519084,67.5591771691529,-58.39800910083059,0.0,-2.0,36.47649855912536,-18.4153907314485,49.15778218431585,-39.96034479539293,56.15750458284393,-63.960425760746865,49.15778218431585,-39.96034479539293,56.15750458284393,-63.960425760746865,52.65764338357989,-51.96038527806989,28.0,11.767356664857381,39.62440887581155,5.955392623491207e-08
index,35.0,0.5343511450381679,66.69890418536961,-59.13702639283239,0.0,-2.0,36.37521018677842,-18.638632271544793,48.73070685327775,-40.372055888732305,55.281579125200665,-64.49851589588943,48.73070685327775,-40.372055888732305,55.281579125200665,-64.49851589588943,52.00614298923921,-52.435285892310866,28.0,11.85098896827283,39.709769815012855,6.233431548707813e-08
index,35.5,0.5419847328244275,65.82789911052525,-59.86463941217,0.0,-2.0,36.27255555881787,-18.861248863369255,48.29946486039246,-40.77821609544081,54.39920795097515,-65.0226615258665,48.29946486039246,-40.77821609544081,54.39920795097515,-65.0226615258665,51.34933640568381,-52.900438810653654,28.0,11.933610610464271,39.809730223824616,6.529738527660811e-08
index,36.0,0.549618320610687,64.94623306837713,-60.58068906976305,0.0,-2.0,36.168538530959225,-19.083232145426056,47.864134536577104,-41.17877545337336,53.510626339358616,-65.53277164129129,47.864134536577104,-41.17877545337336,53.510626339358616,-65.53277164129129,50.68738043796786,-53.355773547332326,28.0,12.015185874024384,39.924623691606634,6.845755962103794e-08
index,36.5,0.5572519083969466,64.0539752929736,-61.285015380601415,0.0,-2.0,36.063163010089816,-19.30457378000654,47.42479488176012,-41.57368515007799,52.61607097683644,-66.02875931689844,47.42479488176012,-41.57368515007799,52.61607097683644,-66.02875931689844,50.02043292929828,-53.80122223348822,28.0,12.09567759563934,40.05479510948445,7.18306978342298e-08
index,37.0,0.5648854961832062,63.15119294209224,-61.97745725520685,0.0,-2.0,35.956432954122086,-19.525265453502353,46.98152554771457,-41.96289753228268,51.71577988516222,-66.5105417342903,46.98152554771457,-41.96289753228268,51.71577988516222,-66.5105417342903,49.348652716438394,-54.23671963328649,28.0,12.175047058136139,40.20060117853942,7.543415847521828e-08
index,37.5,0.5725190839694656,62.237950901636,-62.65785227473036,0.0,-2.0,35.84835237184493,-19.745298876717747,46.53440682075325,-42.34636611512414,50.80999234895577,-66.9780402033997,46.53440682075325,-42.34636611512414,50.80999234895577,-66.9780402033997,48.67219958485451,-54.66220315926192,28.0,12.253253873690289,40.36241095080151,7.928706935445007e-08
index,38.0,0.5801526717557252,61.3143115801403,-63.326036448240274,0.0,-2.0,35.73892532277307,-19.964665785180905,46.08351960428952,-42.72404559111624,49.89894884294829,-67.43118018266262,46.08351960428952,-42.72404559111624,49.89894884294829,-67.43118018266262,47.9912342236189,-55.077612886889426,28.0,12.330255857375944,40.54060640564561,8.341052648574987e-08
index,38.5,0.5877862595419847,60.38033469245586,-63.98184395058361,0.0,-2.0,35.62815591699468,-20.183357939454343,45.62894540126814,-43.09589183885633,48.982890958898224,-67.86989129789511,45.62894540126814,-43.09589183885633,48.982890958898224,-67.86989129789511,47.30591818008318,-55.48289156837572,28.0,12.406008890151293,40.7355830644358,8.782773619486761e-08
index,39.0,0.5954198473282443,59.436077031571344,-64.62510683901088,0.0,-2.0,35.51604831501689,-20.401367125444402,45.17076629646941,-43.46186193146748,48.06206133220033,-68.29410735986879,45.17076629646941,-43.46186193146748,48.06206133220033,-68.29410735986879,46.61641381433487,-55.877984645668135,28.0,12.480466770271889,40.947750646552606,9.256438460170102e-08
index,39.5,0.6030534351145038,58.48159222742865,-65.25565474653281,0.0,-2.0,35.40260672760963,-20.61868515470976,44.70906493869126,-43.82191414477472,47.13670356821202,-68.70376638058022,44.70906493869126,-43.82191414477472,47.13670356821202,-68.70376638058022,45.92288425345164,-56.26284026267747,28.0,12.553581052014934,41.177533770254314,9.764892894281729e-08
index,40.0,0.6106870229007634,57.51693049145766,-65.8733145497278,0.0,-2.0,35.28783541564739,-20.83530386476899,44.2439245228129,-44.176007965213586,46.207062168320114,-69.0988105882091,44.2439245228129,-44.176007965213586,46.207062168320114,-69.0988105882091,45.225493345566505,-56.637409276711345,28.0,12.625300870471452,41.425372702194935,1.0311291021025681e-07
index,40.5,0.6183206106870229,56.54213834541635,-66.47791000843216,0.0,-2.0,35.171738689949244,-21.05121511940715,43.77542877174413,-44.52410409746915,45.27338245577148,-69.47918644076165,43.77542877174413,-44.52410409746915,45.27338245577148,-69.47918644076165,44.52440561375781,-57.0016452691154,28.0,12.695572751024127,41.69172415983248,1.0899136526631992e-07
index,41.0,0.6259541984732825,55.55725833296104,-67.06926137441995,0.0,-2.0,35.05432091111687,-21.26641080898138,43.30366191826452,-44.86616447184389,44.33591050129122,-69.8448446383947,43.30366191826452,-44.86616447184389,44.33591050129122,-69.8448446383947,43.81978620977787,-57.355504555119296,28.0,12.764340401971035,41.97706217145307,1.1532331001262719e-07
index,41.5,0.6335877862595419,54.56232871219274,-67.64718496580227,0.0,-2.0,34.93558648937083,-21.480882850725493,42.82870868675636,-45.20215225135286,43.394893048512124,-70.19574013441805,42.82870868675636,-45.20215225135286,43.394893048512124,-70.19574013441805,43.111800867634244,-57.69894619288545,28.0,12.831544488578448,42.28187899907668,1.2215226519174394e-07
index,42.0,0.6412213740458015,53.55738312721951,-68.2114927034473,0.0,-2.0,34.81553988438486,-21.694623189053576,42.35065427483555,-45.53203183854447,42.45057743923888,-70.53183214497123,42.35065427483555,-45.53203183854447,42.45057743923888,-70.53183214497123,42.40061585703721,-58.03193199175785,28.0,12.897122386644904,42.606686130160675,1.2952688166478765e-07
index,42.5,0.648854961832061,52.54245025654153,-68.76199160522562,0.0,-2.0,34.69418560511844,-21.907623795862534,41.8695843348847,-45.85576888204549,41.50321153857102,-70.85308415737299,41.8695843348847,-45.85576888204549,41.50321153857102,-70.85308415737299,41.68639793672786,-58.354426519709236,28.0,12.961007913434113,42.95201534476153,1.3750170779758264e-07
index,43.0,0.6564885496183206,51.517553435800096,-69.29848323331208,0.0,-2.0,34.57152820964736,-22.119876670833662,41.38558495549238,-46.17333028282884,40.55304365990829,-71.15946393714094,41.38558495549238,-46.17333028282884,40.55304365990829,-71.15946393714094,40.96931430770033,-58.66639710998489,28.0,13.023131033576426,43.31841986568574,1.4613791421425049e-07
index,43.5,0.6641221374045801,50.48271025212691,-69.82076308911243,0.0,-2.0,34.44757230499257,-22.331373841733104,40.89874264280276,-46.484684200202764,39.60032248986205,-71.45094353367996,40.89874264280276,-46.484684200202764,39.60032248986205,-71.45094353367996,40.249532566332405,-58.96781386694136,28.0,13.083417537248483,43.70647560018988,1.555044093493052e-07
index,44.0,0.6717557251908397,49.437932106981705,-70.32861994960993,0.0,-2.0,34.3223225469471,-22.54210736471132,40.409144301779975,-46.78980005752012,38.64529701309694,-71.7274992846382,40.409144301779975,-46.78980005752012,38.64529701309694,-71.7274992846382,39.52722065743846,-59.258649671079155,28.0,13.141788687609056,44.11678248299537,1.656788839454748e-07
index,44.5,0.6793893129770993,48.38322374396424,-70.82183513802848,0.0,-2.0,34.19578363990123,-22.752069324601422,39.916877217391225,-47.08864854760651,37.68821643712626,-71.98911181892957,39.916877217391225,-47.08864854760651,37.68821643712626,-71.98911181892957,38.80254682725874,-59.53888018326804,28.0,13.198160834090697,44.549965931820964,1.7674928187716432e-07
index,45.0,0.6870229007633588,47.31858273762096,-71.3001817206566,0.0,-2.0,34.06796033666578,-22.961251835216515,39.42202903571298,-47.38120163790618,36.729330117085205,-72.23576605842301,39.42202903571298,-47.38120163790618,36.729330117085205,-72.23576605842301,38.0756795763991,-59.8084838481646,28.0,13.252444987715348,45.00667842835232,1.888152922902009e-07
index,45.5,0.6946564885496184,46.24399893873192,-71.76342362044032,0.0,-2.0,33.938857438293546,-23.16964703964586,38.924687744964494,-47.66743257534442,35.76888748050562,-72.46745121829792,38.924687744964494,-47.66743257534442,35.76888748050562,-72.46745121829792,37.346787612735056,-60.06744189682117,28.0,13.304546354103932,45.487601239604,2.0199028938350239e-07
index,46.0,0.7022900763358778,45.15945387093545,-72.21131463649938,0.0,-2.0,33.80847979389907,-23.377247110549998,38.424941656472875,-47.94731589090553,34.80713795211621,-72.68416080606687,38.424941656472875,-47.94731589090553,34.80713795211621,-72.68416080606687,36.616039804294545,-60.3157383484862,28.0,13.354363819279847,45.993446297106665,2.1640360614583187e-07
index,46.5,0.7099236641221374,44.064920072819504,-72.64359735699976,0.0,-2.0,33.676832300476406,-23.584044250454753,37.922879385574014,-48.220827403925384,33.8443308786919,-72.88589261926609,37.922879385574014,-48.220827403925384,33.8443308786919,-72.88589261926609,35.883605132132956,-60.553360011595736,28.0,13.401789382705045,46.52495825432114,2.3220319178562931e-07
index,47.0,0.7175572519083969,42.96036037875217,-73.06000195077395,0.0,-2.0,33.54391990271525,-23.790030692044095,37.41858983245366,-48.487944226097554,32.88071545397634,-73.07264874181544,37.41858983245366,-48.487944226097554,32.88071545397634,-73.07264874181544,35.149652643215006,-60.7802964839565,28.0,13.44670753122282,47.08291674630589,2.495588660167414e-07
index,47.5,0.7251908396946565,41.84572713071702,-73.46024482064549,0.0,-2.0,33.4097475928152,-23.99519869845187,36.91216216293302,-48.74864476519228,31.916540643701243,-73.2444355390495,36.91216216293302,-48.74864476519228,31.916540643701243,-73.2444355390495,34.414351403317134,-60.99654015212089,28.0,13.48899454669009,47.668138880073066,2.6866618441090395e-07
index,48.0,0.732824427480916,40.72096131222911,-73.84402709849967,0.0,-2.0,33.274320410298245,-24.199540563552425,36.403685789202996,-49.002908728487455,30.952055110725986,-73.40126365142208,36.403685789202996,-49.002908728487455,30.952055110725986,-73.40126365142208,33.67787044996449,-61.20208618995477,28.0,13.528517739040815,48.28148198947767,2.8975112087437083e-07
index,48.5,0.7404580152671756,39.58599159399128,-74.2110329586369,0.0,-2.0,33.13764344181947,-24.403048612250046,35.893250350511614,-49.2507171259108,29.987507140321668,-73.54314798688672,35.893250350511614,-49.2507171259108,29.987507140321668,-73.54314798688672,32.94037874541664,-61.39693255639877,28.0,13.565134595300862,48.92384669515674,3.130758088332186e-07
index,49.0,0.7480916030534351,38.44073327926462,-74.5609277217076,0.0,-2.0,32.999721820976056,-24.605715200767197,35.38094569380902,-49.49205227289274,29.023144565622996,-73.67010771195642,35.38094569380902,-49.49205227289274,29.023144565622996,-73.67010771195642,32.202045129716005,-61.58107999242458,28.0,13.598691833632197,49.59618031827317,3.3894551876301193e-07
index,49.5,0.7557251908396947,37.285087134899854,-74.89335571637994,0.0,-2.0,32.86056072811436,-24.807532716931668,34.86686185435396,-49.726897792929286,28.059214693271155,-73.78216624144595,34.86686185435396,-49.726897792929286,28.059214693271155,-73.78216624144595,31.463038273812558,-61.754532017187614,28.0,13.629024349775486,50.299480707079475,3.677172202287693e-07
index,50.0,0.7633587786259542,36.11893809153105,-75.2079378596054,0.0,-2.0,32.72016539013545,-25.008493580462464,34.35108903628679,-49.95523861985437,27.09596422927204,-73.87935122690082,34.35108903628679,-49.95523861985437,27.09596422927204,-73.87935122690082,30.723526632779414,-61.9172949233776,28.0,13.65595404122218,51.034800548149256,3.9981006949574294e-07
index,50.5,0.7709923664122137,34.94215379346683,-75.50426890862217,0.0,-2.0,32.578541080298706,-25.208590243254534,33.833717593172736,-50.17706099982129,26.133639205092297,-73.96169454371716,33.833717593172736,-50.17706099982129,26.133639205092297,-73.96169454371716,29.983678399132515,-62.069377771769226,28.0,13.679288492001925,51.80325225022286,4.357188032599879e-07
index,51.0,0.7786259541984732,33.75458297518426,-75.78191432829095,0.0,-2.0,32.4356931180238,-25.407815189662266,33.31483800852017,-50.392352492992785,25.17248490401712,-74.02923227695729,33.31483800852017,-50.392352492992785,25.17248490401712,-74.02923227695729,29.243661456268647,-62.210792384975036,28.0,13.698819498021615,52.606013508993335,4.7602991060102795e-07
index,51.5,0.7862595419847328,32.55605363687151,-76.0404067054822,0.0,-2.0,32.29162686869087,-25.606160936781784,32.79454087627818,-50.60110197493933,24.212745787792876,-74.08200470586621,32.79454087627818,-50.60110197493933,24.212745787792876,-74.08200470586621,28.503643332035526,-62.34155334040277,28.0,13.714321409303341,53.44433368702407,5.214425939925604e-07
index,52.0,0.7938931297709924,31.346370985932097,-76.27924162735812,0.0,-2.0,32.146347743439,-25.80362003473199,32.2729168813177,-50.80329963774564,23.25466542357744,-74.12005628709474,32.2729168813177,-50.80329963774564,23.25466542357744,-74.12005628709474,27.763791152447567,-62.46167796242019,28.0,13.725549261078276,54.31954117608689,5.727949599076965e-07
index,52.5,0.8015267175572519,30.125315104456604,-76.4978729216232,0.0,-2.0,31.99986119896301,-26.000185066934417,31.75005677990083,-50.99893699082487,22.298486411221635,-74.14343563663496,31.75005677990083,-50.99893699082487,22.298486411221635,-74.14343563663496,27.02427159556123,-62.57118631372992,28.0,13.732236660270251,55.233051951793875,6.310976345957897e-07
index,53.0,0.8091603053435115,28.892638293964836,-76.69570713294436,0.0,-2.0,31.85217273730845,-26.195848650391753,31.226051380142437,-51.188006861440684,21.344450310904286,-74.15219551047488,31.226051380142437,-51.188006861440684,21.344450310904286,-74.15219551047488,26.28525084552336,-62.67010118595778,28.0,13.734093387154271,56.18637958558378,6.975772635087196e-07
index,53.5,0.816793893129771,27.648062037655322,-76.87209707912386,0.0,-2.0,31.703287905664975,-26.39060343596519,30.700991522468662,-51.37050339493683,20.392797571143937,-74.14639278397875,30.700991522468662,-51.37050339493683,20.392797571143937,-74.14639278397875,25.5468945468063,-62.758448089457794,28.0,13.730802663495652,57.181147051202075,7.737328289181278e-07
index,54.0,0.8244274809160306,26.39127350619829,-77.02633429098074,0.0,-2.0,31.553212296158005,-26.58444210865041,30.17496806007668,-51.546422054674494,19.44376745720988,-74.12608843000058,30.17496806007668,-51.546422054674494,19.44376745720988,-74.12608843000058,24.80936775864328,-62.836255242337536,28.0,13.722018027715176,58.21910075767238,8.614098163661765e-07
index,54.5,0.8320610687022901,25.121921514676004,-77.15764008810676,0.0,-2.0,31.401951545638642,-26.77735738785238,29.648071839399968,-51.71575962167731,18.497597979954648,-74.09134749573832,29.648071839399968,-51.71575962167731,18.497597979954648,-74.09134749573832,24.072834909677308,-62.90355355870781,28.0,13.707359743826888,59.30212736677111,9.628987456267168e-07
index,55.0,0.8396946564885496,23.839611814090162,-77.26515497425902,0.0,-2.0,31.249511335471986,-26.9693420276588,29.120393680583582,-51.87851419398425,17.55452582509065,-74.04223907833696,29.120393680583582,-51.87851419398425,17.55452582509065,-74.04223907833696,23.337459752837116,-62.9603766361606,28.0,13.686410652993068,60.432274121984406,1.0810671895455926e-06
index,55.5,0.8473282442748091,22.543901568718297,-77.34792594477172,0.0,-2.0,31.095897391323714,-27.16038881711225,28.59202435797387,-52.034685185710565,16.614786282933146,-73.97883629924866,28.59202435797387,-52.034685185710565,16.614786282933146,-73.97883629924866,22.603405320453508,-63.006760742479614,28.0,13.658711353023241,61.61177364493261,1.2195394631930867e-06
index,56.0,0.8549618320610687,21.234292827316494,-77.40489117477,0.0,-2.0,30.94111548294506,-27.350490580481026,28.063054580626904,-52.18427332581702,15.678613178631412,-73.90121627735925,28.063054580626904,-52.18427332581702,15.678613178631412,-73.90121627735925,21.87083387962916,-63.042744801588135,28.0,13.623754559830989,62.843074469257004,1.3829440632662227e-06
index,56.5,0.8625954198473282,19.910224737011987,-77.43486138751963,0.0,-2.0,30.785171423956076,-27.539640177528703,27.53357497284006,-52.32728065658782,14.746238802910147,-73.80946010089006,27.53357497284006,-52.32728065658782,14.746238802910147,-73.80946010089006,21.139906887875103,-63.06837037873894,28.0,13.580978462547197,64.12887901806067,1.577259340024284e-06
index,57.0,0.8702290076335878,18.57106416657976,-77.43649696648089,0.0,-2.0,30.628071071627264,-27.727830503782258,27.003676054711043,-52.4637105318175,13.817893843342516,-73.70365279808455,27.003676054711043,-52.4637105318175,13.817893843342516,-73.70365279808455,20.41078494902678,-63.08368166495102,28.0,13.529758825880014,65.47219134530252,1.8103046954820456e-06
index,57.5,0.8778625954198473,17.216094289688826,-77.40827954123208,0.0,-2.0,30.469820326659615,-27.915054490798987,26.47344822272889,-52.593567614707496,12.893807316176856,-73.58388330669028,26.47344822272889,-52.593567614707496,12.893807316176856,-73.58388330669028,19.683627769452873,-63.08872546069889,28.0,13.469399512096167,66.87637784061069,2.092450394286516e-06
index,58.0,0.8854961832061069,15.844500511428805,-77.34847629743861,0.0,-2.0,30.31042513296292,-28.101305106431933,25.94298173040108,-52.71685787547247,11.974206498737763,-73.4502444422461,25.94298173040108,-52.71685787547247,11.974206498737763,-73.4502444422461,18.958594114569422,-63.08355115885929,28.0,13.399120979256297,68.34524537696193,2.4376642286938477e-06
index,58.5,0.8931297709923665,14.455352875240024,-77.25509455616204,0.0,-2.0,30.149891477432583,-28.28657535509405,25.412366668921354,-52.833588588657534,11.059316862423223,-73.30283286518576,25.412366668921354,-52.833588588657534,11.059316862423223,-73.30283286518576,18.23584176567229,-63.06821072692165,28.0,13.318046143818455,69.88314328116282,2.865088291059692e-06
index,59.0,0.9007633587786259,13.047583716432058,-77.12582310950103,0.0,-2.0,29.988225389724704,-28.47085827802096,24.881692947882353,-52.943768330166606,10.149362006318377,-73.14174904676887,24.881692947882353,-52.943768330166606,10.149362006318377,-73.14174904676887,17.515527477100363,-63.042758688467735,28.0,13.225182744430692,71.4950983909703,3.4014742169574674e-06
index,59.5,0.9083969465648855,11.619958754725332,-76.95795517069268,0.0,-2.0,29.825432942029614,-28.654146953532294,24.351050276037498,-53.047406974002804,9.244563591446632,-72.9670972338507,24.351050276037498,-53.047406974002804,9.244563591446632,-72.9670972338507,16.797806933742066,-63.007252103926746,28.0,13.119400958898883,73.18699694756009,4.085048793456281e-06
index,60.0,0.916030534351145,10.17103890429027,-76.74828521847729,0.0,-2.0,29.66152024884382,-28.836434497291698,23.820528142116526,-53.144515688721626,8.345141275678946,-72.77898541250309,23.820528142116526,-53.144515688721626,8.345141275678946,-72.77898541250309,16.082834708897735,-62.96175055061236,28.0,12.999404419036685,74.96583424315223,4.971847602064372e-06
index,60.5,0.9236641221374046,8.699128574653152,-76.49296780185286,0.0,-2.0,29.496493466740333,-29.01771406256541,23.290215795698813,-53.23510693359782,7.451312649321125,-72.57752527049837,23.290215795698813,-53.23510693359782,7.451312649321125,-72.57752527049837,15.370764222509969,-62.906316102048095,28.0,12.863691776738904,76.84006477879109,6.1464739502525845e-06
index,61.0,0.9312977099236641,7.202203661342708,-76.18731922753345,0.0,-2.0,29.330358794137425,-29.197978840479404,22.760202228148877,-53.31919445450677,6.563293171399511,-72.36283215866902,22.760202228148877,-53.31919445450677,6.563293171399511,-72.36283215866902,14.661747699774194,-62.8410133065879,28.0,12.710504292267679,78.820105945203,7.741158484009247e-06
index,61.5,0.9389312977099237,5.677807824267937,-75.82553041277475,0.0,-2.0,29.163122471065815,-29.377222060275148,22.230576153618326,-53.39679327952145,5.681296106664675,-72.13502505115619,22.230576153618326,-53.39679327952145,5.681296106664675,-72.13502505115619,13.9559361301415,-62.76590916533882,28.0,12.53775193010456,80.91908441585721,9.971228536187482e-06
index,62.0,0.9465648854961832,4.1228818951836885,-75.40020675878093,0.0,-2.0,28.994790778934295,-29.55543698956391,21.701425990118487,-53.46791971422597,4.805532463332774,-71.8942265045603,21.701425990118487,-53.46791971422597,4.805532463332774,-71.8942265045603,13.25347922672563,-62.68107310939313,28.0,12.342919543486095,83.154088943589,2.2502888441522373e-11
index,62.5,0.9541984732824428,2.5335727968003567,-74.90179234560222,0.0,-2.0,28.82537004029381,-29.732616934579614,21.17283984066805,-53.53259133674685,3.9362109315839824,-71.64056261600746,21.17283984066805,-53.53259133674685,3.9362109315839824,-71.64056261600746,12.554525386126016,-62.58657697637715,28.0,12.122845960692139,85.5476361553144,3.5932146147388266e-11
index,63.0,0.9618320610687023,0.9047499638505201,-74.31730528309726,0.0,-2.0,28.654866618599964,-29.908755240430295,20.64490547451976,-53.59082699250311,3.073537822836766,-71.37416298014583,20.64490547451976,-53.59082699250311,3.073537822836766,-71.37416298014583,11.859221648678263,-62.48249498632447,28.0,11.873525349466735,88.13130396876979,7.550227110186825e-11
index,63.5,0.9694656488549618,-0.7706853224415795,-73.62841862038975,0.0,-2.0,28.48328691797402,-30.083845291348016,20.117710308470606,-53.64264678867656,2.2177170098171217,-71.09516064508591,20.117710308470606,-53.64264678867656,2.2177170098171217,-71.09516064508591,11.167713659143864,-62.368903716881235,28.0,11.589575078449347,89.04891537509309,2.1049828546892968e-10
index,64.0,0.9770992366412213,-2.5032764760492157,-72.80750930862757,0.0,-2.0,28.31063738296237,-30.257880510937365,19.591341388259565,-53.68807208840339,1.3689498674412341,-70.80369206730009,19.591341388259565,-53.68807208840339,1.3689498674412341,-70.80369206730009,10.4801456278504,-62.24588207785174,28.0,11.263297239602576,85.92122061384325,7.564224802081299e-10
index,64.5,0.9847328244274809,-4.310356652160266,-71.80884958227143,0.0,-2.0,28.13692449829443,-30.4308543624225,19.065885370056968,-53.7271255046887,0.5274352145295751,-70.49989706549601,19.065885370056968,-53.7271255046887,0.5274352145295751,-70.49989706549601,9.796660292293272,-62.11351128509236,28.0,10.882537811700985,82.36219314020292,3.940641590816085e-09
index,65.0,0.9923664122137404,-6.225468820286103,-70.54433580301038,0.0,-2.0,27.962154788639154,-30.60276034889263,18.541428502050024,-53.75983089404511,-0.30663074362902165,-70.18391877347916,18.541428502050024,-53.75983089404511,-0.30663074362902165,-70.18391877347916,9.117398879210501,-61.971874833762136,28.0,10.424714047460256,78.1245306603296,3.799871706178237e-08
index,65.5,1.0,-8.337387192276978,-68.78547914672866,0.0,-2.0,27.78633481835989,-30.773592013546043,18.018056606128045,-53.78621334985705,-1.1330544718464033,-69.85590359202054,18.018056606128045,-53.78621334985705,-1.1330544718464033,-69.85590359202054,8.442501067140821,-61.821058470938794,28.0,9.83223169049328,72.54068432380399,1.3302346104637763e-06
middle,0.0,0.0,96.932098,10.514118,0.0,-2.0,49.0,-2.0,76.0,-2.0,103.0,-2.0,76.0,-2.0,103.0,-2.0,89.5,-2.0,28.0,13.445302133004343,30.705952228880232,1.0075033500811514e-06
middle,0.5,0.007633587786259542,96.96557307365543,9.407318575703622,0.0,-2.0,48.999404638431415,-2.2415472609362204,75.99618020625371,-2.658810895384777,102.99128010729812,-3.173185595999241,75.99618020625371,-2.658810895384777,102.99128010729812,-3.173185595999241,89.49373015677591,-2.915998245692009,28.0,13.588456916241924,30.13756429501541,1.3495146333752928e-08
middle,1.0,0.015267175572519083,96.98537435857926,8.299321161569498,0.0,-2.0,48.99761856819323,-2.4830886521599442,75.98472160962781,-3.317516258961539,102.96512299239579,-4.3460789574546705,75.98472160962781,-3.3175162589615383,102.96512299239579,-4.34607895745467,89.4749223010118,-3.8317976082081042,28.0,13.73217140853347,29.578704602248703,1.355390111257293e-08
middle,1.5,0.022900763358778626,96.99146090768079,7.190322661432497,0.0,-2.0,48.994641832687805,-2.724618304101312,75.9656265637769,-3.976010582868882,102.9215363440731,-5.518387941536633,75.9656265637769,-3.976010582868882,102.9215363440731,-5.518387941536633,89.44358145392499,-4.7471992622027575,28.0,13.876441173496628,29.029618939914286,1.3615867544558569e-08
middle,2.0,0.030534351145038167,96.9837948683872,6.0805200420341246,0.0,-2.0,48.990474504251196,-2.9661303474757355,75.93889899084434,-4.634188407132942,102.86053297419755,-6.689820588813509,75.93889899084434,-4.634188407132942,102.86053297419755,-6.689820588813509,89.39971598252095,-5.662004497973225,28.0,14.021261318712721,28.490566896369295,1.3681393795650365e-08
middle,2.5,0.03816793893129771,96.96234155506866,4.970111109580549,0.0,-2.0,48.98511668415147,-3.2076189134265207,75.90454438054103,-5.29194434359693,102.7821308135761,-7.860085214875014,75.90454438054103,-5.29194434359693,102.7821308135761,-7.860085214875015,89.34333759705856,-6.576014779235972,28.0,14.166625706192553,27.96182109525318,1.3750785399224696e-08
middle,3.0,0.04580152671755725,96.9270694623122,3.859294427920463,0.0,-2.0,48.97856850258618,-3.449078133667488,75.86256978885588,-5.949173099833629,102.68635290614989,-9.028890501864701,75.86256978885588,-5.949173099833629,102.68635290614989,-9.028890501864701,89.27446134750289,-7.489031800849165,28.0,14.31252692592873,27.443668010724092,1.3824354994085297e-08
middle,3.5,0.05343511450381679,96.87795027488391,2.748269236735056,0.0,-2.0,48.970830118679224,-3.6905021406255702,75.81298383639847,-6.605769503035132,102.57322740153379,-10.195945589891398,75.81298383639847,-6.605769503035131,102.57322740153379,-10.195945589891396,89.19310561896613,-8.400857546463264,28.0,14.4589562657298,26.93640882834434,1.3902443640745332e-08
middle,4.0,0.061068702290076333,96.81495887438535,1.6372353698741104,0.0,-2.0,48.961901720476995,-3.9318850675834027,75.75579670637423,-7.2616285238741645,102.44278754590306,-11.36096016828943,75.75579670637423,-7.2616285238741645,102.44278754590306,-11.36096016828943,89.09929212613864,-9.311294346081798,28.0,14.60590367694895,26.440360354674176,1.3985385294290609e-08
middle,4.5,0.06870229007633588,96.7380733426146,0.526393173969248,0.0,-2.0,48.95178352494378,-4.1732210488218815,75.69102014219243,-7.916645300331328,102.29507167123029,-12.523644566697488,75.69102014219243,-7.916645300331329,102.29507167123029,-12.52364456669749,88.99304590671136,-10.220144933514408,28.0,14.753357735694214,25.955855978793796,1.4073528120661649e-08
middle,5.0,0.07633587786259542,96.6472749616471,-0.5840565725444858,0.0,-2.0,48.940475777956514,-4.414504219762707,75.618667444708,-8.570715161482587,102.13012318287622,-13.68370984592605,75.618667444708,-8.570715161482587,102.13012318287622,-13.68370984592605,88.8743953137921,-11.127212503704317,28.0,14.90130559907633,25.483246689119696,1.4167198969516903e-08
middle,5.5,0.08396946564885496,96.54254821065615,-1.6939127398692533,0.0,-2.0,48.92797875429878,-4.655728717110895,75.53875346909729,-9.223733651241371,101.94799054553856,-14.840867888583377,75.53875346909729,-9.223733651241371,101.94799054553856,-14.840867888583377,88.74337200731793,-12.032300769912375,28.0,15.049732956017621,25.022902149026105,1.4266795744788396e-08
middle,6.0,0.0916030534351145,96.42388075949677,-2.8029739266184945,0.0,-2.0,48.91429275765415,-4.896888678997255,75.45129462136902,-9.875596552049622,101.74872726756361,-15.994831489430187,75.45129462136902,-9.875596552049624,101.74872726756361,-15.994831489430187,88.6000109444663,-12.935214020739906,28.0,15.198623972108848,24.575211834904607,1.4372652401561936e-08
middle,6.5,0.09923664122137404,96.29126345908182,-3.91103853879845,0.0,-2.0,48.899418120598824,-5.137978245120844,75.35630885451086,-10.526199908512194,101.53239188362585,-17.145314445433115,75.35630885451086,-10.526199908512194,101.53239188362585,-17.145314445433115,88.44435036906836,-13.835757176972654,28.0,15.347961227962228,24.140586240405423,1.448518816005162e-08
middle,7.0,0.10687022900763359,96.14469032858239,-5.017904867871535,0.0,-2.0,48.883355204593485,-5.378991556891362,75.25381566427271,-11.175440050968948,101.29904793578126,-18.29203164548732,75.25381566427271,-11.175440050968948,101.29904793578126,-18.29203164548732,88.27643180002698,-14.733735848228134,28.0,15.497725650464956,23.719458150676672,1.460475829162533e-08
middle,7.5,0.11450381679389313,95.98415853948939,-6.123371167778926,0.0,-2.0,48.86610439997459,-5.619922757571533,75.1438360845879,-11.82321361899901,101.04876395290098,-19.434699159778557,75.1438360845879,-11.82321361899901,101.04876395290098,-19.434699159778557,88.09630001874444,-15.628956389388783,28.0,15.64789643629166,23.31228399045667,1.4731817543633952e-08
middle,8.0,0.12213740458015267,95.80966839657577,-7.227235730801649,0.0,-2.0,48.847666125944826,-5.860765992419413,75.02639268263289,-12.469417584851499,100.78161342849182,-20.573034328755263,75.02639268263289,-12.469417584851499,100.78161342849182,-20.573034328755263,87.90400305556236,-16.52122595680338,28.0,15.798450966983065,22.919545249864562,1.486673539830008e-08
middle,8.5,0.1297709923664122,95.62122331580369,-8.329296962141184,0.0,-2.0,48.82804083056297,-6.101515408830674,74.9015095535272,-13.113949276797307,100.49767479691141,-21.706755851681343,74.9015095535272,-13.113949276797307,100.49767479691141,-21.706755851681343,87.69959217521931,-17.410352564239325,28.0,15.949364714842863,22.541749991652583,1.5009987919256673e-08
middle,9.0,0.13740458015267176,95.41882979922269,-9.429353453104516,0.0,-2.0,48.80722899073296,-6.342165156480818,74.7692123146745,-13.756706402396226,100.19703140798573,-22.835583874740298,74.7692123146745,-13.756706402396226,100.19703140798573,-22.835583874740298,87.48312186133012,-18.296145138568264,28.0,16.10061113884666,22.17943444352684,1.516200143214519e-08
middle,9.5,0.1450381679389313,95.20249740690917,-10.527204052779696,0.0,-2.0,48.785231112192335,-6.582709387467344,74.62952809974625,-14.397587071674025,99.87977150003769,-23.95924007866182,74.62952809974625,-14.397587071674025,99.87977150003769,-23.95924007866182,87.25464979989198,-19.178413575167923,28.0,16.25216156969165,21.833164678871885,1.5323223578889156e-08
middle,10.0,0.15267175572519084,94.97223872599955,-11.6226479380907,0.0,-2.0,48.76204772949992,-6.82314225645186,74.4824855523094,-15.036489820203904,99.54598817133554,-25.077447765841846,74.4824855523094,-15.036489820203904,99.54598817133554,-25.077447765841846,87.01423686182247,-20.056968793022875,28.0,16.403985083047296,21.50353838881522,1.5494180161113036e-08
middle,10.5,0.16030534351145037,94.72806933687167,-12.71548468212545,0.0,-2.0,48.73767940602288,-7.063457920802117,74.32811481909972,-15.673313632086842,99.19577934997116,-26.189931946927334,74.32811481909972,-15.673313632086842,99.19577934997116,-26.189931946927334,86.76194708453545,-20.931622789507088,28.0,16.556048359996666,21.191186748005695,1.5675389875013934e-08
middle,11.0,0.16793893129770993,94.4700077765319,-13.805514320629676,0.0,-2.0,48.712126733922965,-7.303650540734001,74.1664475429422,-16.307957962825416,98.82924776217777,-27.296419426837282,74.1664475429422,-16.307957962825416,98.82924776217777,-27.296419426837282,86.49784765255998,-21.80218869483135,28.0,16.708315533576858,20.896776375701606,1.5867314573370095e-08
middle,11.5,0.17557251908396945,94.19807549926682,-14.892537416566247,0.0,-2.0,48.68539033414218,-7.543714279453428,73.99751685532021,-16.940322762085625,98.44650089909797,-28.396638890191575,73.99751685532021,-16.940322762085625,98.44650089909797,-28.396638890191575,86.22200887720909,-22.668480826138598,28.0,16.860748020249517,20.621011392748475,1.607057242836163e-08
middle,12.0,0.183206106870229,93.91229683461947,-15.976355122639719,0.0,-2.0,48.657470856387654,-7.783643303298195,73.82135736859553,-17.570308496341347,98.04765098201338,-29.490320986119585,73.82135736859553,-17.570308496341347,98.04765098201338,-29.490320986119585,85.93450417530445,-23.530314741230466,28.0,17.013304335045945,20.364635573683493,1.628571766332243e-08
middle,12.5,0.19083969465648856,93.61269894275216,-17.056769241690255,0.0,-2.0,48.6283689791159,-8.02343178187973,73.63800516788058,-18.197816171395992,97.6328149260472,-30.57719841242045,73.63800516788058,-18.197816171395992,97.6328149260472,-30.57719841242045,85.6354100469639,-24.38750729190822,28.0,17.165939889045276,20.128434591497292,1.6513318712441105e-08
middle,13.0,0.1984732824427481,93.29931176725853,-18.13358228486253,0.0,-2.0,48.59808540951626,-8.263073888224778,73.44749780256515,-18.822747354776084,97.20211430235197,-31.6570059990475,73.44749780256515,-18.822747354776084,97.20211430235197,-31.6570059990475,85.32480605245857,-25.23987667691179,28.0,17.31860676775506,19.91323835040209,1.6754057696743985e-08
middle,13.5,0.20610687022900764,92.97216798548709,-19.206597527459902,0.0,-2.0,48.566620883493776,-8.502563798917002,73.2498742774997,-19.44500419799138,96.75567529879552,-32.72948079088912,73.2498742774997,-19.44500419799138,96.75567529879552,-32.72948079088912,85.0027747881476,-26.08724249444025,28.0,17.471253488879462,19.719923399225138,1.700858121012061e-08
middle,14.0,0.21374045801526717,92.63130295644049,-20.275619062395002,0.0,-2.0,48.5339761656513,-8.741895694238481,73.0451750438369,-20.064489458656276,96.29362867915768,-33.79436212981897,73.0451750438369,-20.064489458656276,96.29362867915768,-33.79436212981897,84.66940186149729,-26.929425794237623,28.0,17.623824737873214,19.549415414640386,1.7277564268169954e-08
middle,14.5,0.22137404580152673,92.27675466631314,-21.34045185115124,0.0,-2.0,48.50015204927088,-8.981063758311159,72.83344198953417,-20.681106522467253,95.81610974085191,-34.85139173598851,72.83344198953417,-20.681106522467253,95.81610974085191,-34.85139173598851,84.32477586519303,-27.76624912922788,28.0,17.776261079604943,19.402691739230473,1.7561774257046636e-08
middle,15.0,0.22900763358778625,91.90856367172955,-22.40090177217268,0.0,-2.0,48.46514935629452,-9.22006217923814,72.61471842951899,-21.294759425031103,95.32325827118595,-35.90031378833497,72.61471842951899,-21.294759425031103,95.32325827118595,-35.90031378833497,83.96898835035248,-28.597536606683036,28.0,17.928498644388362,19.280783954193495,1.7861964352050563e-08
middle,15.5,0.2366412213740458,91.52677304074581,-23.45677566660118,0.0,-2.0,48.428968937304184,-9.458885149244944,72.38904909551965,-21.90535287353882,94.81521850217572,-36.940875004278524,72.38904909551965,-21.90535287353882,94.81521850217572,-36.940875004278524,83.60213379884769,-29.42311393890867,28.0,18.080468786589122,19.18478046017737,1.817895167732786e-08
middle,16.0,0.24427480916030533,91.13142829167441,-24.50788138128144,0.0,-2.0,48.39161167150113,-9.697526864820635,72.15648012556372,-22.512792268279945,94.29213906392835,-37.972824718582174,72.15648012556372,-22.512792268279945,94.29213906392835,-37.972824718582174,83.22430959474603,-30.24280849343106,28.0,18.23209771399288,19.11582903202702,1.8513553357024648e-08
middle,16.5,0.25190839694656486,90.72257732979133,-25.554027808958836,0.0,-2.0,48.35307846668457,-9.935981526858836,71.91705905314669,-23.116983723992266,93.75417293660912,-38.995914961348646,71.91705905314669,-23.116983723992266,93.75417293660912,-38.995914961348646,82.83561599487791,-31.056449342670454,28.0,18.383306086129565,19.075139303955325,1.8866735729261563e-08
middle,17.0,0.2595419847328244,90.30027038198278,-26.59502492559262,0.0,-2.0,48.31337025922957,-10.174243340798666,71.6708347960736,-23.717834091041862,93.20147740100913,-40.00990053512854,71.6708347960736,-23.717834091041862,93.20147740100913,-40.00990053512854,82.43615609854137,-31.8638673130852,28.0,18.534008579801814,19.063985130476517,1.923942960502245e-08
middle,17.5,0.26717557251908397,89.86455992938588,-27.630683824712396,0.0,-2.0,48.27248801406433,-10.412306516765543,71.41785764497605,-24.31525097642837,92.63421398772974,-41.014539091114436,71.41785764497605,-24.31525097642837,92.63421398772974,-41.014539091114436,82.0260358163529,-32.6648950337714,28.0,18.68411342018299,19.08370675514681,1.9632622638710018e-08
middle,18.0,0.2748091603053435,89.41550063807583,-28.66081674874391,0.0,-2.0,48.23043272464669,-10.650165269711882,71.15817925150736,-24.909142764610593,92.05254842500094,-42.00959120439606,71.15817925150736,-24.909142764610593,92.05254842500094,-42.00959120439606,81.60536383825415,-33.459366984503326,28.0,18.83352187604009,19.13571270335792,2.004738774985526e-08
middle,18.5,0.2824427480916031,88.9531492878483,-29.68523711723201,0.0,-2.0,48.18720541294006,-10.887813819557671,70.89185261621907,-25.4994186381474,91.45665058515144,-42.99482044825153,70.89185261621907,-25.4994186381474,91.45665058515144,-42.99482044825153,81.17425160068525,-34.24711954319947,28.0,18.982127717931384,19.221481296841247,2.0484897333972185e-08
middle,19.0,0.2900763358778626,88.47756469914202,-30.703759551889462,0.0,-2.0,48.14280712938852,-11.125246391330927,70.618932076121,-26.08598859814908,90.84669442974776,-43.969993467450585,70.618932076121,-26.08598859814908,90.84669442974776,-43.969993467450585,80.73281325293438,-35.02799103279983,28.0,19.129816638646545,19.34256166582038,2.0946288259438006e-08
middle,19.5,0.29770992366412213,87.9888076581444,-31.716199898398266,0.0,-2.0,48.09723895289132,-11.362457215308057,70.33947329192848,-26.668763484534338,90.22285795342125,-44.93488005054567,70.33947329192848,-26.668763484534338,90.22285795342125,-44.93488005054567,80.28116562267488,-35.801821767540005,28.0,19.276465635733075,19.500574109583944,2.143290345202331e-08
middle,20.0,0.3053435114503817,87.48694084011572,-32.722375244892106,0.0,-2.0,48.050501990776674,-11.599440527154023,70.05353323499952,-27.247654996087963,89.58532312640176,-45.889253201127076,70.05353323499952,-27.247654996087963,89.58532312640176,-45.889253201127076,79.81942818070064,-36.56845409860752,28.0,19.42194235672857,19.697209627424307,2.1946036099507182e-08
middle,20.5,0.31297709923664124,86.9720287309664,-33.722103937044885,0.0,-2.0,48.00259737877482,-11.836190568062445,69.76117017396474,-27.822575710314624,88.93427583577662,-46.8328892080189,69.76117017396474,-27.822575710314624,88.93427583577662,-46.8328892080189,79.34772300487069,-37.32773245916676,28.0,19.566104408725785,19.934228409236926,2.2487121498215856e-08
middle,21.0,0.32061068702290074,86.44413754711314,-34.71520558969071,0.0,-2.0,47.95352628099046,-12.07270158489554,69.462443661054,-28.39343910308388,88.26990582549558,-47.765567714392915,69.462443661054,-28.39343910308388,88.26990582549558,-47.765567714392915,78.8661747432748,-38.0795034087384,28.0,19.70879863520331,20.213457038666867,2.3057758369304793e-08
middle,21.5,0.3282442748091603,85.90333515363682,-35.70150109489689,0.0,-2.0,47.903289889874436,-12.308967830323926,69.15741451812212,-28.960159568061954,87.59240663514089,-48.687071785777526,69.15741451812212,-28.960159568061954,87.59240663514089,-48.687071785777526,78.3749105766315,-38.823615676919744,28.0,19.849860364696973,20.536784121826425,2.365948859051059e-08
middle,22.0,0.33587786259541985,85.34969098075752,-36.68081262641034,0.0,-2.0,47.851889426194774,-12.544983562966273,68.8461448223777,-29.522652435925373,86.90197553748334,-49.59718797693971,68.8461448223777,-29.522652435925373,86.90197553748334,-49.59718797693971,77.87406017993052,-39.55992020643254,28.0,19.989112637939883,20.90615401200667,2.4294088518672652e-08
middle,22.5,0.3435114503816794,84.78327593863645,-37.65296364039158,0.0,-2.0,47.79932613900701,-12.780743047528834,68.52869789181803,-30.080833993352233,86.19881347484541,-50.49570639761802,68.52869789181803,-30.080833993352233,86.19881347484541,-50.49570639761802,77.36375568333172,-40.288270195485126,28.0,20.126365422614775,21.323558256680972,2.4963370037767163e-08
middle,23.0,0.3511450381679389,84.20416233050645,-38.617778872349994,0.0,-2.0,47.74560130562384,-13.016240554944812,68.20513827037382,-30.634621501786363,85.48312499429231,-51.382420777085336,68.20513827037382,-30.634621501786363,85.48312499429231,-51.382420777085336,76.84413163233307,-41.00852113943585,28.0,20.261414827910386,21.791024349488236,2.5669322667454253e-08
middle,23.5,0.35877862595419846,83.61242376412639,-39.575084330185035,0.0,-2.0,47.69071623158409,-13.251470362513578,67.87553171276708,-31.183933215970022,84.75511818167291,-52.25712852751998,67.87553171276708,-31.183933215970022,84.75511818167291,-52.25712852751998,76.31532494722,-41.720530871745,28.0,20.39404233469656,22.310601329623992,2.641405671965913e-08
middle,24.0,0.366412213740458,83.00813506154614,-40.52470728323472,0.0,-2.0,47.63467225062097,-13.486426754039737,67.53994516908598,-31.728688402240692,84.01500459453271,-53.11963080616481,67.53994516908598,-31.728688402240692,84.01500459453271,-53.11963080616481,75.77747488180935,-42.42415960420275,28.0,20.52401406137879,22.884341738346663,2.719979619314472e-08
middle,24.5,0.37404580152671757,82.39137216716014,-41.4664762472246,0.0,-2.0,47.57747072462969,-13.721104019972032,67.1984467690801,-32.26880735658767,83.26299919392078,-53.969732576253904,67.1984467690801,-32.26880735658767,83.26299919392078,-53.969732576253904,75.23072298150043,-43.11926996642079,28.0,20.651080090359983,23.514279422622725,2.8028942722357897e-08
middle,25.0,0.3816793893129771,81.76221205401833,-42.40022096500331,0.0,-2.0,47.519113043634334,-13.955496457542084,66.8511058061801,-32.804211422464185,82.49932027511404,-54.807242666687024,66.8511058061801,-32.804211422464185,82.49932027511404,-54.807242666687024,74.67521304064707,-43.805727044575605,28.0,20.77497388549771,24.202402676503937,2.8904054261147394e-08
middle,25.5,0.3893129770992366,81.12073262835386,-43.32577238294025,0.0,-2.0,47.459600625754106,-14.189598370902988,66.4979927212454,-33.33482300835071,81.72418939728179,-55.63197383043241,66.4979927212454,-33.33482300835071,81.72418939728179,-55.6319738304324,74.1110910592636,-44.483398419391555,28.0,20.895411836891025,24.95062224062232,2.982785929361853e-08
middle,26.0,0.3969465648854962,80.46701263227581,-44.2429626228524,0.0,-2.0,47.39893491716885,-14.423404071267706,66.13917908604384,-33.86056560506546,80.9378313121138,-56.443742801638905,66.13917908604384,-33.86056560506546,80.9378313121138,-56.443742801638905,73.53850519907883,-45.15215420335218,28.0,21.012092975581492,25.760733749957105,3.08033420992615e-08
middle,26.5,0.40458015267175573,79.80113154456345,-45.151624949314936,0.0,-2.0,47.337117392083954,-14.656907877047328,65.77473758646738,-34.38136380281787,80.1404738914363,-57.242370351439,65.77473758646738,-34.38136380281787,80.1404738914363,-57.242370351439,72.95760573895184,-45.81186707712844,28.0,21.12469890699966,26.63437434191643,3.183367169867779e-08
middle,27.0,0.4122137404580153,79.12316947948847,-46.05159373219588,0.0,-2.0,47.27414955269445,-14.890104113989105,65.4047420054874,-34.89714330800097,79.33234805383941,-58.0276813424244,65.4047420054874,-34.89714330800097,79.33234805383941,-58.0276813424244,72.36854502966341,-46.46241232521268,28.0,21.23289401778406,27.572973323678333,3.292217343187076e-08
middle,27.5,0.4198473282442748,78.43320708357595,-46.942704404243216,0.0,-2.0,47.210032929148575,-15.122987115314372,65.02926720585435,-35.40783095971884,78.51368769034119,-58.799504781776804,65.02926720585435,-35.40783095971884,78.51368769034119,-58.799504781776804,71.77147744809777,-47.10366787074782,28.0,21.33632601534578,28.577697062000166,3.407254212106636e-08
middle,28.0,0.42748091603053434,77.7313254302025,-47.82479341353383,0.0,-2.0,47.14476907951056,-15.35555122185623,64.64838911254517,-35.91335474604503,77.68472958911256,-59.557673873036414,64.64838911254517,-35.91335474604503,77.68472958911256,-59.557673873036414,71.16655935082886,-47.73551430954072,28.0,21.434626862446844,29.649388610047797,3.5288664435029204e-08
middle,28.5,0.4351145038167939,77.01760591191567,-48.697698170576,0.0,-2.0,47.07835958972275,-15.58779078219708,64.26218469496317,-36.413643820008254,76.8457133592886,-60.30202606649159,64.26218469496317,-36.413643820008254,76.8457133592886,-60.30202606649159,70.55394902712588,-48.35783494324993,28.0,21.527414169160917,30.78850302869566,3.657476810303706e-08
middle,29.0,0.44274809160305345,76.29213013034018,-49.56125698983839,0.0,-2.0,47.01080607356712,-15.819700152805943,63.87073194889443,-36.90862851530148,75.99688135389154,-61.032403108173305,63.87073194889443,-36.90862851530148,75.99688135389154,-61.032403108173305,69.93380665139298,-48.97051581173739,28.0,21.614293100804314,31.9950398898714,3.793540059859879e-08
middle,29.5,0.45038167938931295,75.55497978352275,-50.41530902545248,0.0,-2.0,46.94211017262601,-16.051273698175606,63.47410987822494,-37.39824036171066,75.13847859189116,-61.74865108743857,63.47410987822494,-37.39824036171066,75.13847859189116,-61.74865108743857,69.30629423505805,-49.57344572457461,28.0,21.694858851623014,33.26847504965993,3.9375429139454354e-08
middle,30.0,0.4580152671755725,74.80623655054515,-51.259694200813364,0.0,-2.0,46.87227355624225,-16.282505790959583,63.072398476422975,-37.882412100259614,74.27075267942857,-62.45062048312764,63.072398476422975,-37.882412100259614,74.27075267942857,-62.45062048312764,68.67157557792578,-50.166516291693625,28.0,21.768699719162406,34.60769441548746,4.090018279612195e-08
middle,30.5,0.46564885496183206,74.0459819732178,-52.094253131772916,0.0,-2.0,46.80129792147858,-16.513390812108817,62.66567870779107,-38.36107769806722,73.39395373022978,-63.13816620827999,62.66567870779107,-38.36107769806722,73.39395373022978,-63.13816620827999,68.02981621901043,-50.7496219531736,28.0,21.83540079254466,36.010933051627674,4.251531038335088e-08
middle,31.0,0.4732824427480916,73.27429733464322,-52.91882704308962,0.0,-2.0,46.72918499307646,-16.743923151008282,62.25403248849207,-38.83417236291369,72.50833428523553,-63.8111476533948,62.25403248849207,-38.83417236291369,72.50833428523553,-63.8111476533948,67.3811833868638,-51.322660008154244,28.0,21.894548239079533,37.47572349787281,4.422704336093375e-08
middle,31.5,0.48091603053435117,72.49126353441466,-53.73325767776361,0.0,-2.0,46.655936523414084,-16.97409720561329,61.83754266735369,-39.30163255751219,71.61414923147416,-64.46942872822203,61.83754266735369,-39.301632557512185,71.61414923147416,-64.46942872822201,66.72584594941392,-51.885530642867096,28.0,21.94573413823582,38.99885752834285,4.604205372515935e-08
middle,32.0,0.48854961832061067,71.69696096019054,-54.53738719884732,0.0,-2.0,46.58155429246386,-17.20390738258562,61.41629300645637,-39.76339601348264,70.71165572020466,-65.11287790207078,61.41629300645637,-39.76339601348264,70.71165572020466,-65.11287790207078,66.06397436333052,-52.438136957776706,28.0,21.988561771502624,40.57636565406232,4.796758901193243e-08
middle,32.5,0.4961832061068702,70.89146935535847,-55.331058083276744,0.0,-2.0,46.50604010774912,-17.43334809742947,60.990368161508805,-40.219401745024314,69.8011130843571,-65.74136824262209,60.990368161508805,-40.219401745024314,69.8011130843571,-65.74136824262209,65.39574062293295,-52.9803849938232,28.0,22.022651233708338,42.20351838303533,5.001152203476522e-08
middle,33.0,0.5038167938931297,70.07486768246885,-56.1141130072238,0.0,-2.0,46.42939580430022,-17.66241377462712,60.55985366201605,-40.669590062283916,68.88278275529811,-66.35477745323357,60.55985366201605,-40.669590062283916,68.88278275529811,-66.35477745323357,64.72131820865708,-53.51218375775874,28.0,22.047645189694077,43.87485252861153,5.2182386411914194e-08
middle,33.5,0.5114503816793893,69.24723398208961,-56.88639472241251,0.0,-2.0,46.351623244609904,-17.89109884777446,60.12483589124467,-41.11390258441617,67.95692817894881,-66.95298790872448,60.12483589124467,-41.11390258441617,67.95692817894881,-66.95298790872448,64.04088203509674,-54.033445246570324,28.0,22.063214564457915,45.58422467917529,5.4489504464072525e-08
middle,34.0,0.5190839694656488,68.40864522669358,-57.647745922784445,0.0,-2.0,46.27272431858811,-18.119397759716232,59.68540206599011,-41.5522822523336,67.02381473128382,-67.53588668962938,59.68540206599011,-41.5522822523336,67.02381473128382,-67.53588668962938,63.35460839863697,-54.54408447098149,28.0,22.069063929971918,47.32489235082803,5.694300142522479e-08
middle,34.5,0.5267175572519084,67.5591771691529,-58.39800910083059,0.0,-2.0,46.192700943515995,-18.34730496268107,59.241640216150564,-41.98467334114264,66.0837096332385,-68.1033656149099,59.241640216150564,-41.98467334114264,66.0837096332385,-68.1033656149099,62.66267492469453,-55.04401947802627,28.0,22.06493634239152,49.08962145281178,5.955392623491207e-08
middle,35.0,0.5343511450381679,66.69890418536961,-59.13702639283239,0.0,-2.0,46.11155506399935,-18.574814918416322,58.79363916411273,-42.411021472263165,65.13688186505382,-68.65532127311435,58.79363916411273,-42.411021472263165,65.13688186505382,-68.65532127311435,61.96526051458328,-55.533171372688756,28.0,22.05061739268771,50.870816684455114,6.233431548707813e-08
middle,35.5,0.5419847328244275,65.82789911052525,-59.86463941217,0.0,-2.0,46.02928865192136,-18.80192209832265,58.34148850395411,-42.83127362522834,64.18360208008657,-69.19165505197498,58.34148850395411,-42.83127362522834,64.18360208008657,-69.19165505197498,61.26254529202034,-56.011464338601655,28.0,22.02593826314912,52.6606695817056,6.529738527660811e-08
middle,36.0,0.549618320610687,64.94623306837713,-60.58068906976305,0.0,-2.0,45.94590370639471,-19.028620983588336,57.88527858046672,-43.245378149162306,63.22414251811403,-69.71227316643414,57.88527858046672,-43.245378149162306,63.22414251811403,-69.71227316643414,60.55471054929038,-56.478825657798225,28.0,21.990777630503118,54.4513173835033,6.845755962103794e-08
middle,36.5,0.5572519083969466,64.0539752929736,-61.285015380601415,0.0,-2.0,45.861402253712924,-19.254906065323425,57.42510046800747,-43.653284773932754,62.25877691816187,-70.21708668509041,57.42510046800747,-43.653284773932754,62.25877691816187,-70.21708668509041,59.84193869308467,-56.93518572951158,28.0,21.945062319701034,56.23500490579976,7.18306978342298e-08
middle,37.0,0.5648854961832062,63.15119294209224,-61.97745725520685,0.0,-2.0,45.775786347301214,-19.480771844693585,56.96104594918013,-44.05494462097591,61.28778043088421,-70.70601155505629,56.96104594918013,-44.05494462097591,61.28778043088421,-70.70601155505629,59.12441319003217,-57.380478088016105,28.0,21.88876668460558,58.00424133508317,7.543415847521828e-08
middle,37.5,0.5725190839694656,62.237950901636,-62.65785227473036,0.0,-2.0,45.68905806766653,-19.706212833053716,56.4932074933538,-44.450310213791234,60.311429530524975,-71.17896862522035,56.4932074933538,-44.450310213791234,60.311429530524975,-71.17896862522035,58.402318511939384,-57.814639419505795,28.0,21.82191076546298,59.75194432411679,7.928706935445007e-08
middle,38.0,0.5801526717557252,61.3143115801403,-63.326036448240274,0.0,-2.0,45.601219522347016,-19.931223552081363,56.02167823502331,-44.8393354881035,59.33000192648997,-71.63588366790607,56.02167823502331,-44.8393354881035,59.33000192648997,-71.63588366790607,57.67584008075664,-58.237609578004786,28.0,21.744557340558412,61.4715649216777,8.341052648574987e-08
middle,38.5,0.5877862595419847,60.38033469245586,-63.98184395058361,0.0,-2.0,45.5122728458608,-20.15579853390981,55.546551952016515,-45.22197580168974,58.34377647455902,-72.07668739892137,55.546551952016515,-45.22197580168974,58.34377647455902,-72.07668739892137,56.94516421328777,-58.64933160030555,28.0,21.656808044303247,63.157188531918116,8.782773619486761e-08
middle,39.0,0.5954198473282443,59.436077031571344,-64.62510683901088,0.0,-2.0,45.42222019965413,-20.379932321260945,55.067923043553705,-45.5981879438687,57.3530330877675,-72.50131549599233,55.067923043553705,-45.5981879438687,57.3530330877675,-72.50131549599233,56.2104780656606,-59.04975171993051,28.0,21.558798761664086,64.80360905289825,9.256438460170102e-08
middle,39.5,0.6030534351145038,58.48159222742865,-65.25565474653281,0.0,-2.0,45.331063772048815,-20.603619467577904,54.58588650816437,-45.967930144650886,56.35805264698715,-72.90970861557611,54.58588650816437,-45.967930144650886,56.35805264698715,-72.90970861557611,55.47196957757576,-59.4388193801135,28.0,21.450694527315587,66.40637534468411,9.764892894281729e-08
middle,40.0,0.6106870229007634,57.51693049145766,-65.8733145497278,0.0,-2.0,45.238805778189096,-20.826854537157413,54.10053792146661,-46.33116208354656,55.3591169112357,-73.30181240804767,54.10053792146661,-46.33116208354656,55.3591169112357,-73.30181240804767,54.729827416351156,-59.81648724579711,28.0,21.332684157705717,67.96181100564475,1.0311291021025681e-07
middle,40.5,0.6183206106870229,56.54213834541635,-66.47791000843216,0.0,-2.0,45.14544845998779,-21.049632105281873,53.611973413814454,-46.68784489802994,54.35650842774518,-73.67757753125606,53.611973413814454,-46.68784489802994,54.35650842774518,-73.67757753125606,53.98424092077982,-60.182711214643,28.0,21.204974827987265,69.46700992646902,1.0899136526631992e-07
middle,41.0,0.6259541984732825,55.55725833296104,-67.06926137441995,0.0,-2.0,45.05099408607181,-21.271946758351184,53.120289647818396,-47.037941191657595,53.35051044181859,-74.03695966244668,53.120289647818396,-47.037941191657595,53.35051044181859,-74.03695966244668,53.23540004481849,-60.537450427052136,28.0,21.067786777487992,70.91981115106807,1.1532331001262719e-07
middle,41.5,0.6335877862595419,54.56232871219274,-67.64718496580227,0.0,-2.0,44.955444951727046,-21.493793094014297,52.625583795744625,-47.38141504183895,52.34140680650523,-74.37991950854574,52.625583795744625,-47.38141504183895,52.34140680650523,-74.37991950854574,52.48349530112493,-60.880667275192344,28.0,20.92134829163711,72.31875717871522,1.2215226519174394e-07
middle,42.0,0.6412213740458015,53.55738312721951,-68.2114927034473,0.0,-2.0,44.858803378842566,-21.71516572130051,52.12795351679809,-47.71823200725728,51.329481892124164,-74.70642281480477,52.12795351679809,-47.71823200725728,51.329481892124164,-74.70642281480477,51.728717704461125,-61.212327411031026,28.0,20.76589106945736,73.66304002798266,1.2952688166478765e-07
middle,42.5,0.648854961832061,52.54245025654153,-68.76199160522562,0.0,-2.0,44.761071715854236,-21.936059260750454,51.627496934295145,-48.04835913493922,50.31502049566626,-75.01644037180225,51.627496934295145,-48.04835913493922,50.31502049566626,-75.01644037180225,50.971258714980706,-61.53239975337073,28.0,20.601646047621212,74.95243922524236,1.3750170779758264e-07
middle,43.0,0.6564885496183206,51.517553435800096,-69.29848323331208,0.0,-2.0,44.66225233768761,-22.156468344546813,51.12431261273094,-48.37176496697142,49.29830775010458,-75.30994802080163,51.12431261273094,-48.37176496697142,49.29830775010458,-75.30994802080163,50.21131018141776,-61.84085649388652,28.0,20.428839717439967,76.18725547297144,1.4613791421425049e-07
middle,43.5,0.6641221374045801,50.48271025212691,-69.82076308911243,0.0,-2.0,44.562347645700235,-22.376387616644774,50.61849953474707,-48.68841954686245,48.27962903364325,-75.5869266574637,50.61849953474707,-48.68841954686245,48.27962903364325,-75.5869266574637,49.44906428419516,-62.13767310216308,28.0,20.24769094175271,77.36824319198205,1.555044093493052e-07
middle,44.0,0.6717557251908397,49.437932106981705,-70.32861994960993,0.0,-2.0,44.46136006762331,-22.59581173290218,50.110157078005216,-48.99829442554872,47.25926987893503,-75.84736223391366,50.110157078005216,-48.99829442554872,47.25926987893503,-75.84736223391366,48.68471347847012,-62.42282832973119,28.0,20.058408255312933,78.49654450232283,1.656788839454748e-07
middle,44.5,0.6793893129770993,48.38322374396424,-70.82183513802848,0.0,-2.0,44.359292057502664,-22.814735361209404,49.59938499197181,-49.30136266704294,46.23751588229723,-76.09124575916216,49.59938499197181,-49.30136266704294,46.23751588229723,-76.09124575916216,47.918450437134524,-62.69630421310255,28.0,19.86118761497299,79.57362657775195,1.7674928187716432e-07
middle,45.0,0.6870229007633588,47.31858273762096,-71.3001817206566,0.0,-2.0,44.25614609563913,-23.0331531816189,49.08628337461982,-49.59759885372358,45.21465261295664,-76.31857329788156,49.08628337461982,-49.59759885372358,45.21465261295664,-76.31857329788156,47.150467993788226,-62.95808607580257,28.0,19.656210554251356,80.60122372614364,1.888152922902009e-07
middle,45.5,0.6946564885496184,46.24399893873192,-71.76342362044032,0.0,-2.0,44.1519246885283,-23.2510598864745,48.570952649052735,-49.88697909126455,44.19096552235294,-76.52934596753784,48.570952649052735,-49.88697909126455,44.19096552235294,-76.52934596753784,46.38095908570284,-63.20816252940119,28.0,19.443642689923106,81.58128504196111,2.0199028938350239e-07
middle,46.0,0.7022900763358778,45.15945387093545,-72.21131463649938,0.0,-2.0,44.04663036879956,-23.46845018054038,48.053493540056635,-50.169481013203445,43.16673985353096,-76.72356993388057,48.053493540056635,-50.169481013203445,43.16673985353096,-76.72356993388057,45.610116696793796,-63.44652547354201,28.0,19.223632525144268,82.51592806051347,2.1640360614583187e-07
middle,46.5,0.7099236641221374,44.064920072819504,-72.64359735699976,0.0,-2.0,43.940265695154615,-23.685318781129748,47.53400705058573,-50.4450837851477,42.14226055065163,-76.9012564047926,47.53400705058573,-50.4450837851477,42.14226055065163,-76.9012564047926,44.83813380061868,-63.67317009497015,28.0,18.99631049334657,83.4073985187836,2.3220319178562931e-07
middle,47.0,0.7175572519083969,42.96036037875217,-73.06000195077395,0.0,-2.0,43.83283325230525,-23.901660418233213,47.01259443818707,-50.713768108617415,41.11781216865144,-77.06242162250248,47.01259443818707,-50.713768108617415,41.11781216865144,-77.06242162250248,44.06520330341925,-63.88809486555995,28.0,18.761788188832988,84.25803608813465,2.495588660167414e-07
middle,47.5,0.7251908396946565,41.84572713071702,-73.46024482064549,0.0,-2.0,43.724335650910554,-24.117469834646826,46.489357191370125,-50.97551622452401,40.09367878308055,-77.207086854163,46.489357191370125,-50.97551622452401,40.09367878308055,-77.207086854163,43.29151798722533,-64.0913015393435,28.0,18.520157732904174,85.07024577962895,2.6866618441090395e-07
middle,48.0,0.732824427480916,40.72096131222911,-73.84402709849967,0.0,-2.0,43.61477552751347,-24.332741786099877,45.96439700592656,-51.23031191628412,39.07014390014887,-77.33527838079954,45.96439700592656,-51.23031191628412,39.07014390014887,-77.33527838079954,42.51727045303771,-64.28279514854182,28.0,18.271491227826992,85.8464746204993,2.8975112087437083e-07
middle,48.5,0.7404580152671756,39.58599159399128,-74.2110329586369,0.0,-2.0,43.504155544476745,-24.5474710413823,45.43781576120627,-51.478140512567705,38.04749036701033,-77.447027484633,45.43781576120627,-51.478140512567705,38.04749036701033,-77.447027484633,41.742653064108296,-64.46258399860035,28.0,18.01584025452692,86.58919314797163,3.130758088332186e-07
middle,49.0,0.7480916030534351,38.44073327926462,-74.5609277217076,0.0,-2.0,43.39247838991818,-24.761652382471784,44.909715496355,-51.71898888967982,37.02600028231457,-77.54237043478169,44.909715496355,-51.71898888967982,37.02600028231457,-77.54237043478169,40.96785788933478,-64.63067966223076,28.0,17.753235373174334,87.30088125244775,3.3894551876301193e-07
middle,49.5,0.7557251908396947,37.285087134899854,-74.89335571637994,0.0,-2.0,43.27974677764538,-24.975280604660618,44.38019838651932,-51.952845473575806,36.005954907055624,-77.62134847134838,44.38019838651932,-51.952845473575806,36.005954907055624,-77.62134847134838,40.193076646787475,-64.7870969724621,28.0,17.483685588559823,87.98401791612493,3.677172202287693e-07
middle,50.0,0.7633587786259542,36.11893809153105,-75.2079378596054,0.0,-2.0,43.165963447089744,-25.188350516682128,43.84936671902469,-52.17970024150894,34.987634575747165,-77.68400778789808,43.84936671902469,-52.17970024150894,34.987634575747165,-77.68400778789808,39.418500647385926,-64.9318540147035,28.0,17.20717774409987,88.64107442734033,3.9981006949574294e-07
middle,50.5,0.7709923664122137,34.94215379346683,-75.50426890862217,0.0,-2.0,43.05113116323993,-25.40085694083684,43.31732286953214,-52.39954472331066,33.97131860795339,-77.73039951233332,43.31732286953214,-52.39954472331066,33.97131860795339,-77.73039951233332,38.64432073874276,-65.064972117822,28.0,16.923675809317224,89.27451069897505,4.357188032599879e-07
middle,51.0,0.7786259541984732,33.75458297518426,-75.78191432829095,0.0,-2.0,42.93525271657466,-25.612794713118312,42.78416927817947,-52.61237200230272,32.957285220204774,-77.760579686174,42.78416927817947,-52.61237200230272,32.957285220204774,-77.760579686174,37.87072724919212,-65.18647584423836,28.0,16.633120025539533,89.88677437682041,4.7602991060102795e-07
middle,51.5,0.7862595419847328,32.55605363687151,-76.0404067054822,0.0,-2.0,42.8183309229949,-25.824158683338602,42.250008425712316,-52.81817671584133,31.945811438327517,-77.77460924224962,42.250008425712316,-52.81817671584133,31.945811438327517,-77.77460924224962,37.09790993201992,-65.29639297904548,28.0,16.335425873198805,89.51969751211688,5.214425939925604e-07
middle,52.0,0.7938931297709924,31.346370985932097,-76.27924162735812,0.0,-2.0,42.700368623755466,-26.034943715253416,41.714942809611244,-53.016955055493014,30.93717301021608,-77.77255398081182,41.714942809611244,-53.016955055493014,30.93717301021608,-77.77255398081182,36.32605790991366,-65.39475451815241,28.0,16.030482821293994,88.94247455218151,5.727949599076965e-07
middle,52.5,0.8015267175572519,30.125315104456604,-76.4978729216232,0.0,-2.0,42.5813686853959,-26.245144686686967,41.17907492021994,-53.208704766842345,29.931644319076433,-77.75448454407616,41.17907492021994,-53.208704766842345,29.931644319076433,-77.75448454407616,35.555359619648186,-65.48159465545925,28.0,15.718152815047794,88.37912667904766,6.310976345957897e-07
middle,53.0,0.8091603053435115,28.892638293964836,-76.69570713294436,0.0,-2.0,42.46133399967091,-26.454756489656386,40.64250721688094,-53.3934251489314,28.92949829716997,-77.72047638920242,40.64250721688094,-53.3934251489314,28.92949829716997,-77.72047638920242,34.78600275702546,-65.5569507690669,28.0,15.398268451189477,87.82721569351408,6.975772635087196e-07
middle,53.5,0.816793893129771,27.648062037655322,-76.87209707912386,0.0,-2.0,42.340267483480034,-26.66377403049589,40.10534210408374,-53.57111705333132,27.931006340084892,-77.67060975972285,40.10534210408374,-53.57111705333132,27.931006340084892,-77.67060975972285,34.01817422208431,-65.62086340652709,28.0,15.07063078114071,87.28428448655029,7.737328289181278e-07
middle,54.0,0.8244274809160306,26.39127350619829,-77.02633429098074,0.0,-2.0,42.218172078796776,-26.872192229980534,39.56768190763181,-53.74178288284605,26.936438221564494,-77.60496965542914,39.56768190763181,-53.74178288284605,26.936438221564494,-77.60496965542914,33.252060064598155,-65.6733762691376,28.0,14.735006669973306,86.74784381194073,8.614098163661765e-07
middle,54.5,0.8320610687022901,25.121921514676004,-77.15764008810676,0.0,-2.0,42.09505075259714,-27.08000602344966,39.02962885083347,-53.90542658984876,25.94606200891947,-77.52364580072849,39.02962885083347,-53.90542658984876,25.94606200891947,-77.52364580072849,32.48784542987647,-65.71453619528862,28.0,14.391125622361269,86.21535632326474,9.628987456267168e-07
middle,55.0,0.8396946564885496,23.839611814090162,-77.26515497425902,0.0,-2.0,41.97090649678747,-27.287210360929954,38.49128503072275,-54.06205367425117,24.960143979052248,-77.42673261148028,38.49128503072275,-54.06205367425117,24.960143979052248,-77.42673261148028,31.7257145048875,-65.74439314286572,28.0,14.038675964454885,85.68421744565173,1.0810671895455926e-06
middle,55.5,0.8473282442748091,22.543901568718297,-77.34792594477172,0.0,-2.0,41.845742328131806,-27.493800207258197,37.952752394315766,-54.211671181106524,23.978948535121003,-77.31432916032514,37.952752394315766,-54.211671181106524,23.978948535121003,-77.31432916032514,30.965850464718386,-65.76300017071583,28.0,13.677300240624271,85.15173246740994,1.2195394631930867e-06
middle,56.0,0.8549618320610687,21.234292827316494,-77.40489117477,0.0,-2.0,41.719561288178554,-27.699770542203552,37.414132714908234,-54.35428769784656,23.002738123870408,-77.18653914051873,37.414132714908234,-54.35428769784656,23.002738123870408,-77.18653914051873,30.20843541938932,-65.77041341918265,28.0,13.306589643377118,84.6150889944508,1.3829440632662227e-06
middle,56.5,0.8625954198473282,19.910224737011987,-77.43486138751963,0.0,-2.0,41.592366443186556,-27.905116360589638,36.87552756841978,-54.48991335115341,22.031773153656225,-77.04347082828299,36.87552756841978,-54.48991335115341,22.031773153656225,-77.04347082828299,29.453650361038,-65.7666920897182,28.0,12.926077239037207,84.07132358512368,1.577259340024284e-06
middle,57.0,0.8702290076335878,18.57106416657976,-77.43649696648089,0.0,-2.0,41.464160884050614,-28.109832672416093,36.337038309790685,-54.618559803466994,21.066311913190663,-76.88523704368816,36.337038309790685,-54.618559803466994,21.066311913190663,-76.88523704368816,28.701675111490673,-65.75189842357759,28.0,12.535229674322132,83.51728093501104,1.8103046954820456e-06
middle,57.5,0.8778625954198473,17.216094289688826,-77.40827954123208,0.0,-2.0,41.334947726226346,-28.31391450297989,35.79876604943679,-54.74024024912893,20.1066104910349,-76.71195511007951,35.79876604943679,-54.74024024912893,20.1066104910349,-76.71195511007951,27.952688270235846,-65.72609767960422,28.0,12.13343693954909,82.94956334959244,2.092450394286516e-06
middle,58.0,0.8854961832061069,15.844500511428805,-77.34847629743861,0.0,-2.0,41.204730109654506,-28.51735689299617,35.260811629767936,-54.85496941016376,19.152922695865104,-76.5237468120628,35.260811629767936,-54.85496941016376,19.152922695865104,-76.5237468120628,27.206867162816522,-65.68935811111328,28.0,11.71999960677919,82.36446733206844,2.4376642286938477e-06
middle,58.5,0.8931297709923665,14.455352875240024,-77.25509455616204,0.0,-2.0,41.073511198684656,-28.7201548987188,34.723275601775754,-54.9627635316987,18.205499977538054,-76.32073835206354,34.723275601775754,-54.9627635316987,18.205499977538054,-76.32073835206354,26.464387789656904,-65.64175094188113,28.0,11.294112729967235,81.75790277051502,2.865088291059692e-06
middle,59.0,0.9007633587786259,13.047583716432058,-77.12582310950103,0.0,-2.0,40.9412941819983,-28.922303592060473,34.186258201696305,-55.06364037702282,17.264591348981888,-76.1030603054749,34.186258201696305,-55.06364037702282,17.264591348981888,-76.1030603054749,25.725424775339096,-65.58335034124886,28.0,10.854845246520753,81.12528817973066,3.4014742169574674e-06
middle,59.5,0.9083969465648855,11.619958754725332,-76.95795517069268,0.0,-2.0,40.808082272531365,-29.123798060712502,33.64985932775305,-55.157619222287096,16.33044330893761,-75.87084757441026,33.64985932775305,-55.157619222287096,16.33044330893761,-75.87084757441026,24.99015131834533,-65.51423339834868,28.0,10.401113183184009,80.46141230843607,4.085048793456281e-06
middle,60.0,0.916030534351145,10.17103890429027,-76.74828521847729,0.0,-2.0,40.67387870739617,-29.32463340826414,33.11417851698585,-55.24472085084639,15.403299765576445,-75.62423934007657,33.11417851698585,-55.24472085084639,15.403299765576445,-75.62423934007657,24.258739141281147,-65.43448009546148,28.0,9.931644116608407,79.76024740700055,4.971847602064372e-06
middle,60.5,0.9236641221374046,8.699128574653152,-76.49296780185286,0.0,-2.0,40.53868674780269,-29.52480475432163,32.57931492217132,-55.32496754724497,14.483401961017755,-75.36337901378478,32.57931492217132,-55.32496754724497,14.483401961017755,-75.36337901378478,23.531358441594538,-65.34417328051487,28.0,9.444928938298187,79.01469119063775,6.1464739502525845e-06
middle,61.0,0.9312977099236641,7.202203661342708,-76.18731922753345,0.0,-2.0,40.402509678979406,-29.724307234626725,32.04536728884023,-55.39838309084673,13.570988396772243,-75.08841418661478,32.04536728884023,-55.39838309084673,13.570988396772243,-75.08841418661478,22.808177842806238,-65.24339863873075,28.0,8.939154583111328,78.21620042041154,7.741158484009247e-06
middle,61.5,0.9389312977099237,5.677807824267937,-75.82553041277475,0.0,-2.0,40.26535081009337,-29.923136001174953,31.512433932397244,-55.4649927491121,12.66629476013441,-74.79949657775224,31.512433932397244,-55.4649927491121,12.66629476013441,-74.79949657775224,22.089364346265825,-65.13224466343218,28.0,8.412107117103574,77.35425386561053,9.971228536187482e-06
middle,62.0,0.9465648854961832,4.1228818951836885,-75.40020675878093,0.0,-2.0,40.127213474169885,-30.121286222333417,30.98061271534859,-55.52482327052279,11.769553851548302,-74.49678198151518,30.98061271534859,-55.52482327052279,11.769553851548302,-74.49678198151518,21.375083283448447,-65.01080262601899,28.0,7.861028552205173,76.41544263235402,2.2502888441522373e-11
middle,62.5,0.9541984732824428,2.5335727968003567,-74.90179234560222,0.0,-2.0,39.988101028011414,-30.318753082958168,30.450001024642983,-55.577902877156376,10.880995512970017,-74.1804302130888,30.450001024642983,-55.577902877156376,10.880995512970017,-74.1804302130888,20.665498268806502,-64.87916654512259,28.0,7.2823807048487055,75.3824986618713,3.5932146147388266e-11
middle,63.0,0.9618320610687023,0.9047499638505201,-74.31730528309726,0.0,-2.0,39.848016852116096,-30.515531784511257,29.92069574913127,-55.624261256912526,10.00084655725005,-73.85060505298718,29.92069574913127,-55.624261256912526,10.00084655725005,-73.85060505298718,19.96077115319066,-64.73743315494985,28.0,6.671476995341759,74.23164580795688,7.550227110186825e-11
middle,63.5,0.9694656488549618,-0.7706853224415795,-73.62841862038975,0.0,-2.0,39.70696435059556,-30.711617545177308,29.392793257150117,-55.6639295553926,9.129330698558473,-73.50747419026138,29.392793257150117,-55.6639295553926,9.129330698558473,-73.50747419026138,19.261061977854297,-64.58570187282699,28.0,6.021792018466037,72.92892145282683,2.1049828546892968e-10
middle,64.0,0.9770992366412213,-2.5032764760492157,-72.80750930862757,0.0,-2.0,39.56494695109218,-30.90700559997976,28.866389374235,-55.69694036743471,8.26666848387515,-73.15120916447322,28.866389374235,-55.69694036743471,8.26666848387515,-73.15120916447322,18.566528929055075,-64.42407476595396,28.0,5.323609755072237,71.42223430604272,7.564224802081299e-10
middle,64.5,0.9847328244274809,-4.310356652160266,-71.80884958227143,0.0,-2.0,39.42196810469584,-31.10169120089662,28.34157936096811,-55.723327728306245,7.413077225567498,-72.781985306455,28.34157936096811,-55.723327728306245,7.413077225567498,-72.781985306455,17.877328293267805,-64.25265651738061,28.0,4.560942491826179,69.62347914134482,3.940641590816085e-09
middle,65.0,0.9923664122137404,-6.225468820286103,-70.54433580301038,0.0,-2.0,39.27803128586001,-31.29566961697586,27.818457890965913,-55.74312710455594,6.568770935076806,-72.39998167787549,27.818457890965913,-55.74312710455594,6.568770935076806,-72.39998167787549,17.193614413021358,-64.07155439121571,28.0,3.7028734478033947,67.35862038657893,3.799871706178237e-08
middle,65.5,1.0,-8.337387192276978,-68.78547914672866,0.0,-2.0,39.133139992317346,-31.488936134450366,27.297119029012254,-55.75637538452787,5.733960257735344,-72.00538100963317,27.297119029012254,-55.75637538452787,5.733960257735344,-72.00538100963317,16.5155396433738,-63.88087819708052,28.0,2.6677461963310485,64.16358878737508,1.3302346104637763e-06
ring,0.0,0.0,96.932098,10.514118,0.0,-2.0,44.0,-2.0,70.0,-2.0,96.0,-2.0,70.0,-2.0,96.0,-2.0,83.0,-2.0,28.0,9.27284047166982,48.06911766849675,1.0075033500811514e-06
ring,0.5,0.007633587786259542,96.96557307365543,9.407318575703622,0.0,-2.0,43.99940603198138,-2.228623780130022,69.99749515397887,-2.543841172853755,95.99290760251141,-3.0322381739498736,69.99749515397887,-2.543841172853755,95.99290760251141,-3.0322381739498736,82.99520137824514,-2.7880396734018142,28.0,9.455511650845011,47.80451143116388,1.3495146333752928e-08
ring,1.0,0.015267175572519083,96.98537435857926,8.299321161569498,0.0,-2.0,43.99762414396178,-2.457241387750331,69.98998091283289,-3.087629839199199,95.97163232585753,-4.064251491669969,69.98998091283289,-3.087629839199199,95.97163232585753,-4.064251491669969,82.9808066193452,-3.575940665434584,28.0,9.638361701016553,47.55083925695058,1.355390111257293e-08
ring,1.5,0.022900763358778626,96.99146090768079,7.190322661432497,0.0,-2.0,43.99465438404958,-2.685846650517862,69.97745816727254,-3.631313499505334,95.93617991686106,-5.095815164728066,69.97745816727254,-3.631313499505334,95.93617991686106,-5.095815164728066,82.9568190420668,-4.3635643321167,28.0,9.821345568063894,47.30839428677059,1.3615867544558569e-08
ring,2.0,0.030534351145038167,96.9837948683872,6.0805200420341246,0.0,-2.0,43.99049683242401,-2.9144333964228437,69.95992840167631,-4.174839668194779,95.88655995151672,-6.126704540264597,69.95992840167631,-4.174839668194779,95.88655995151672,-6.126704540264597,82.92324417659651,-5.150772104229688,28.0,10.004416957732573,47.07748248305876,1.3681393795650365e-08
ring,2.5,0.03816793893129771,96.96234155506866,4.970111109580549,0.0,-2.0,43.98515160133289,-3.1429954539554323,69.93739369388197,-4.718155880618066,95.82278583192712,-7.156695168722804,69.93739369388197,-4.718155880618066,95.82278583192712,-7.156695168722804,82.88008976290455,-5.937425524670434,28.0,10.18752765713202,46.85842116164855,1.3750785399224696e-08
ring,3.0,0.04580152671755725,96.9270694623122,3.859294427920463,0.0,-2.0,43.9786188350897,-3.371526652272336,69.90985671489474,-5.261209700024919,95.74487478201473,-8.185562871511529,69.90985671489474,-5.261209700024919,95.74487478201473,-8.185562871511529,82.82736574845474,-6.723386285768224,28.0,10.370627467024118,46.65153935864847,1.3824354994085297e-08
ring,3.5,0.05343511450381679,96.87795027488391,2.748269236735056,0.0,-2.0,43.97089871006963,-3.6000208213634144,69.87732072851203,-5.803948724531512,95.65284784201103,-9.213083808578208,69.87732072851203,-5.803948724531512,95.65284784201103,-9.213083808578208,82.76508428526154,-7.50851626655486,28.0,10.553664129636328,46.45717819025315,1.3902443640745332e-08
ring,4.0,0.061068702290076333,96.81495887438535,1.6372353698741104,0.0,-2.0,43.96199143470484,-3.8284717922182647,69.83978959086468,-6.346320594082703,95.54672986172467,-10.239034545869668,69.83978959086468,-6.346320594082703,95.54672986172467,-10.239034545869668,82.69325972629468,-8.292677569976185,28.0,10.736583251795398,46.27569120231993,1.3985385294290609e-08
ring,4.5,0.06870229007633588,96.7380733426146,0.526393173969248,0.0,-2.0,43.95189724947882,-4.056873396992772,69.79726774987535,-6.888272997408234,95.42654949259143,-11.263192122658396,69.79726774987535,-6.888272997408235,95.42654949259143,-11.263192122658397,82.6119086212334,-9.075732560033316,28.0,10.91932822318779,46.107444706043424,1.4073528120661649e-08
ring,5.0,0.07633587786259542,96.6472749616471,-0.5840565725444858,0.0,-2.0,43.940616426919874,-4.285219469175637,69.7497602446334,-7.429753678971911,95.292339178508,-12.285334118711958,69.7497602446334,-7.429753678971911,95.292339178508,-12.285334118711958,82.5210497115707,-9.857543898841936,28.0,11.101840129561577,45.95281809550058,1.4167198969516903e-08
ring,5.5,0.08396946564885496,96.54254821065615,-1.6939127398692533,0.0,-2.0,43.92814927159383,-4.513503843754853,69.6972727046871,-7.970710445912737,95.14413514545319,-13.305238721283303,69.6972727046871,-7.970710445912738,95.14413514545319,-13.305238721283304,82.42070392507014,-10.637974583598021,28.0,11.28405766070058,45.812204142208365,1.4266795744788396e-08
ring,6.0,0.0916030534351145,96.42388075949677,-2.8029739266184945,0.0,-2.0,43.914496120095755,-4.741720357384167,69.63981134925241,-8.511091174977032,94.98197738989981,-14.322684791899817,69.63981134925241,-8.511091174977032,94.98197738989981,-14.322684791899817,82.31089436957612,-11.416887983438425,28.0,11.465917013019276,45.686009261135176,1.4372652401561936e-08
ring,6.5,0.09923664122137404,96.29126345908182,-3.91103853879845,0.0,-2.0,43.89965734104089,-4.969862848549466,69.57738298633949,-9.050843819440496,94.80590966602139,-15.337451932928916,69.57738298633949,-9.050843819440496,94.80590966602139,-15.337451932928916,82.19164632618043,-12.194147876184706,28.0,11.647351786652361,45.574653741829565,1.448518816005162e-08
ring,7.0,0.10687022900763359,96.14469032858239,-5.017904867871535,0.0,-2.0,43.883633335054704,-5.197925157735142,69.50999501179601,-9.589916416019266,94.6159794716977,-16.349320553898213,69.50999501179601,-9.589916416019266,94.6159794716977,-16.349320553898213,82.06298724174685,-12.96961848495874,28.0,11.828292876942044,45.47857193746276,1.460475829162533e-08
ring,7.5,0.11450381679389313,95.98415853948939,-6.123371167778926,0.0,-2.0,43.86642453476206,-5.425901127590378,69.43765540826821,-10.128257091768928,94.41223803332421,-17.358071937548253,69.43765540826821,-10.128257091768928,94.41223803332421,-17.358071937548253,81.92494672079621,-13.743164514658591,28.0,12.008668360263634,45.398212403631405,1.4731817543633952e-08
ring,8.0,0.12213740458015267,95.80966839657577,-7.227235730801649,0.0,-2.0,43.848031404775554,-5.653784603095399,69.36037274407938,-10.66581407097054,94.1947402894304,-18.363488305595993,69.36037274407938,-10.66581407097054,94.1947402894304,-18.363488305595993,81.77755651675488,-14.514651188283267,28.0,12.188403374176518,45.3340379777172,1.486673539830008e-08
ring,8.5,0.1297709923664122,95.62122331580369,-8.329296962141184,0.0,-2.0,43.82845444168295,-5.881569431727638,69.27815617202617,-11.202535682002594,93.96354487311248,-19.365352884187164,69.27815617202617,-11.202535682002594,93.96354487311248,-19.365352884187164,81.62085052256933,-15.283944283094879,28.0,12.367419991940379,45.28652578845666,1.5009987919256673e-08
ring,9.0,0.13740458015267176,95.41882979922269,-9.429353453104516,0.0,-2.0,43.80769417403379,-6.1092494636278545,69.19101542809281,-11.738370364198031,93.71871409328668,-20.36344996901599,69.19101542809281,-11.738370364198031,93.71871409328668,-20.36344996901599,81.45486476068974,-16.05091016660701,28.0,12.545637091503888,45.25616718413064,1.516200143214519e-08
ring,9.5,0.1450381679389313,95.20249740690917,-10.527204052779696,0.0,-2.0,43.785751162325134,-6.3368185517661635,69.0989608300834,-12.273266674685226,93.46031391476906,-21.357564990090562,69.0989608300834,-12.273266674685226,93.46031391476906,-21.357564990090562,81.27963737242624,-16.815415832387895,28.0,12.722970219149092,45.24346756643711,1.5323223578889156e-08
ring,10.0,0.15267175572519084,94.97223872599955,-11.6226479380907,0.0,-2.0,43.76262599898639,-6.564270552108004,69.00200327617262,-12.807173295212023,93.18841393718907,-22.34748457612261,69.00200327617262,-12.807173295212023,93.18841393718907,-22.34748457612261,81.09520860668084,-17.577328935667317,28.0,12.899331448065668,45.24894611566645,1.5494180161113036e-08
ring,10.5,0.16030534351145037,94.72806933687167,-12.71548468212545,0.0,-2.0,43.73831930836336,-6.791599323780012,68.90015424337477,-13.340039038951787,92.9030873727435,-23.33299661852017,68.90015424337477,-13.340039038951787,92.9030873727435,-23.33299661852017,80.90162080805914,-18.33651782873598,28.0,13.074629232236925,45.27313539127349,1.5675389875013934e-08
ring,11.0,0.16793893129770993,94.4700077765319,-13.805514320629676,0.0,-2.0,43.71283174670135,-7.0187987292358205,68.7934257859318,-13.871812857290548,92.60441102279887,-24.313890334962238,68.7934257859318,-13.871812857290548,92.60441102279887,-24.313890334962238,80.69891840436534,-19.092851596126394,28.0,13.248768256140243,45.31658079031088,1.5867314573370095e-08
ring,11.5,0.17557251908396945,94.19807549926682,-14.892537416566247,0.0,-2.0,43.68616400212746,-7.245862634421761,68.68183053362009,-14.402443846594199,92.29246525334972,-25.28995633253411,68.68183053362009,-14.402443846594199,92.29246525334972,-25.28995633253411,80.4871478934849,-19.846200089564157,28.0,13.421649280908163,45.37983984452272,1.607057242836163e-08
ring,12.0,0.183206106870229,93.91229683461947,-15.976355122639719,0.0,-2.0,43.65831679463206,-7.472784908942479,68.56538168997662,-14.93188125495482,91.96733396934141,-26.260986670402808,68.56538168997662,-14.93188125495482,91.96733396934141,-26.260986670402808,80.26635782965901,-20.596433962678816,28.0,13.593168987758686,45.463481335160786,1.628571766332243e-08
ring,12.5,0.19083969465648856,93.61269894275216,-17.056769241690255,0.0,-2.0,43.62929087604924,-7.699559426226436,68.44409303044455,-15.46007448891513,91.62910458786598,-27.226774922011675,68.44409303044455,-15.46007448891513,91.62910458786598,-27.226774922011675,80.03659880915527,-21.343424705463402,28.0,13.763219819687254,45.568084202858536,1.6513318712441105e-08
ring,13.0,0.1984732824427481,93.29931176725853,-18.13358228486253,0.0,-2.0,43.59908703003662,-7.926180063691327,68.31797890043856,-15.98697312017011,91.27786801024021,-28.187116236773747,68.31797890043856,-15.98697312017011,91.27786801024021,-28.187116236773747,79.79792345533939,-22.087044678471926,28.0,13.931689822622243,45.694236228181964,1.6754057696743985e-08
ring,13.5,0.20610687022900764,92.97216798548709,-19.206597527459902,0.0,-2.0,43.567706072054136,-8.152640702909382,68.1870542133303,-16.512526892244843,90.91371859297537,-29.141807401243433,68.1870542133303,-16.512526892244843,90.91371859297537,-29.141807401243433,79.55038640315283,-22.827167146744138,28.0,14.098462487481063,45.842532456857946,1.700858121012061e-08
ring,14.0,0.21374045801526717,92.63130295644049,-20.275619062395002,0.0,-2.0,43.53514884934203,-8.378935229772543,68.05133444835401,-17.03668572714755,90.53675411764824,-30.090646899746314,68.05133444835401,-17.03668572714755,90.53675411764824,-30.090646899746318,79.29404428300113,-23.563666313446934,28.0,14.263416594823015,46.01357334219526,1.7277564268169954e-08
ring,14.5,0.22137404580152673,92.27675466631314,-21.34045185115124,0.0,-2.0,43.50141624089799,-8.605057534657552,67.910835648433,-17.55939973199699,90.14707575968404,-31.033434974447196,67.910835648433,-17.55939973199699,90.14707575968404,-31.033434974447196,79.02895570405852,-24.296417353222093,28.0,14.426426064085126,46.207962575963876,1.7561774257046636e-08
ring,15.0,0.22900763358778625,91.90856367172955,-22.40090177217268,0.0,-2.0,43.46650915745341,-8.83100151259089,67.76557441792683,-18.080619205623073,89.74478805606137,-31.96997368483632,67.76557441792683,-18.080619205623073,89.74478805606137,-31.96997368483632,78.7551812369941,-25.025296445229696,28.0,14.587359809702749,46.42630457808048,1.7861964352050563e-08
ring,15.5,0.2366412213740458,91.52677304074581,-23.45677566660118,0.0,-2.0,43.43042854144879,-9.056761063413607,67.61556792030004,-18.600294645139982,89.32999887195041,-32.90006696661448,67.61556792030004,-18.600294645139986,89.32999887195041,-32.90006696661449,78.47278339612522,-25.750180805877235,28.0,14.746081606757974,46.669201614969154,1.817895167732786e-08
ring,16.0,0.24427480916030533,91.13142829167441,-24.50788138128144,0.0,-2.0,43.39317536700832,-9.282330091946019,67.46083387571227,-19.11837675249063,88.90281936629562,-33.82352068995732,67.46083387571227,-19.11837675249063,88.90281936629562,-33.82352068995732,78.18182662100395,-26.470948721223976,28.0,14.902449969166742,46.93725051657777,1.8513553357024648e-08
ring,16.5,0.25190839694656486,90.72257732979133,-25.554027808958836,0.0,-2.0,43.35475063991355,-9.50770250815226,67.3013905585305,-19.63481644096162,88.4633639563543,-34.74014271713976,67.3013905585305,-19.63481644096162,88.4633639563543,-34.74014271713976,77.8823772574424,-27.18747957905069,28.0,15.05631804380354,47.23103896289822,1.8866735729261563e-08
ring,17.0,0.2595419847328244,90.30027038198278,-26.59502492559262,0.0,-2.0,43.315155397576255,-9.732872227304725,67.13725679476356,-20.149564841667836,88.01175028120353,-35.64974295950168,67.13725679476356,-20.149564841667836,88.01175028120353,-35.64974295950168,77.57450353798355,-27.89965390058476,28.0,15.207533524366015,47.55114131261157,1.923942960502245e-08
ring,17.5,0.26717557251908397,89.86455992938588,-27.630683824712396,0.0,-2.0,43.27439070901042,-9.957833170148318,66.96845195941935,-20.662573310005513,87.54809916422732,-36.55213343373579,66.96845195941935,-20.662573310005513,87.54809916422732,-36.55213343373579,77.25827556182334,-28.60735337187065,28.0,15.355938589195404,47.898113949413336,1.9632622638710018e-08
ring,18.0,0.2748091603053435,89.41550063807583,-28.66081674874391,0.0,-2.0,43.23245767480337,-10.18257926306461,66.79499597378522,-21.173793432073133,87.07253457459701,-37.44712831747962,66.79499597378522,-21.173793432073133,87.07253457459701,-37.44712831747962,76.93376527419112,-29.310460874776375,28.0,15.501369867679953,48.27249012582446,2.004738774985526e-08
ring,18.5,0.2824427480916031,88.9531492878483,-29.68523711723201,0.0,-2.0,43.18935742708608,-10.407104438235807,66.61690930263171,-21.68317703105901,86.58518358775773,-38.33454400419292,66.61690930263171,-21.68317703105901,86.58518358775773,-38.33454400419292,76.60104644519473,-30.008860517625966,28.0,15.643658440267476,48.67477429013737,2.0484897333972185e-08
ring,19.0,0.2900763358778626,88.47756469914202,-30.703759551889462,0.0,-2.0,43.14509112950258,-10.631402633808568,66.43421295134033,-22.19067617359474,86.08617634493447,-39.21419915730279,66.43421295134033,-22.19067617359474,86.08617634493447,-39.21419915730279,76.2601946481374,-30.702437665448763,28.0,15.782629877483107,49.10543588978601,2.0946288259438006e-08
ring,19.5,0.29770992366412213,87.9888076581444,-31.716199898398266,0.0,-2.0,43.09965997717856,-10.855467794057677,66.2469284629556,-22.69624317607358,85.57564601167132,-40.085914763598424,66.2469284629556,-22.69624317607358,85.57564601167132,-40.085914763598424,75.91128723731346,-31.391078969836002,28.0,15.918104323667686,49.564902654077855,2.143290345202331e-08
ring,20.0,0.3053435114503817,87.48694084011572,-32.722375244892106,0.0,-2.0,43.053065196689076,-11.079293869549533,66.05507791516172,-23.19983061093285,85.05372873541789,-40.949514185858334,66.05507791516172,-23.19983061093285,85.05372873541789,-40.949514185858334,75.5544033252898,-32.07467239839559,28.0,16.049896631405744,50.05355337110422,2.1946036099507182e-08
ring,20.5,0.31297709923664124,86.9720287309664,-33.722103937044885,0.0,-2.0,43.005308046025476,-11.302874817305467,65.85868391718472,-23.701391312899453,84.52056360217748,-41.804823214692405,65.85868391718472,-23.701391312899453,84.52056360217748,-41.804823214692405,75.1896237596811,-32.753107263795926,28.0,16.177816552762508,50.57171018785201,2.2487121498215856e-08
ring,21.0,0.32061068702290074,86.44413754711314,-34.71520558969071,0.0,-2.0,42.956389814561405,-11.526204600964913,65.65776960661995,-24.200878385197633,83.97629259223125,-42.65167011958212,65.65776960661995,-24.200878385197633,83.97629259223125,-42.65167011958212,74.8170310994256,-33.426274252389874,28.0,16.301668993478888,51.119630479193695,2.3057758369304793e-08
ring,21.5,0.3282442748091603,85.90333515363682,-35.70150109489689,0.0,-2.0,42.906311823018,-11.749277190948366,65.45235864618574,-24.698245205718038,83.42106053495368,-43.48988569910198,65.45235864618574,-24.698245205718038,83.42106053495368,-43.48988569910198,74.4367095905697,-34.09406545241001,28.0,16.42125433614153,51.69749835046789,2.365948859051059e-08
ring,22.0,0.33587786259541985,85.34969098075752,-36.68081262641034,0.0,-2.0,42.855075423428225,-11.972086564620179,65.24247522040379,-25.193445433147218,82.85501506273468,-44.31930333030589,65.24247522040379,-25.193445433147218,82.85501506273468,-44.31930333030589,74.04874514156924,-34.75637438172656,28.0,16.536368838022206,52.30541585964954,2.4294088518672652e-08
ring,22.5,0.3435114503816794,84.78327593863645,-37.65296364039158,0.0,-2.0,42.80268199910039,-12.194626706451157,65.02814403220646,-25.68643301305671,82.27830656402341,-45.13975901726222,65.02814403220646,-25.68643301305671,82.27830656402341,-45.13975901726222,73.65322529811493,-35.41309601515947,28.0,16.646805108731005,52.94339406829715,2.4963370037767163e-08
ring,23.0,0.3511450381679389,84.20416233050645,-38.617778872349994,0.0,-2.0,42.749132964580795,-12.416891608180977,64.8093902994716,-26.177162183950784,81.69108813551026,-45.95109143872177,64.8093902994716,-26.177162183950784,81.69108813551026,-45.95109143872177,73.25023921749093,-36.06412681133628,28.0,16.752352672021797,53.6113440550846,2.5669322667454253e-08
ring,23.5,0.35877862595419846,83.61242376412639,-39.575084330185035,0.0,-2.0,42.694429765615524,-12.638875268980401,64.58623975148564,-26.66558748327202,81.09351553346283,-46.753141994903075,64.58623975148564,-26.66558748327202,81.09351553346283,-46.753141994903075,72.83987764247424,-36.70936473908755,28.0,16.852798614992064,54.309068050980265,2.641405671965913e-08
ring,24.0,0.366412213740458,83.00813506154614,-40.52470728323472,0.0,-2.0,42.638573879111426,-12.860571695613286,64.35871862533492,-27.151663753363813,80.48574712423239,-47.545754853379734,64.35871862533492,-27.151663753363813,80.48574712423239,-47.545754853379734,72.42223287478365,-37.34870930337178,28.0,16.9479283265174,55.03625088011719,2.719979619314472e-08
ring,24.5,0.37404580152671757,82.39137216716014,-41.4664762472246,0.0,-2.0,42.581566813096245,-13.08197490259839,64.12685366222644,-27.635346147388983,79.86794383394756,-48.3287769940549,64.12685366222644,-27.635346147388983,79.86794383394756,-48.3287769940549,71.997398748087,-37.98206157072194,28.0,17.037526325038392,55.79245191385557,2.8028942722357897e-08
ring,25.0,0.3816793893129771,81.76221205401833,-42.40022096500331,0.0,-2.0,42.52341010667788,-13.303078912370976,63.89067210373803,-28.116590135203637,79.2402690974123,-49.1020582532082,63.89067210373803,-28.116590135203637,79.2402690974123,-49.1020582532082,71.56547060057517,-38.60932419420592,28.0,17.12137717377754,56.57709776605725,2.8904054261147394e-08
ring,25.5,0.3893129770992366,81.12073262835386,-43.32577238294025,0.0,-2.0,42.46410533000287,-13.5238777554442,63.65020168799883,-28.595351509185424,78.60288880622522,-49.865451366600915,63.65020168799883,-28.595351509185424,78.60288880622522,-49.865451366600915,71.12654524711203,-39.23040143789317,28.0,17.19926647912702,57.38947597354857,2.982785929361853e-08
ring,26.0,0.3969465648854962,80.46701263227581,-44.2429626228524,0.0,-2.0,42.403654084213976,-13.74436547057028,63.40547064580039,-29.071586390015344,77.955971256138,-50.61881201162531,63.40547064580039,-29.071586390015344,77.955971256138,-50.61881201162531,70.6807209509692,-39.845199200820325,28.0,17.270981965353297,58.22872991544048,3.08033420992615e-08
ring,26.5,0.40458015267175573,79.80113154456345,-45.151624949314936,0.0,-2.0,42.34205800140695,-13.964536104901423,63.156507696639196,-29.54525123241229,77.29968709367053,-51.361998848484404,63.156507696639196,-29.54525123241229,77.29968709367053,-51.361998848484404,70.22809739515486,-40.453625040448344,28.0,17.336314615975702,59.09385522664909,3.183367169867779e-08
ring,27.0,0.4122137404580153,79.12316947948847,-46.05159373219588,0.0,-2.0,42.27931874458649,-14.18438371415057,62.90334204469097,-30.016302830819512,76.63420926200084,-52.09487356038906,62.90334204469097,-30.016302830819512,76.63420926200084,-52.09487356038906,69.7687756533459,-41.05558819560429,28.0,17.39505986927658,59.98369795300213,3.292217343187076e-08
ring,27.5,0.4198473282442748,78.43320708357595,-46.942704404243216,0.0,-2.0,42.21543800762132,-14.403902362751854,62.646003374717466,-30.484698325042142,75.959712946148,-52.81730089275912,62.646003374717466,-30.484698325042142,75.959712946148,-52.81730089275912,69.30285816043273,-41.650999608900634,28.0,17.44701885250456,60.8969546764301,3.407254212106636e-08
ring,28.0,0.42748091603053434,77.7313254302025,-47.82479341353383,0.0,-2.0,42.15041751519849,-14.623086124020883,62.3845218479064,-30.950395205835047,75.27637551746669,-53.52914869141624,62.3845218479064,-30.950395205835047,75.27637551746669,-53.52914869141624,68.83044868268655,-42.239771948625645,28.0,17.49199963656475,61.83217480795748,3.5288664435029204e-08
ring,28.5,0.4351145038167939,77.01760591191567,-48.697698170576,0.0,-2.0,42.084259022776756,-14.841929080314733,62.118928097644904,-31.413351320440107,74.58437647747188,-54.2302879397558,62.118928097644904,-31.413351320440107,74.58437647747188,-54.2302879397558,68.3516522875584,-42.82181963009795,28.0,17.52981849049591,62.78776520328545,3.657476810303706e-08
ring,29.0,0.44274809160305345,76.29213013034018,-49.56125698983839,0.0,-2.0,42.01696431653925,-15.060425323191716,61.84925322522743,-31.873524878072242,73.8838974010128,-54.920592794886204,61.84925322522743,-31.873524878072242,73.8838974010128,-54.920592794886204,67.86657531312011,-43.397058836479225,28.0,17.560301112969924,63.76199720113534,3.793540059859879e-08
ring,29.5,0.45038167938931295,75.55497978352275,-50.41530902545248,0.0,-2.0,41.94853521334521,-15.278568953570888,61.575528795498435,-32.330874455353225,73.17512187881537,-55.599940622723715,61.575528795498435,-32.330874455353225,73.17512187881537,-55.599940622723715,67.37532533715691,-43.965407539038466,28.0,17.58328381655724,64.75301611944835,3.9375429139454354e-08
ring,30.0,0.4580152671755725,74.80623655054515,-51.259694200813364,0.0,-2.0,41.878973560680954,-15.496354081891361,61.297786832430646,-32.78535900169279,72.45823545941211,-56.268212032031926,61.297786832430646,-32.78535900169279,72.45823545941211,-56.268212032031926,66.87801114592138,-44.52678551686236,28.0,17.59861463972493,65.75885317126482,4.090018279612195e-08
ring,30.5,0.46564885496183206,74.0459819732178,-52.094253131772916,0.0,-2.0,41.80828123660997,-15.713774828271262,61.01605981463953,-33.2369378446159,71.73342559047965,-56.92529090739447,61.01605981463953,-33.2369378446159,71.73342559047965,-56.92529090739447,66.37474270255959,-45.08111437600519,28.0,17.606154361578184,66.77743968358216,4.251531038335088e-08
ring,31.0,0.4732824427480916,73.27429733464322,-52.91882704308962,0.0,-2.0,41.736460149722255,-15.930825322666493,60.730380670834634,-33.68557069503571,71.00088155960324,-57.571064441111034,60.730380670834634,-33.68557069503571,71.00088155960324,-57.571064441111034,65.86563111521895,-45.62831756807337,28.0,17.605777395295974,67.80662342247088,4.422704336093375e-08
ring,31.5,0.48091603053435117,72.49126353441466,-53.73325767776361,0.0,-2.0,41.66351223908274,-16.14749970502924,60.440782775208305,-34.13121765247133,70.26079443448818,-58.20542316400602,60.440782775208305,-34.13121765247133,70.26079443448818,-58.20542316400602,65.35078860484825,-46.16832040823867,28.0,17.597372538074147,68.84418675041957,4.604205372515935e-08
ring,32.0,0.48854961832061067,71.69696096019054,-54.53738719884732,0.0,-2.0,41.58943947417898,-16.363792125466155,60.14729994276277,-34.573839210209655,69.51335700263867,-58.82826097514045,60.14729994276277,-34.573839210209655,69.51335700263867,-58.82826097514045,64.83032847270073,-46.701050092675054,28.0,17.580843558146235,69.88786627165219,4.796758901193243e-08
ring,32.5,0.4961832061068702,70.89146935535847,-55.331058083276744,0.0,-2.0,41.51424385486793,-16.57969674439631,59.84996642457586,-35.01339626041054,68.75876371052398,-59.439475170417424,59.84996642457586,-35.01339626041054,68.75876371052398,-59.439475170417424,64.30436506754992,-47.226435715413984,28.0,17.55610960302019,70.93537356224107,5.001152203476522e-08
ring,33.0,0.5038167938931297,70.07486768246885,-56.1141130072238,0.0,-2.0,41.437927411322015,-16.795207732708853,59.54881690300652,-35.44985009915458,67.99721060225284,-60.038966470072324,59.54881690300652,-35.44985009915458,67.99721060225284,-60.038966470072324,63.77301375262968,-47.744408284613456,28.0,17.523105417314,71.9844165379923,5.2182386411914194e-08
ring,33.5,0.5114503816793893,69.24723398208961,-56.88639472241251,0.0,-2.0,41.36049220397425,-17.010319271920398,59.24388648684028,-35.883162431432815,67.22889525777612,-60.62663904503903,59.24388648684028,-35.883162431432815,67.22889525777612,-60.62663904503903,63.2363908723082,-48.25490073823592,28.0,17.481781363306645,73.03272098703336,5.4489504464072525e-08
ring,34.0,0.5190839694656488,68.40864522669358,-57.647745922784445,0.0,-2.0,41.2819403234627,-17.22502555433208,58.93521070637601,-36.31329537607748,66.45401673063947,-61.20240054218378,58.93521070637601,-36.31329537607748,66.45401673063947,-61.20240054218378,62.69461371850774,-48.75784795913063,28.0,17.432103242332616,74.07805178765413,5.694300142522479e-08
ring,34.5,0.5267175572519084,67.5591771691529,-58.39800910083059,0.0,-2.0,41.202273890573906,-17.439320783186396,58.62282550845396,-36.740211470633355,65.67277548530578,-61.76616210839909,58.62282550845396,-36.740211470633355,65.67277548530578,-61.76616210839909,62.14780049687987,-49.25318678951622,28.0,17.37405192019395,75.11823334554127,5.955392623491207e-08
ring,35.0,0.5343511450381679,66.69890418536961,-59.13702639283239,0.0,-2.0,41.12149505618578,-17.653199172823697,58.306767251426564,-37.16387367616889,64.88537333406968,-62.31783841354998,58.306767251426564,-37.16387367616888,64.88537333406968,-62.317838413549964,61.596070292748124,-49.74085604485943,28.0,17.30762276461343,76.15116881731265,6.233431548707813e-08
ring,35.5,0.5419847328244275,65.82789911052525,-59.86463941217,0.0,-2.0,41.03960600120941,-17.866654948838363,57.98707270007208,-37.584245382026204,64.09201337358434,-62.85734767226544,57.98707270007208,-37.584245382026204,64.09201337358434,-62.85734767226544,61.039543036828206,-50.22079652714582,28.0,17.23282490717538,77.17485773696635,6.529738527660811e-08
ring,36.0,0.549618320610687,64.94623306837713,-60.58068906976305,0.0,-2.0,40.95660893653023,-18.07968234823475,57.66377902045225,-38.00129041050977,63.29289992102243,-63.38461166456878,57.66377902045225,-38.00129041050977,63.29289992102243,-63.38461166456878,60.47833947073734,-50.692951037539274,28.0,17.149680346012147,78.18741172541421,6.845755962103794e-08
ring,36.5,0.5572519083969466,64.0539752929736,-61.285015380601415,0.0,-2.0,40.87250610294834,-18.292275619582757,57.33692377471453,-38.41497302151258,62.48823844989278,-63.89955575533997,57.33692377471453,-38.41497302151258,62.48823844989278,-63.89955575533997,59.912581112303656,-51.15726438842627,28.0,17.058222908540337,79.18706803665175,7.18306978342298e-08
ring,37.0,0.5648854961832062,63.15119294209224,-61.97745725520685,0.0,-2.0,40.78729977111799,-18.504429023173092,57.00654491583964,-38.82525791707954,61.67823552553387,-64.40210891260466,57.00654491583964,-38.82525791707954,61.67823552553387,-64.40210891260466,59.34239022068675,-51.6136834148421,28.0,16.958497095738526,80.17220077309298,7.543415847521828e-08
ring,37.5,0.5725190839694656,62.237950901636,-62.65785227473036,0.0,-2.0,40.700992241486276,-18.716136831172268,56.67268078233536,-39.23211024590719,60.863098740306185,-64.89220372464408,56.67268078233536,-39.23211024590719,60.863098740306185,-64.89220372464408,58.767889761320774,-52.062156985275635,28.0,16.850556830742676,81.14132968272638,7.928706935445007e-08
ring,38.0,0.5801526717557252,61.3143115801403,-63.326036448240274,0.0,-2.0,40.613585844231025,-18.92739332777724,56.33537009287712,-39.63549560777923,60.043036648505115,-65.36977641592068,56.33537009287712,-39.63549560777923,60.043036648505115,-65.36977641592068,58.18920337069112,-52.50263601184996,28.0,16.734464134928125,82.09312652803227,8.341052648574987e-08
ring,38.5,0.5877862595419847,60.38033469245586,-63.98184395058361,0.0,-2.0,40.5250829391979,-19.138192809369688,55.994651940896325,-40.03538005793717,59.21825870101625,-65.83476686181507,55.994651940896325,-40.03538005793717,59.21825870101625,-65.83476686181507,57.606455320956286,-52.93507345987612,28.0,16.6102877542057,83.02641908751117,8.782773619486761e-08
ring,39.0,0.5954198473282443,59.436077031571344,-64.62510683901088,0.0,-2.0,40.43548591583669,-19.348529584670064,55.65056578911717,-40.431730111385534,58.38897517973495,-66.28711860216974,55.65056578911717,-40.431730111385534,58.38897517973495,-66.28711860216974,57.01977048442606,-53.35942435677764,28.0,16.47810175707691,83.94019291250446,9.256438460170102e-08
ring,39.5,0.6030534351145038,58.48159222742865,-65.25565474653281,0.0,-2.0,40.34479719313678,-19.558397974891186,55.30315146404267,-40.82451274713088,57.55539713177228,-66.72677885363579,55.30315146404267,-40.82451274713088,57.55539713177228,-66.72677885363579,56.429274297907476,-53.77564580038334,28.0,16.337984124195934,84.8335910128717,9.764892894281729e-08
ring,40.0,0.6106870229007634,57.51693049145766,-65.8733145497278,0.0,-2.0,40.253019219561835,-19.76779231389161,54.95244915039085,-41.21369541235423,56.717736303469344,-67.15369852081926,54.95244915039085,-41.21369541235423,56.717736303469344,-67.15369852081926,55.8350927269301,-54.183696966586744,28.0,16.190015346907877,85.70591168404918,1.0311291021025681e-07
ring,40.5,0.6183206106870229,56.54213834541635,-66.47791000843216,0.0,-2.0,40.16015447298373,-19.97670694832858,54.59849938548168,-41.599246026516056,55.87620507424218,-67.56783220622381,54.59849938548168,-41.599246026516056,55.87620507424218,-67.56783220622381,55.237352229861926,-54.583539116369934,28.0,16.03427704961874,86.55660471487835,1.0899136526631992e-07
ring,41.0,0.6259541984732825,55.55725833296104,-67.06926137441995,0.0,-2.0,40.06620546061563,-20.185136237810664,54.24134305357592,-41.98113298539355,55.03101639027938,-67.96913821898737,54.24134305357592,-41.98113298539355,55.03101639027938,-67.96913821898737,54.63617972192765,-54.97513560219046,28.0,15.870850648037647,87.38526623092146,1.1532331001262719e-07
ring,41.5,0.6335877862595419,54.56232871219274,-67.64718496580227,0.0,-2.0,39.97117471894428,-20.39307455505004,53.88102138016624,-42.359325165049285,54.182383698114634,-68.35757858241024,53.88102138016624,-42.359325165049285,54.182383698114634,-68.35757858241024,54.03170253914044,-55.35845187372976,28.0,15.699816052443525,88.19163243280491,1.2215226519174394e-07
ring,42.0,0.6412213740458015,53.55738312721951,-68.2114927034473,0.0,-2.0,39.87506481366159,-20.600516286014418,53.51757592622188,-42.73379192573094,53.33052087809643,-68.73311904027317,53.51757592622188,-42.73379192573094,53.33052087809643,-68.73311904027317,53.42404840215916,-55.733455483002054,28.0,15.521250422268905,88.97557248498795,1.2952688166478765e-07
ring,42.5,0.648854961832061,52.54245025654153,-68.76199160522562,0.0,-2.0,39.777878339595254,-20.807455830078627,53.15104858238743,-43.104503115701405,52.4756421777774,-69.09572906194357,53.15104858238743,-43.104503115701405,52.4756421777774,-69.09572906194357,52.81334538008242,-56.10011608882249,28.0,15.335226975549572,89.73708079887336,1.3750170779758264e-07
ring,43.0,0.6564885496183206,51.517553435800096,-69.29848323331208,0.0,-2.0,39.67961792063882,-21.0138876001758,52.781481563136666,-43.47142907499875,51.61796214524534,-69.44538184626924,52.781481563136666,-43.47142907499875,51.61796214524534,-69.44538184626924,52.199721854191004,-56.458405460634,28.0,15.141813854222214,89.52373106288859,1.4613791421425049e-07
ring,43.5,0.6641221374045801,50.48271025212691,-69.82076308911243,0.0,-2.0,39.58028620968073,-21.219806022948234,52.40891740088223,-43.83454063912563,50.757695562418306,-69.78205432425892,52.40891740088223,-43.83454063912563,50.757695562418306,-69.78205432425892,51.58330648165027,-56.80829748169228,28.0,14.941073043900836,88.80664265493026,1.555044093493052e-07
ring,44.0,0.6717557251908397,49.437932106981705,-70.32861994960993,0.0,-2.0,39.479885888532806,-21.425205538897863,52.03339894004215,-44.19380914266735,49.895057378326236,-70.10572716054935,52.03339894004215,-44.19380914266735,49.895057378326236,-70.10572716054935,50.96422815918419,-57.14976815160835,28.0,14.733059344646996,88.11133290772985,1.656788839454748e-07
ring,44.5,0.6793893129770993,48.38322374396424,-70.82183513802848,0.0,-2.0,39.378419667857756,-21.630080602536342,51.65496933106384,-44.54920642283836,49.03026264240128,-70.41638475365926,51.65496933106384,-44.54920642283836,49.03026264240128,-70.41638475365926,50.34261598673256,-57.482795588248806,28.0,14.517819387368862,87.43738821752434,1.7674928187716432e-07
ring,45.0,0.6870229007633588,47.31858273762096,-71.3001817206566,0.0,-2.0,39.27589028709604,-21.83442568253478,51.2736720244067,-44.90070482295651,48.16352643779914,-70.71401523503086,51.2736720244067,-44.90070482295651,48.16352643779914,-70.71401523503086,49.71859923110292,-57.807360028993685,28.0,14.29539068882317,86.78431023260994,1.888152922902009e-07
ring,45.5,0.6946564885496184,46.24399893873192,-71.76342362044032,0.0,-2.0,39.172300514391885,-22.038235261873066,50.889550764484,-45.24827719584458,47.29506381477373,-70.99861046685997,50.889550764484,-45.24827719584458,47.29506381477373,-70.99861046685997,49.09230728962886,-58.123443831352276,28.0,14.065800736729805,86.15152322375563,2.0199028938350239e-07
ring,46.0,0.7022900763358778,45.15945387093545,-72.21131463649938,0.0,-2.0,39.06765314651858,-22.24150383798884,50.50264958356502,-45.591896907158684,46.425089724127496,-71.27016603871628,50.50264958356502,-45.591896907158684,46.425089724127496,-71.27016603871628,48.46386965384626,-58.431031472937484,28.0,13.829066095196918,85.53838094713308,2.1640360614583187e-07
ring,46.5,0.7099236641221374,44.064920072819504,-72.64359735699976,0.0,-2.0,38.96195100880292,-22.444225922926048,50.11301279563827,-45.931537838643024,45.55381895075941,-71.52868126295542,50.11301279563827,-45.931537838643024,45.55381895075941,-71.52868126295542,47.83341587319884,-58.73010955079922,28.0,13.585191519455838,84.94417292649167,2.3220319178562931e-07
ring,47.0,0.7175572519083969,42.96036037875217,-73.06000195077395,0.0,-2.0,38.85519695504896,-22.64639604348308,49.72068499023683,-46.26717439131043,44.68146604733305,-71.77415916892535,49.72068499023683,-46.26717439131043,44.68146604733305,-71.77415916892535,47.20107551878495,-59.02066678011789,28.0,13.334169067764233,84.36813009689645,2.495588660167414e-07
ring,47.5,0.7251908396946565,41.84572713071702,-73.46024482064549,0.0,-2.0,38.74739386746098,-22.848008741360587,49.32571102622653,-46.598781488548546,43.808245268086786,-72.00660649597009,49.32571102622653,-46.598781488548546,43.808245268086786,-72.00660649597009,46.56697814715666,-59.30269399225932,28.0,13.075977197197464,83.80942976498896,2.6866618441090395e-07
ring,48.0,0.732824427480916,40.72096131222911,-73.84402709849967,0.0,-2.0,38.638544656565614,-23.0490585733088,48.928136025557905,-46.92633457915082,42.934370502808,-72.22603368523298,48.928136025557905,-46.92633457915082,42.934370502808,-72.22603368523298,45.931253264182956,-59.5761841321919,28.0,12.810579828847544,83.26719985033601,2.8975112087437083e-07
ring,48.5,0.7404580152671756,39.58599159399128,-74.2110329586369,0.0,-2.0,38.52865226113333,-23.24954011127453,48.528005366982995,-47.24980964027222,42.06005521099366,-72.4324548702642,48.528005366982995,-47.24980964027222,42.06005521099366,-72.4324548702642,45.294030288988324,-59.84113225526821,28.0,12.537925366618495,82.74052237892681,3.130758088332186e-07
ring,49.0,0.7480916030534351,38.44073327926462,-74.5609277217076,0.0,-2.0,38.417719648099066,-23.449447942547685,48.1253646797377,-47.56918318030894,41.185512356218894,-72.62588786643538,48.1253646797377,-47.56918318030894,41.185512356218894,-72.62588786643538,44.6554385179783,-60.09753552337216,28.0,12.257945652267436,82.22843620326294,3.3894551876301193e-07
ring,49.5,0.7557251908396947,37.285087134899854,-74.89335571637994,0.0,-2.0,38.30574981248209,-23.64877666990743,47.720259837190696,-47.884432241702086,40.31095434073556,-72.80635415916663,47.720259837190696,-47.884432241702086,40.31095434073556,-72.80635415916663,44.01560708896313,-60.34539320043436,28.0,11.970554837506018,81.72993892368396,3.677172202287693e-07
ring,50.0,0.7633587786259542,36.11893809153105,-75.2079378596054,0.0,-2.0,38.192745777305205,-23.847520911767894,47.31273695045988,-48.19553440366454,39.43659294032251,-72.97387889096993,47.31273695045988,-48.19553440366454,39.43659294032251,-72.97387889096993,43.374664945391196,-60.58470664731723,28.0,11.675648151737665,81.2439879825012,3.9981006949574294e-07
ring,50.5,0.7709923664122137,34.94215379346683,-75.50426890862217,0.0,-2.0,38.078710593513094,-24.045675302323446,46.902842361997244,-48.50246778483081,38.56263923940931,-73.12849084731442,46.902842361997244,-48.50246778483081,38.56263923940931,-73.12849084731442,42.732740800703276,-60.81547931607262,28.0,11.373100541246025,80.76950089599951,4.357188032599879e-07
ring,51.0,0.7786259541984732,33.75458297518426,-75.78191432829095,0.0,-2.0,37.963647339889924,-24.243234491693617,46.49062263914296,-48.80521104582966,37.68930356649477,-73.27022244131932,46.49062263914296,-48.80521104582966,37.68930356649477,-73.27022244131932,42.08996310281887,-61.03771674357449,28.0,11.062765152206083,80.30535457905495,4.7602991060102795e-07
ring,51.5,0.7862595419847328,32.55605363687151,-76.0404067054822,0.0,-2.0,37.84755912297629,-24.44019314606748,46.07612456764996,-49.10374339177871,36.81679542988206,-73.3991096972799,46.07612456764996,-49.10374339177871,36.81679542988206,-73.3991096972799,41.44645999876602,-61.2514265445293,28.0,10.744471625572498,79.85038370254959,5.214425939925604e-07
ring,52.0,0.7938931297709924,31.346370985932097,-76.27924162735812,0.0,-2.0,37.7304490769853,-24.63654594784768,45.65939514517958,-49.39804457470115,35.9453234537515,-73.5151922330333,45.65939514517958,-49.39804457470115,35.9453234537515,-73.5151922330333,40.802359299465536,-61.456618403867225,28.0,10.418024166458068,79.40337800412976,5.727949599076965e-07
ring,52.5,0.8015267175572519,30.125315104456604,-76.4978729216232,0.0,-2.0,37.612320363717934,-24.832287595794014,45.24048157476937,-49.688094895863955,35.075095314592105,-73.61851324117082,45.24048157476937,-49.688094895863955,35.075095314592105,-73.61851324117082,40.15778844468073,-61.653304068517386,28.0,10.083199343719116,78.96307844708431,6.310976345957897e-07
ring,53.0,0.8091603053435115,28.892638293964836,-76.69570713294436,0.0,-2.0,37.493176172477746,-25.027412805166527,44.81943125827421,-49.97387520803723,34.206317678013555,-73.70911946910365,44.81943125827421,-49.97387520803723,34.206317678013555,-73.70911946910365,39.51287446814388,-61.84149733857044,28.0,9.739743566679703,78.52817208859697,6.975772635087196e-07
ring,53.5,0.816793893129771,27.648062037655322,-76.87209707912386,0.0,-2.0,37.373019719984676,-25.221916307868227,44.39629178978122,-50.255366917674614,33.33919613595867,-73.7870611979898,44.39629178978122,-50.255366917674614,33.33919613595867,-73.7870611979898,38.86774396286995,-62.02121405783221,28.0,9.387370174661601,78.09728547510136,7.737328289181278e-07
ring,54.0,0.8244274809160306,26.39127350619829,-77.02633429098074,0.0,-2.0,37.25185425028829,-25.415792852587295,43.971110949000014,-50.5325519870142,32.47393514433808,-73.85239222052988,43.971110949000014,-50.5325519870142,32.47393514433808,-73.85239222052988,38.222523046669046,-62.19247210377204,28.0,9.025756060438411,77.66897632575936,8.614098163661765e-07
ring,54.5,0.8320610687022901,25.121921514676004,-77.15764008810676,0.0,-2.0,37.12968303468013,-25.609037204938847,43.54393669462867,-50.8054129360998,31.610737961106913,-73.90516981764024,43.54393669462867,-50.8054129360998,31.610737961106913,-73.90516981764024,37.577337327867795,-62.35529137687002,28.0,8.654537729778589,77.2417231906115,9.628987456267168e-07
ring,55.0,0.8396946564885496,23.839611814090162,-77.26515497425902,0.0,-2.0,37.00650937160541,-25.801644147606297,43.11481715769683,-51.07393284472225,30.749806584804606,-73.94545473401207,43.11481715769683,-51.07393284472225,30.749806584804606,-73.94545473401207,36.93231187125072,-62.50969378936716,28.0,8.273306674315073,76.81391267123142,1.0810671895455926e-06
ring,55.5,0.8473282442748091,22.543901568718297,-77.34792594477172,0.0,-2.0,36.88233658657398,-25.993608480482184,42.68380063488665,-51.33809535428051,29.89134169357773,-73.97331115256539,42.68380063488665,-51.33809535428051,29.89134169357773,-73.97331115256539,36.28757116423219,-62.65570325342295,28.0,7.881603901830626,76.38382365931557,1.2195394631930867e-06
ring,56.0,0.8549618320610687,21.234292827316494,-77.40489117477,0.0,-2.0,36.75716803207052,-26.184925020808585,42.250935581832735,-51.597884669562205,29.035542584706214,-73.98880666780737,42.250935581832735,-51.597884669562205,29.035542584706214,-73.98880666780737,35.64323908326948,-62.793345668684786,28.0,7.478913423423688,75.94960786874005,1.3829440632662227e-06
ring,56.5,0.8625954198473282,19.910224737011987,-77.43486138751963,0.0,-2.0,36.63100708746405,-26.37558860331702,41.81627060640184,-51.853285560443524,28.182607114652903,-73.99201225810506,41.81627060640184,-51.853285560443524,28.182607114652903,-73.99201225810506,34.99943886052737,-62.922648909274294,28.0,7.064654436120815,75.50926568870257,1.577259340024284e-06
ring,57.0,0.8702290076335878,18.57106416657976,-77.43649696648089,0.0,-2.0,36.503857158916674,-26.56559408036793,41.37985446195344,-52.10428336350809,27.33273163965581,-73.9830022568822,41.37985446195344,-52.10428336350809,27.33273163965581,-73.9830022568822,34.356293050804624,-63.043642810195145,28.0,6.638171855117861,75.06061603858517,1.8103046954820456e-06
ring,57.5,0.8778625954198473,17.216094289688826,-77.40827954123208,0.0,-2.0,36.37572167929162,-26.75493632208965,40.941736040582256,-52.3508639835847,26.4861109568834,-73.96185432275094,40.941736040582256,-52.3508639835847,26.4861109568834,-73.96185432275094,33.713923498732825,-63.15635915316782,28.0,6.198724730912943,74.6012584112799,2.092450394286516e-06
ring,58.0,0.8854961832061069,15.844500511428805,-77.34847629743861,0.0,-2.0,36.24660410806057,-26.9436102165169,40.501964366343365,-52.59301389520361,25.642938246171422,-73.92864940858938,40.501964366343365,-52.59301389520361,25.642938246171422,-73.92864940858938,33.07245130625739,-63.260831651896495,28.0,5.74547191585258,74.12852457575315,2.4376642286938477e-06
ring,58.5,0.8931297709923665,14.455352875240024,-77.25509455616204,0.0,-2.0,36.11650793121026,-27.1316106697288,40.060588588461336,-52.83072014397125,24.803405012361125,-73.88347172957587,40.060588588461336,-52.83072014397125,24.803405012361125,-73.88347172957587,32.43199680041123,-63.35709593677356,28.0,5.2774540942939545,73.63941635049484,2.865088291059692e-06
ring,59.0,0.9007633587786259,13.047583716432058,-77.12582310950103,0.0,-2.0,35.985436661148334,-27.318932605986408,39.61765797452402,-53.063970347863176,23.96770102825741,-73.82640873019201,39.61765797452402,-53.063970347863176,23.96770102825741,-73.82640873019201,31.792679501390715,-63.445189539027595,28.0,4.793570915006345,73.13052425742916,3.4014742169574674e-06
ring,59.5,0.9083969465648855,11.619958754725332,-76.95795517069268,0.0,-2.0,35.85339383660854,-27.50557096786976,39.173221903662046,-53.29275269843512,23.13601427822552,-73.7575510502059,39.173221903662046,-53.29275269843512,23.13601427822552,-73.7575510502059,31.154618090943785,-63.525151874320514,28.0,4.292551386091041,72.59791938135955,4.085048793456281e-06
ring,60.0,0.916030534351145,10.17103890429027,-76.74828521847729,0.0,-2.0,35.7203830225552,-27.691520716414402,38.727329859715354,-53.51705596195176,22.308530902445533,-73.67699248964836,38.727329859715354,-53.51705596195176,22.308530902445533,-73.67699248964836,30.517930381080443,-63.597024225800055,28.0,3.772914775693909,72.03700679745614,4.971847602064372e-06
ring,60.5,0.9236641221374046,8.699128574653152,-76.49296780185286,0.0,-2.0,35.586407810086925,-27.87677683124744,38.28003142438711,-53.736869480433455,21.485435141841723,-73.58482997279418,38.28003142438711,-53.736869480433455,21.485435141841723,-73.58482997279418,29.88273328311442,-63.66084972661382,28.0,3.2329177588231275,71.44232240478821,6.1464739502525845e-06
ring,61.0,0.9312977099236641,7.202203661342708,-76.18731922753345,0.0,-2.0,35.451471816339705,-28.061334310723065,37.831376270386734,-53.95218317262034,20.666909283705888,-73.48116351116191,37.831376270386734,-53.95218317262034,20.666909283705888,-73.48116351116191,29.24914277704631,-63.71667334189112,28.0,2.6704809920000763,70.80724386083592,7.741158484009247e-06
ring,61.5,0.9389312977099237,5.677807824267937,-75.82553041277475,0.0,-2.0,35.31557868438921,-28.245188172057645,37.381414154562364,-54.16298753485414,19.85313360803168,-73.366096165545,37.381414154562364,-54.16298753485414,19.85313360803168,-73.366096165545,28.617273881297024,-63.76454185019957,28.0,2.083083746553509,70.12356645496891,9.971228536187482e-06
ring,62.0,0.9465648854961832,4.1228818951836885,-75.40020675878093,0.0,-2.0,35.178732083152454,-28.428333451464173,36.930194911024294,-54.36927364187714,19.044286334577883,-73.23973400708817,36.930194911024294,-54.36927364187714,19.044286334577883,-73.23973400708817,27.98724062280109,-63.80450382448266,28.0,1.4676057616184544,69.38078715151867,2.2502888441522373e-11
ring,62.5,0.9541984732824428,2.5335727968003567,-74.90179234560222,0.0,-2.0,35.04093570728873,-28.610765204286352,36.477768444260015,-54.57103314754856,18.240543570677623,-73.10218607742283,36.477768444260015,-54.57103314754856,18.240543570677623,-73.10218607742283,27.35915600746882,-63.836609612485695,28.0,0.8200836891081664,68.56532692529663,3.5932146147388266e-11
ring,63.0,0.9618320610687023,0.9047499638505201,-74.31730528309726,0.0,-2.0,34.90219327709989,-28.792478505132053,36.02418472224214,-54.76825828547797,17.442079259810797,-72.95356434787568,36.02418472224214,-54.76825828547797,17.442079259810797,-72.95356434787568,26.733131991026468,-63.86091131667683,28.0,0.1353002362713589,67.65845267999643,7.550227110186825e-11
ring,63.5,0.9694656488549618,-0.7706853224415795,-73.62841862038975,0.0,-2.0,34.76250853842984,-28.973468448006315,35.56949376952986,-54.96094186957592,16.649065130955925,-72.79398367776533,35.56949376952986,-54.96094186957592,16.649065130955925,-72.79398367776533,26.109279450242894,-63.87746277367062,28.0,0.5939442208559989,66.63336476248296,2.1049828546892968e-10
ring,64.0,0.9770992366412213,-2.5032764760492157,-72.80750930862757,0.0,-2.0,34.62188526256348,-29.15373014644378,35.11374566036539,-55.14907729452153,15.861670648738553,-72.62356177180136,35.11374566036539,-55.14907729452153,15.861670648738553,-72.62356177180136,25.48770815455197,-63.88631953316145,28.0,1.3782716918547315,65.44893303259792,7.564224802081299e-10
ring,64.5,0.9847328244274809,-4.310356652160266,-71.80884958227143,0.0,-2.0,34.480327246124816,-29.333258733640644,34.65699051176596,-55.33265853614711,15.080062964391711,-72.44241913660143,34.65699051176596,-55.33265853614711,15.080062964391711,-72.44241913660143,24.868526738078835,-63.88753883637427,28.0,2.234986354126857,64.03559441551171,3.940641590816085e-09
ring,65.0,0.9923664122137404,-6.225468820286103,-70.54433580301038,0.0,-2.0,34.337838310974526,-29.512049362586023,34.19927847661274,-55.51168015173958,14.304406867544792,-72.25067903634144,34.19927847661274,-55.51168015173958,14.304406867544792,-72.25067903634144,24.251842672078766,-63.88117959404051,28.0,3.197182027673101,62.25601316840675,3.799871706178237e-08
ring,65.5,1.0,-8.337387192276978,-68.78547914672866,0.0,-2.0,34.19442230410672,-29.690097206192846,33.740659736737356,-55.68613728025902,13.534864738856115,-72.0484674475548,33.740659736737356,-55.68613728025902,13.534864738856115,-72.0484674475548,23.637762237796736,-63.86730236390691,28.0,4.351176855604962,59.7442770568994,1.3302346104637763e-06
little,0.0,0.0,96.932098,10.514118,0.0,-2.0,34.0,-2.0,57.0,-2.0,80.0,-2.0,57.0,-2.0,80.0,-2.0,68.5,-2.0,28.0,3.0642454600063935,66.24376121835917,1.0075033500811514e-06
little,0.5,0.007633587786259542,96.96557307365543,9.407318575703622,0.0,-2.0,33.99872507374635,-2.2944373614393214,56.99629983025596,-2.6284363416054677,79.99212567188638,-3.066607382869641,56.99629983025596,-2.6284363416054677,79.99212567188638,-3.066607382869641,68.49421275107117,-2.8475218622375547,28.0,2.996765521225335,65.62005078098242,1.3495146333752928e-08
little,1.0,0.015267175572519083,96.98537435857926,8.299321161569498,0.0,-2.0,33.994900390599334,-2.58885264135381,56.985199928099156,-3.256780164394586,79.96850480971634,-4.132963203851698,56.985199928099156,-3.256780164394586,79.96850480971634,-4.132963203851698,68.47685236890774,-3.694871684123142,28.0,2.9288940645353385,64.99918069275779,1.355390111257293e-08
little,1.5,0.022900763358778626,96.99146090768079,7.190322661432497,0.0,-2.0,33.9885262373936,-2.883223759874652,56.966702114640555,-3.884938966061595,79.92914377933732,-5.198815975297086,56.966702114640555,-3.884938966061595,79.92914377933732,-5.198815975297087,68.44792294698894,-4.541877470679341,28.0,2.860623442396328,64.38114436682285,1.3615867544558569e-08
little,2.0,0.030534351145038167,96.9837948683872,6.0805200420341246,0.0,-2.0,33.979603092162975,-3.1775286404449465,56.94080942468164,-4.512820277318664,79.87405318827882,-6.263914358009517,56.94080942468164,-4.512820277318664,79.87405318827882,-6.263914358009517,68.40743130648023,-5.38836731766409,28.0,2.791945889984447,63.76593672863539,1.3681393795650365e-08
little,2.5,0.03816793893129771,96.96234155506866,4.970111109580549,0.0,-2.0,33.968131624104664,-3.4717452114753504,56.90752610613943,-5.140331678396702,79.80324788242856,-7.328007235411366,56.90752610613943,-5.140331678396702,79.80324788242856,-7.328007235411366,68.355386994284,-6.234169456904034,28.0,2.722853908048684,63.153552865752715,1.3750785399224696e-08
little,3.0,0.04580152671755725,96.9270694623122,3.859294427920463,0.0,-2.0,33.95411269352899,-3.7658514079993552,56.8668576192415,-5.767380815536423,79.71674694138085,-8.390843787636964,56.8668576192415,-5.767380815536423,79.71674694138085,-8.390843787636964,68.29180228031117,-7.079112301586694,28.0,2.653340248082472,62.54398808460998,1.3824354994085297e-08
little,3.5,0.05343511450381679,96.87795027488391,2.748269236735056,0.0,-2.0,33.93754735179495,-4.0598251733280595,56.81881063549146,-6.393875417466369,79.61457367245856,-9.452173565529113,56.81881063549146,-6.393875417466369,79.61457367245856,-9.452173565529113,68.216692153975,-7.923024491497741,28.0,2.5833978966953204,61.93723796692377,1.3902443640745332e-08
little,4.0,0.061068702290076333,96.81495887438535,1.6372353698741104,0.0,-2.0,33.91843684123128,-4.353644460704327,56.76339303640477,-7.0197233118646745,79.4967556034108,-10.511746564514716,56.76339303640477,-7.019723311864675,79.4967556034108,-10.511746564514716,68.13007431990779,-8.765734938189695,28.0,2.513020059216732,61.33329842572592,1.3985385294290609e-08
little,4.5,0.06870229007633588,96.7380733426146,0.526393173969248,0.0,-2.0,33.89678259504341,-4.647287234956202,56.70061391201556,-7.644832441801315,79.36332447378855,-11.569313298335453,56.70061391201556,-7.644832441801315,79.36332447378855,-11.569313298335453,68.03196919290205,-9.607072870068384,28.0,2.4422001425620934,60.73216576103871,1.4073528120661649e-08
little,5.0,0.07633587786259542,96.6472749616471,-0.5840565725444858,0.0,-2.0,33.872586237205844,-4.940731474149439,56.63048355915427,-8.269110882157571,79.21431622500128,-12.62462487260941,56.63048355915427,-8.269110882157571,79.21431622500128,-12.62462487260941,67.92239989207778,-10.44686787738349,28.0,2.3709317373903644,60.133836715206655,1.4167198969516903e-08
little,5.5,0.08396946564885496,96.54254821065615,-1.6939127398692533,0.0,-2.0,33.84584958234046,-5.233955171239069,56.5530134794969,-8.892466856019542,79.04977098905798,-13.67743305819977,56.5530134794969,-8.892466856019542,79.04977098905798,-13.67743305819977,67.80139223427744,-11.284949957109657,28.0,2.2992085995825953,59.53830852790345,1.4266795744788396e-08
little,6.0,0.0916030534351145,96.42388075949677,-2.8029739266184945,0.0,-2.0,33.816574635580395,-5.526936335719821,56.468216377385986,-9.51480875104237,78.8697330759962,-14.727490364366554,56.468216377385986,-9.51480875104237,78.8697330759962,-14.727490364366552,67.66897472669109,-12.121149557704461,28.0,2.2270246310689465,58.94557899083678,1.4372652401561936e-08
little,6.5,0.09923664122137404,96.29126345908182,-3.91103853879845,0.0,-2.0,33.78476359241965,-5.819652995275315,56.37610615742388,-10.136045135782046,78.67425096000332,-15.774550111677648,56.37610615742388,-10.136045135782046,78.67425096000332,-15.774550111677648,67.5251785587136,-12.955297623729848,28.0,2.154373860031587,58.3556465021792,1.448518816005162e-08
little,7.0,0.10687022900763359,96.14469032858239,-5.017904867871535,0.0,-2.0,33.75041883854847,-6.112083197425897,56.27669792183872,-10.756084775991528,78.4633772642349,-16.818366504655327,56.27669792183872,-10.756084775991528,78.4633772642349,-16.818366504655327,67.37003759303681,-13.787225640323427,28.0,2.0812504205093916,57.768510120756225,1.460475829162533e-08
little,7.5,0.11450381679389313,95.98415853948939,-6.123371167778926,0.0,-2.0,33.71354294967441,-6.404205011174973,56.170007967623775,-11.37483665087796,78.23716874433492,-17.85869470413461,56.170007967623775,-11.37483665087796,78.23716874433492,-17.85869470413461,67.20358835597935,-14.616765677506285,28.0,2.0076485314296804,57.184169620027895,1.4731817543633952e-08
little,8.0,0.12213740458015267,95.80966839657577,-7.227235730801649,0.0,-2.0,33.67413869132917,-6.695996528653742,56.05605378345052,-11.992209969317795,77.9956862706637,-18.89529089930989,56.05605378345052,-11.992209969317795,77.9956862706637,-18.89529089930989,67.02587002705711,-15.443750434313843,28.0,1.9335624750903548,56.60262554190577,1.486673539830008e-08
little,8.5,0.1297709923664122,95.62122331580369,-8.329296962141184,0.0,-2.0,33.63220901866117,-6.9874358667641925,55.93485404635627,-12.60811418602664,77.73899480923912,-19.927912379446376,55.93485404635627,-12.60811418602664,77.73899480923912,-19.927912379446376,66.8369244277977,-16.268013282736508,28.0,1.8589865751158676,56.023879250450584,1.5009987919256673e-08
little,9.0,0.13740458015267176,95.41882979922269,-9.429353453104516,0.0,-2.0,33.587757076214,-7.278501168820235,55.806428618207036,-13.222459017680613,77.46716340139808,-20.95631760523297,55.806428618207036,-13.222459017680613,77.46716340139808,-20.95631760523297,66.63679600980257,-17.089388311456794,28.0,1.7839151739071042,55.44793298550338,1.516200143214519e-08
little,9.5,0.1450381679389313,95.20249740690917,-10.527204052779696,0.0,-2.0,33.54078619769048,-7.569170606186859,55.67079854193602,-13.835154458986024,77.18026514218428,-21.980266279753405,55.67079854193602,-13.835154458986024,77.18026514218428,-21.980266279753405,66.42553184206015,-17.907710369369713,28.0,1.7083426096059995,54.87478991630684,1.5323223578889156e-08
little,10.0,0.15267175572519084,94.97223872599955,-11.6226479380907,0.0,-2.0,33.49129990570276,-7.859422379917198,55.52798603755906,-14.44611079869429,76.87837715747023,-22.99951941905254,55.52798603755906,-14.44611079869429,76.87837715747023,-22.99951941905254,66.20318159751464,-18.722815108873416,28.0,1.6322631925927773,54.304454195177684,1.5494180161113036e-08
little,10.5,0.16030534351145037,94.72806933687167,-12.71548468212545,0.0,-2.0,33.43930191150805,-8.149234722387336,55.378014497967186,-15.055238635558801,76.56158057982063,-24.013839422274778,55.378014497967186,-15.055238635558801,76.56158057982063,-24.013839422274778,65.96979753889391,-19.53453902891679,28.0,1.5556711815322615,53.7369310113033,1.5675389875013934e-08
little,11.0,0.16793893129770993,94.4700077765319,-13.805514320629676,0.0,-2.0,33.38479611473036,-8.438585898928803,55.22090848449773,-15.662448894230726,76.2299605231058,-25.022990141351944,55.22090848449773,-15.662448894230726,76.2299605231058,-25.022990141351944,65.72543450380176,-20.342719517791334,28.0,1.4785607589846386,53.172226644732646,1.5867314573370095e-08
little,11.5,0.17557251908396945,94.19807549926682,-14.892537416566247,0.0,-2.0,33.32778660306799,-8.727454209458568,55.05669372228445,-16.267652841090527,75.88360605587292,-26.026736950217817,55.05669372228445,-16.267652841090527,75.88360605587292,-26.026736950217817,65.47014988907868,-21.147194895654174,28.0,1.400926006593977,52.61034852064706,1.607057242836163e-08
little,12.0,0.183206106870229,93.91229683461947,-15.976355122639719,0.0,-2.0,33.26827765198701,-9.015817990106456,54.885397095387845,-16.870762100012136,75.52261017348454,-27.024846813526928,54.885397095387845,-16.870762100012136,75.52261017348454,-27.024846813526928,65.20400363443619,-21.947804456769532,28.0,1.32276087986547,52.05130526399776,1.628571766332243e-08
little,12.5,0.19083969465648856,93.61269894275216,-17.056769241690255,0.0,-2.0,33.20627372440061,-9.303655614839851,54.70704664170658,-17.47168866805665,75.1470697690337,-28.017088354855268,54.70704664170658,-17.47168866805665,75.1470697690337,-28.017088354855268,64.92705820537014,-22.74438851145596,28.0,1.2440591825410046,51.49510675460737,1.6513318712441105e-08
little,13.0,0.1984732824427481,93.29931176725853,-18.13358228486253,0.0,-2.0,33.14177947033437,-9.590945497085537,54.52167154767104,-18.070344931092443,74.757085603045,-29.00323192436069,54.52167154767104,-18.070344931092443,74.757085603045,-29.00323192436069,64.63937857535802,-23.536788427726567,28.0,1.1648145405809842,50.94176418283789,1.6754057696743985e-08
little,13.5,0.20610687022900764,92.97216798548709,-19.206597527459902,0.0,-2.0,33.074799726577574,-9.877666091348623,54.32930214272009,-18.6666436793387,74.3527622719721,-29.983049665881218,54.32930214272009,-18.6666436793387,74.3527622719721,-29.983049665881218,64.34103220734609,-24.324846672609958,28.0,1.0850203757565708,50.39129010593902,1.700858121012061e-08
little,14.0,0.21374045801526717,92.63130295644049,-20.275619062395002,0.0,-2.0,33.00533951632045,-10.163795894828331,54.129969893562176,-19.26049812282919,73.93420817550209,-30.956315583449264,54.129969893562176,-19.26049812282919,73.93420817550209,-30.956315583449264,64.03208903453213,-25.10840685313923,28.0,1.0046698788564612,49.843698505196556,1.7277564268169954e-08
little,14.5,0.22137404580152673,92.27675466631314,-21.34045185115124,0.0,-2.0,32.93340404877743,-10.449313449030644,53.923707398221914,-19.851821906793376,73.50153548267778,-31.922805607200367,53.923707398221914,-19.851821906793376,73.50153548267778,-31.922805607200367,63.71262144044985,-25.88731375699687,28.0,0.9237559825085171,49.29900484401135,1.7561774257046636e-08
little,15.0,0.22900763358778625,91.90856367172955,-22.40090177217268,0.0,-2.0,32.85899871879654,-10.734197341377572,53.71054837987337,-20.440529126951695,73.05486009684893,-32.882297658654984,53.71054837987337,-20.440529126951695,73.05486009684893,-32.882297658654984,63.38270423836115,-26.66141339280334,28.0,0.8422713336141747,48.75722612704908,1.7861964352050563e-08
little,15.5,0.2366412213740458,91.52677304074581,-23.45677566660118,0.0,-2.0,32.782129106454754,-11.018426206813023,53.49052768046133,-21.02653434472214,72.59430161946464,-33.834571715352254,53.49052768046133,-21.02653434472214,72.59430161946464,-33.834571715352254,63.042414649962986,-27.430553030037196,28.0,0.7602082653918956,48.218380960611405,1.817895167732786e-08
little,16.0,0.24427480916030533,91.13142829167441,-24.50788138128144,0.0,-2.0,32.70280097663953,-11.301978729405084,53.26368125411166,-21.609752602335057,72.11998331271857,-34.77940987481473,53.26368125411166,-21.609752602335057,72.11998331271857,-34.77940987481473,62.69183228341512,-28.194581238574894,28.0,0.6775587690229585,47.682489614388835,1.8513553357024648e-08
little,16.5,0.25190839694656486,90.72257732979133,-25.554027808958836,0.0,-2.0,32.62102027861648,-11.584833643944615,53.03004616033245,-22.190099437853203,71.6320320610597,-35.71659641782345,53.03004616033245,-22.190099437853203,71.6320320610597,-35.71659641782345,62.331039110696075,-28.95334792783833,28.0,0.594314464889095,47.14957408477237,1.8866735729261563e-08
little,17.0,0.2595419847328244,90.30027038198278,-26.59502492559262,0.0,-2.0,32.53679314558318,-11.866969737540051,52.789660557006926,-22.767490900094167,71.13057833158163,-36.645917870982814,52.789660557006926,-22.767490900094167,71.13057833158163,-36.645917870982814,61.96011944429428,-29.70670438553849,28.0,0.5104665733904774,46.61965815990638,1.923942960502245e-08
little,17.5,0.26717557251908397,89.86455992938588,-27.630683824712396,0.0,-2.0,32.45012589420924,-12.148365851208291,52.54256369317977,-23.34184356345216,70.61575613330328,-37.567163068555104,52.54256369317977,-23.34184356345216,70.61575613330328,-37.567163068555104,61.579159913241526,-30.45450331600363,28.0,0.42600588532787853,46.09276748668636,1.9632622638710018e-08
little,18.0,0.2748091603053435,89.41550063807583,-28.66081674874391,0.0,-2.0,32.36102502416255,-12.42900088146151,52.288795901638295,-23.91307454261631,70.08770297535504,-38.48012321354467,52.288795901638295,-23.91307454261631,70.08770297535504,-38.48012321354467,61.18824943849667,-31.196598878080493,28.0,0.34092273183083677,45.56892963991518,2.004738774985526e-08
little,18.5,0.2824427480916031,88.9531492878483,-29.68523711723201,0.0,-2.0,32.26949721762184,-12.708853781889838,52.028398591289886,-24.481101507182537,69.54655982408413,-39.38459193801198,52.028398591289886,-24.481101507182537,69.54655982408413,-39.38459193801198,60.78747920768701,-31.932846722597258,28.0,0.25520695380983227,45.04817419384886,2.0484897333972185e-08
little,19.0,0.2900763358778626,88.47756469914202,-30.703759551889462,0.0,-2.0,32.17554933877555,-12.987903564739748,51.7614142393373,-25.045842696156164,68.99247105909342,-40.28036536259819,51.7614142393373,-25.045842696156164,68.99247105909342,-40.28036536259819,60.37694264921536,-32.66310402937718,28.0,0.16884787090672404,44.53053279638128,2.0946288259438006e-08
little,19.5,0.29770992366412213,87.9888076581444,-31.716199898398266,0.0,-2.0,32.07918843330704,-13.266129302488057,51.48788638325347,-25.607216932342453,68.4255844282288,-41.167242155241,51.48788638325347,-25.607216932342453,68.4255844282288,-41.167242155241,59.956735405741135,-33.387229543791726,28.0,0.08183424991573673,44.01603924613306,2.143290345202331e-08
little,20.0,0.3053435114503817,87.48694084011572,-32.722375244892106,0.0,-2.0,31.980421727866204,-13.54351012941138,51.207859612557314,-26.165143636622133,67.84605100152959,-42.04502358906285,51.207859612557314,-26.165143636622133,67.84605100152959,-42.04502358906285,59.52695530704345,-34.10508361284249,28.0,0.005845727359243824,43.504729572732906,2.1946036099507182e-08
little,20.5,0.31297709923664124,86.9720287309664,-33.722103937044885,0.0,-2.0,31.879256629527507,-13.82002524315098,50.92137956039227,-26.719542842109266,67.25402512415795,-42.91351359941291,50.92137956039227,-26.719542842109266,67.25402512415795,-42.91351359941291,59.08770234227511,-34.816528220761086,28.0,0.0942044968459399,42.996642120599205,2.2487121498215856e-08
little,21.0,0.32061068702290074,86.44413754711314,-34.71520558969071,0.0,-2.0,31.775700725234465,-14.095653906272855,50.628492894909286,-27.270335208188584,66.64966436832249,-43.77251884004443,50.628492894909286,-27.270335208188584,66.64966436832249,-43.77251884004443,58.63907863161589,-35.521427024116505,28.0,0.18325514558540235,42.491817636554025,2.3057758369304793e-08
little,21.5,0.3282442748091603,85.90333515363682,-35.70150109489689,0.0,-2.0,31.669761781230672,-14.370375447822955,50.32924731045597,-27.81744203442956,66.0331294842127,-44.6218487384095,50.32924731045597,-27.81744203442956,66.0331294842127,-44.6218487384095,58.18118839733433,-36.21964538641953,28.0,0.27301144579869785,41.990299361627386,2.365948859051059e-08
little,22.0,0.33587786259541985,85.34969098075752,-36.68081262641034,0.0,-2.0,31.561447742477366,-14.644169264877409,50.02369151857367,-28.360785274374546,65.40458434995996,-45.46131555005342,50.02369151857367,-28.360785274374546,65.40458434995996,-45.46131555005342,57.714137934266816,-36.91105041221398,28.0,0.3634878896881588,41.49213312743785,2.4294088518672652e-08
little,22.5,0.3435114503816794,84.78327593863645,-37.65296364039158,0.0,-2.0,31.450766732057577,-14.917014824087664,49.711875238804375,-28.900287549198183,64.76419592064252,-46.29073441209127,49.711875238804375,-28.900287549198183,64.76419592064252,-46.29073441209127,57.238035579723444,-37.595510980644725,28.0,0.45469972502746714,40.997367457562916,2.4963370037767163e-08
little,23.0,0.3511450381679389,84.20416233050645,-38.617778872349994,0.0,-2.0,31.33772705056695,-15.188891663220385,49.393849189309165,-29.4358721612355,64.11213417635084,-47.10992339574945,49.393849189309165,-29.4358721612355,64.11213417635084,-47.10992339574945,56.75299168283,-38.27289777849248,28.0,0.5466629916005772,40.50605367435164,2.5669322667454253e-08
little,23.5,0.35877862595419846,83.61242376412639,-39.575084330185035,0.0,-2.0,31.22233717549124,-15.45977939269205,49.0696650773003,-29.96746310737607,63.4485720693312,-47.918703557955666,49.0696650773003,-29.96746310737607,63.4485720693312,-47.918703557955666,56.259118573315746,-38.943083332665864,28.0,0.6393945585538283,40.01824601166118,2.641405671965913e-08
little,24.0,0.366412213740458,83.00813506154614,-40.52470728323472,0.0,-2.0,31.104605760570507,-15.729657697098062,48.7393755892886,-30.494985092321443,62.773685470224706,-48.716898991960505,48.7393755892886,-30.494985092321443,62.773685470224706,-48.716898991960505,55.75653052975665,-39.605942042140974,28.0,0.7329121627319459,39.53400173404273,2.719979619314472e-08
little,24.5,0.37404580152671757,82.39137216716014,-41.4664762472246,0.0,-2.0,30.984541635150148,-15.998506336736327,48.40303438114843,-31.018363541703525,62.08765311342011,-49.50433687697476,48.40303438114843,-31.018363541703525,62.08765311342011,-49.50433687697476,55.24534374728427,-40.26135020933914,28.0,0.8272344480747016,39.05338126294447,2.8028942722357897e-08
little,25.0,0.3816793893129771,81.76221205401833,-42.40022096500331,0.0,-2.0,30.862153803518726,-16.266305149125145,48.06069606800202,-31.537524615061123,61.390656541538334,-50.28084752680651,48.06069606800202,-31.537524615061123,61.390656541538334,-50.28084752680651,54.725676304770175,-40.90918607093381,28.0,0.9223810061573801,38.57644831054673,2.8904054261147394e-08
little,25.5,0.3893129770992366,81.12073262835386,-43.32577238294025,0.0,-2.0,30.737451444232697,-16.533034050515305,47.71241621392524,-32.052395218672224,60.68288004906734,-51.046264437482556,47.71241621392524,-32.052395218672224,60.68288004906734,-51.046264437482556,54.197648131496294,-41.54932982807739,28.0,1.0183724179644784,38.1032700218944,2.982785929361853e-08
little,26.0,0.3969465648854962,80.46701263227581,-44.2429626228524,0.0,-2.0,30.610443909428046,-16.79867303739627,47.358251321477034,-32.56290301823952,59.964510625166255,-51.80042433383912,47.358251321477034,-32.56290301823952,59.964510625166255,-51.80042433383912,53.66138097332164,-42.18166367603932,28.0,1.115230296994195,37.63391712605232,3.08033420992615e-08
little,26.5,0.40458015267175573,79.80113154456345,-45.151624949314936,0.0,-2.0,30.481140724118923,-17.06320218799638,46.99825882105441,-33.068976451426636,59.23573789565756,-52.54316721506686,46.99825882105441,-33.068976451426636,59.23573789565756,-52.54316721506686,53.116998358355985,-42.80607183324675,28.0,1.2129773337991985,37.16846409707086,3.183367169867779e-08
little,27.0,0.4122137404580153,79.12316947948847,-46.05159373219588,0.0,-2.0,30.3495515854833,-17.326601663776874,46.63249706007531,-33.570544740242745,58.49675406422702,-53.27433639919603,46.63249706007531,-33.570544740242745,58.49675406422702,-53.27433639919603,52.564625562151164,-43.422440569719384,28.0,1.311637342075585,36.706989325614984,3.292217343187076e-08
little,27.5,0.4198473282442748,78.43320708357595,-46.942704404243216,0.0,-2.0,30.21568636213575,-17.58885171091969,46.26102529199153,-34.067537903272964,57.747753852850686,-53.99377856650753,46.26102529199153,-34.067537903272964,57.747753852850686,-53.99377856650753,52.004389572421104,-44.03065823489025,28.0,1.4112353064237233,36.24957530219289,3.407254212106636e-08
little,28.0,0.42748091603053434,77.7313254302025,-47.82479341353383,0.0,-2.0,30.0795550933873,-17.849932661808953,45.883903665133744,-34.55988676775239,56.98893444146893,-54.70134380185616,45.883903665133744,-34.55988676775239,56.98893444146893,-54.70134380185616,51.436419053301336,-44.63061528480428,28.0,1.5117974319122247,35.796308813000465,3.5288664435029204e-08
little,28.5,0.4351145038167939,77.01760591191567,-48.697698170576,0.0,-2.0,29.941167988492577,-18.10982493650591,45.501193211391126,-35.04752298148124,56.220495406927604,-55.39688563589297,45.501193211391126,-35.04752298148124,56.220495406927604,-55.39688563589297,50.86084430915936,-45.222204308687104,28.0,1.6133511955865458,35.3472811494899,3.657476810303706e-08
little,29.0,0.44274809160305345,76.29213013034018,-49.56125698983839,0.0,-2.0,29.80053542588411,-18.368509044217376,45.112955834727615,-35.53037902457887,55.442638661206644,-56.08026108517339,45.112955834727615,-35.53037902457887,55.442638661206644,-56.08026108517339,50.27779724796713,-45.805320054876134,28.0,1.7159254000767667,34.90258833288233,3.793540059859879e-08
little,29.5,0.45038167938931295,75.55497978352275,-50.41530902545248,0.0,-2.0,29.657667952394043,-18.625965584757456,44.7192542995374,-36.00838822107444,54.655568388956766,-56.75133069113895,44.7192542995374,-36.00838822107444,54.655568388956766,-56.75133069113895,49.68741134424708,-46.3798594561067,28.0,1.8195502294680992,34.46233135494856,3.9375429139454354e-08
little,30.0,0.4580152671755725,74.80623655054515,-51.259694200813364,0.0,-2.0,29.512576282463115,-18.882175250002458,44.32015221884168,-36.4814847503318,53.85949098436496,-57.409958557960124,44.32015221884168,-36.4814847503318,53.85949098436496,-57.409958557960124,49.08982160160332,-46.94572165414596,28.0,1.9242573076132885,34.02661643652011,4.090018279612195e-08
little,30.5,0.46564885496183206,74.0459819732178,-52.094253131772916,0.0,-2.0,29.365271297337163,-19.137118825338938,43.915714042329355,-36.94960365830663,53.05461498736973,-58.05601238922862,43.915714042329355,-36.94960365830663,53.05461498736973,-58.05601238922862,48.485164514849544,-47.50280802376763,28.0,2.0300797590780135,33.59555530532709,4.251531038335088e-08
little,31.0,0.4732824427480916,73.27429733464322,-52.91882704308962,0.0,-2.0,29.215764044251063,-19.390777191104682,43.50600504424387,-37.412680868633444,52.24115101924755,-58.68936352348772,43.50600504424387,-37.412680868633444,52.24115101924755,-58.68936352348772,47.87357803174571,-48.051022196060586,28.0,2.1370522729262404,33.16926549492347,4.422704336093375e-08
little,31.5,0.48091603053435117,72.49126353441466,-53.73325767776361,0.0,-2.0,29.064065735600224,-19.643131324022647,43.09109131111875,-37.870653193540434,51.41931171759175,-59.30988696858955,43.09109131111875,-37.870653193540434,51.41931171759175,-59.30988696858955,47.25520151435525,-48.59027008106499,28.0,2.245211169569245,32.74787066663452,4.604205372515935e-08
little,32.0,0.48854961832061067,71.69696096019054,-54.53738719884732,0.0,-2.0,28.910187748099727,-19.89416229862757,42.67103972936427,-38.32345834459004,50.589311670705406,-59.91746143486882,42.67103972936427,-38.32345834459004,50.589311670705406,-59.91746143486882,46.63017570003484,-49.12045988972943,28.0,2.3545944709188475,32.33150095666071,4.796758901193243e-08
little,32.5,0.4961832061068702,70.89146935535847,-55.331058083276744,0.0,-2.0,28.75414162193111,-20.143851288685344,42.24591797270777,-38.771034943243095,49.7513673514304,-60.511969367122674,42.24591797270777,-38.771034943243095,49.7513673514304,-60.511969367122674,45.99864266206909,-49.641502155182884,28.0,2.4652419741042344,31.920293350689523,5.001152203476522e-08
little,33.0,0.5038167938931297,70.07486768246885,-56.1141130072238,0.0,-2.0,28.59593905987691,-20.392179568604863,41.81579448949016,-39.21332253124464,48.905697050434135,-61.09329697538694,41.81579448949016,-39.21332253124464,48.905697050434135,-61.09329697538694,45.36074576996215,-50.153309753315796,28.0,2.577195329034918,31.514392088622916,5.2182386411914194e-08
little,33.5,0.5114503816793893,69.24723398208961,-56.88639472241251,0.0,-2.0,28.43559192644298,-20.63912851484239,41.38073848982113,-39.65026158082925,48.05252080897651,-61.6613342644993,41.38073848982113,-39.65026158082925,48.05252080897651,-61.6613342644993,44.71662964939882,-50.65579792266428,28.0,2.6904981201118616,31.113949102297855,5.4489504464072525e-08
little,34.0,0.5190839694656488,68.40864522669358,-57.647745922784445,0.0,-2.0,28.273112246968754,-20.884679607298224,40.9408199325957,-40.081793504744056,47.19206035117923,-62.215975062440464,40.9408199325957,-40.081793504744056,47.19206035117923,-62.215975062440464,44.06644014188747,-51.14888428359226,28.0,2.8051959524166143,30.719124489396744,5.694300142522479e-08
little,34.5,0.5267175572519084,67.5591771691529,-58.39800910083059,0.0,-2.0,28.108512206725347,-21.12881443070564,40.49610951237477,-40.50786066608748,46.32453901582006,-62.75711704744478,40.49610951237477,-40.50786066608748,46.32453901582006,-62.75711704744478,43.41032426409741,-51.63248885676613,28.0,2.9213365427331226,30.330087027094958,5.955392623491207e-08
little,35.0,0.5343511450381679,66.69890418536961,-59.13702639283239,0.0,-2.0,27.941804150001733,-21.37151467601194,40.04667864613215,-40.92840638796176,45.45018168767456,-63.28466177387203,40.04667864613215,-40.92840638796176,45.45018168767456,-63.28466177387203,42.748430166903354,-52.106534080916894,28.0,3.0389698157882457,29.947014729392688,6.233431548707813e-08
little,35.5,0.5419847328244275,65.82789911052525,-59.86463941217,0.0,-2.0,27.773000579178987,-21.61276214175157,39.59259945987094,-41.343374962937474,44.56921472842822,-63.798514696832754,39.59259945987094,-41.343374962937474,44.56921472842822,-63.798514696832754,42.08090709414958,-52.570944829885114,28.0,3.1581480061276075,29.570095452525777,6.529738527660811e-08
little,36.0,0.549618320610687,64.94623306837713,-60.58068906976305,0.0,-2.0,27.602114153792648,-21.852538735411134,39.13394477511183,-41.75271166232826,43.68186590718176,-64.29858519555982,39.13394477511183,-41.75271166232826,43.68186590718176,-64.29858519555982,41.407905341146794,-53.02564842894404,28.0,3.2789257660811373,29.199527553364682,6.845755962103794e-08
little,36.5,0.5572519083969466,64.0539752929736,-61.285015380601415,0.0,-2.0,27.429157689583317,-22.090826474786258,38.67078809525611,-42.15636274527385,42.78836433057282,-64.78478659551925,38.67078809525611,-42.15636274527385,42.78836433057282,-64.78478659551925,40.729576212914466,-53.47057467039655,28.0,3.4013602803087792,28.835520606283424,7.18306978342298e-08
little,37.0,0.5648854961832062,63.15119294209224,-61.97745725520685,0.0,-2.0,27.25414415753551,-22.32760748933019,38.203203591826025,-42.55427546762988,41.88894037253691,-65.25703618925391,38.203203591826025,-42.55427546762988,41.88894037253691,-65.25703618925391,40.046071982181466,-53.905655828441894,28.0,3.525511387462398,28.4782961846434,7.543415847521828e-08
little,37.5,0.5725190839694656,62.237950901636,-62.65785227473036,0.0,-2.0,27.07708668290493,-22.562864021493997,37.731266090585436,-42.94639809066258,40.983825603731255,-65.71525525595405,37.731266090585436,-42.94639809066258,40.983825603731255,-65.71525525595405,39.35754584715835,-54.330826673308316,28.0,3.6514417095445992,28.128088713781917,7.928706935445007e-08
little,38.0,0.5801526717557252,61.3143115801403,-63.326036448240274,0.0,-2.0,26.897998544234092,-22.796578428058325,37.255051057543376,-43.33267988954692,40.07325272064461,-66.1593690797491,37.255051057543376,-43.33267988954692,40.07325272064461,-66.1593690797491,38.66415188909399,-54.746024484648004,28.0,3.7792167895981272,27.785146403251872,8.341052648574987e-08
little,38.5,0.5877862595419847,60.38033469245586,-63.98184395058361,0.0,-2.0,26.716893172356496,-23.02873318145653,36.77463458484346,-43.71307116166621,39.15745547441671,-66.58930696671537,36.77463458484346,-43.71307116166621,39.15745547441671,-66.58930696671537,37.96604502963008,-55.15118906419079,28.0,3.908905238415752,27.449732267034914,8.782773619486761e-08
little,39.0,0.5954198473282443,59.436077031571344,-64.62510683901088,0.0,-2.0,26.533784149389408,-23.2593108710892,36.290093376542,-44.08752323471218,38.23666859939079,-67.00500226059526,36.290093376542,-44.08752323471218,38.23666859939079,-67.00500226059526,37.2633809879664,-55.54626274765372,28.0,4.040578891023575,27.122125241571727,9.256438460170102e-08
little,39.5,0.6030534351145038,58.48159222742865,-65.25565474653281,0.0,-2.0,26.348685207715214,-23.488294204629867,35.801504734277486,-44.45598847458342,37.311127741422816,-67.40639235722342,35.801504734277486,-44.45598847458342,37.311127741422816,-67.40639235722342,36.556316237850154,-55.93119041590342,28.0,4.174312973759456,26.802621412737594,9.764892894281729e-08
little,40.0,0.6106870229007634,57.51693049145766,-65.8733145497278,0.0,-2.0,26.16161022895158,-23.71566600932184,35.308946542834605,-44.81842029308103,36.38106938597124,-67.79341871765605,35.308946542834605,-44.81842029308103,36.38106938597124,-67.79341871765605,35.845007964402924,-56.30591950536854,28.0,4.310186282845272,26.491535364374087,1.0311291021025681e-07
little,40.5,0.6183206106870229,56.54213834541635,-66.47791000843216,0.0,-2.0,25.97257324291037,-23.94140923326613,34.81249725560548,-45.174773155400004,35.446730785990916,-68.16602688000003,34.81249725560548,-45.174773155400004,35.446730785990916,-68.16602688000003,35.1296140207982,-56.67040001770002,28.0,4.448281375435155,26.189201662692827,1.0899136526631992e-07
little,41.0,0.6259541984732825,55.55725833296104,-67.06926137441995,0.0,-2.0,25.781588426545508,-24.165506946700198,34.312235879951196,-45.52500258741473,34.508349889655065,-68.52416646993876,34.312235879951196,-45.52500258741473,34.508349889655065,-68.52416646993876,34.41029288480313,-57.02458452867675,28.0,4.58868477421667,25.89597649284936,1.1532331001262719e-07
little,41.5,0.6335877862595419,54.56232871219274,-67.64718496580227,0.0,-2.0,25.588670102889708,-24.38794234326769,33.8082419624664,-45.869065182757595,33.56616526792915,-68.86779120995227,33.8082419624664,-45.869065182757595,33.56616526792915,-68.86779120995227,33.687203615197774,-57.368428196354934,28.0,4.731487186744221,25.61223946627071,1.2215226519174394e-07
little,42.0,0.6412213740458015,53.55738312721951,-68.2114927034473,0.0,-2.0,25.39383273998037,-24.60869874127879,33.300595574150115,-46.206918609689055,32.62041604202048,-69.1968589272295,33.300595574150115,-46.206918609689055,32.62041604202048,-69.1968589272295,32.9605058080853,-57.70188876845928,28.0,4.876783740798924,25.338395619988255,1.2952688166478765e-07
little,42.5,0.648854961832061,52.54245025654153,-68.76199160522562,0.0,-2.0,25.19709094977449,-24.827759584961292,32.78937729548568,-46.53852161775801,31.671341810727736,-69.51133156027096,32.78937729548568,-46.53852161775801,31.671341810727736,-69.51133156027096,32.23035955310671,-58.024926589014484,28.0,5.024674237197242,25.074877632335962,1.3750170779758264e-07
little,43.0,0.6564885496183206,51.517553435800096,-69.29848323331208,0.0,-2.0,24.998459487052884,-25.045108445702216,32.27466820143272,-46.86383404425134,30.719182577713966,-69.81117516418078,32.27466820143272,-46.86383404425134,30.719182577713966,-69.81117516418078,31.49692538957334,-58.337504604216065,28.0,5.175263421610733,24.82214828300241,1.4613791421425049e-07
little,43.5,0.6641221374045801,50.48271025212691,-69.82076308911243,0.0,-2.0,24.797953248313572,-25.260729023279865,31.756549846334288,-47.18281682043127,29.76417867872733,-70.09635991464715,31.756549846334288,-47.18281682043127,29.76417867872733,-70.09635991464715,30.760364262530807,-58.63958836753921,28.0,5.328661277117195,24.58070318968967,1.555044093493052e-07
little,44.0,0.6717557251908397,49.437932106981705,-70.32861994960993,0.0,-2.0,24.595587270654672,-25.474605147086283,31.23510424874222,-47.495431977559456,28.806570708793547,-70.36686011061106,31.23510424874222,-47.495431977559456,28.806570708793547,-70.36686011061106,30.020837478767884,-58.93114604408525,28.0,5.484983339377116,24.351073858638305,1.656788839454748e-07
little,44.5,0.6793893129770993,48.38322374396424,-70.82183513802848,0.0,-2.0,24.39137673064663,-25.68672077733999,30.710413876163575,-47.80164265270679,27.84659944940375,-70.62265417562317,30.710413876163575,-47.80164265270679,27.84659944940375,-70.62265417562317,29.278506662783663,-59.21214841416498,28.0,5.6443510365231155,24.133831092191166,1.7674928187716432e-07
little,45.0,0.6870229007633588,47.31858273762096,-71.3001817206566,0.0,-2.0,24.185336943194088,-25.897060006288875,30.182561629731506,-48.10141309434767,26.884505795722134,-70.86372465788965,30.182561629731506,-48.10141309434767,26.884505795722134,-70.86372465788965,28.533533712726822,-59.48256887611866,28.0,5.806892056066953,23.929588803572063,1.888152922902009e-07
little,45.5,0.6946564885496184,46.24399893873192,-71.76342362044032,0.0,-2.0,23.97748336038729,-26.105607059403226,29.651630828803306,-48.394708667737916,25.92053068383681,-71.09005822900775,29.651630828803306,-48.394708667737916,25.92053068383681,-71.09005822900775,27.786080756320057,-59.742383448372834,28.0,5.972740741366149,23.739008297361117,2.0199028938350239e-07
little,46.0,0.7022900763358778,45.15945387093545,-72.21131463649938,0.0,-2.0,23.76783157034328,-26.312346296558733,29.117705195489098,-48.6814958600752,24.95491501807834,-71.30164568139276,29.117705195489098,-48.6814958600752,24.95491501807834,-71.30164568139276,27.036310106783716,-59.99157077073398,28.0,6.142038520460719,23.562803084070527,2.1640360614583187e-07
little,46.5,0.7099236641221374,44.064920072819504,-72.64359735699976,0.0,-2.0,23.556397296036835,-26.517262213209463,28.580868839113858,-48.96174228544123,23.98789959842925,-71.49848192439799,28.580868839113858,-48.96174228544123,23.98789959842925,-71.49848192439799,26.284384218771557,-60.23011210491961,28.0,6.31493437038532,23.401744309080033,2.3220319178562931e-07
little,47.0,0.7175572519083969,42.96036037875217,-73.06000195077395,0.0,-2.0,23.343196394121318,-26.720339441550585,28.041206240616283,-49.235416689524584,23.01972504804889,-71.68056597913039,28.041206240616283,-49.235416689524584,23.01972504804889,-71.68056597913039,25.530465644332587,-60.45799133432749,28.0,6.4915853203920015,23.256666890447157,2.495588660167414e-07
little,47.5,0.7251908396946565,41.84572713071702,-73.46024482064549,0.0,-2.0,23.128244853739506,-26.92156275167093,27.498802236887375,-49.50248895412356,22.050631740937,-71.84790097196418,27.498802236887375,-49.50248895412356,22.050631740937,-71.84790097196418,24.77471698891219,-60.675194963043865,28.0,6.672156997882727,23.12847647729516,2.6866618441090395e-07
little,48.0,0.732824427480916,40.72096131222911,-73.84402709849967,0.0,-2.0,22.911558795324467,-27.12091705269515,26.953742005051936,-49.762930101428196,21.080859729759833,-72.00049412675615,26.953742005051936,-49.762930101428196,21.080859729759833,-72.00049412675615,24.017300867405886,-60.881712114092174,28.0,6.8568242212541115,23.018157361307807,2.8975112087437083e-07
little,48.5,0.7404580152671756,39.58599159399128,-74.2110329586369,0.0,-2.0,22.69315446939059,-27.318387393915472,26.406111046696243,-50.0167122980806,20.11064867386267,-72.13835675576586,26.406111046696243,-50.0167122980806,20.11064867386267,-72.13835675576586,23.258379860279454,-61.07753452692323,28.0,7.045771644303631,22.92678149920859,3.130758088332186e-07
little,49.0,0.7480916030534351,38.44073327926462,-74.5609277217076,0.0,-2.0,22.47304825531488,-27.513958965912934,25.85599517204487,-50.26380885901304,19.140237767491918,-72.261504249285,25.85599517204487,-50.26380885901304,19.140237767491918,-72.261504249285,22.498116469768394,-61.26265655414902,28.0,7.239194457334957,22.855518835082346,3.3894551876301193e-07
little,49.5,0.7557251908396947,37.285087134899854,-74.89335571637994,0.0,-2.0,22.251256660108552,-27.70761710166803,25.30348048409,-50.50419425106307,18.16986566825055,-72.36995606398045,25.30348048409,-50.50419425106307,18.16986566825055,-72.36995606398045,21.736673076170277,-61.43707515752176,28.0,7.437299150636747,22.80564914947595,3.677172202287693e-07
little,50.0,0.7633587786259542,36.11893809153105,-75.2079378596054,0.0,-2.0,22.027796317179135,-27.89934727766067,24.74865336267636,-50.73784409636501,17.199770425810325,-72.46373570995576,24.74865336267636,-50.73784409636501,17.199770425810325,-72.46373570995576,20.974211894243343,-61.60078990316038,28.0,7.64030434659206,22.778575709245544,3.9981006949574294e-07
little,50.5,0.7709923664122137,34.94215379346683,-75.50426890862217,0.0,-2.0,21.802683985082968,-28.089135114959383,24.191600448544857,-50.964735175517376,16.23018941090371,-72.54287073653668,24.191600448544857,-50.964735175517376,16.23018941090371,-72.54287073653668,20.210894929724283,-61.75380295602703,28.0,7.848441707300367,22.775841050517478,4.357188032599879e-07
little,51.0,0.7786259541984732,33.75458297518426,-75.78191432829095,0.0,-2.0,21.5759365462684,-28.27696638029968,23.632408627338236,-51.18484543052561,15.261359244619046,-72.60739271678634,23.632408627338236,-51.18484543052561,15.261359244619046,-72.60739271678634,19.44688393597864,-61.896119073655974,28.0,8.061956925261477,22.79914530010007,4.7602991060102795e-07
little,51.5,0.7862595419847328,32.55605363687151,-76.0404067054822,0.0,-2.0,21.34757100580972,-28.462826987151473,23.071165013572045,-51.398153967519676,14.293515728022038,-72.65733723075638,23.071165013572045,-51.398153967519676,14.293515728022038,-72.65733723075638,18.682340370797043,-62.02774559913803,28.0,8.281110805359717,22.850367532380517,5.214425939925604e-07
little,52.0,0.7938931297709924,31.346370985932097,-76.27924162735812,0.0,-2.0,21.1176044901318,-28.646702996775513,22.5079569345738,-51.60464105924606,13.32689377212606,-72.6927438474806,22.5079569345738,-51.60464105924606,13.32689377212606,-72.6927438474806,17.91742535334993,-62.14869245336333,28.0,8.506180447087019,22.931590774754415,5.727949599076965e-07
little,52.5,0.8015267175572519,30.125315104456604,-76.4978729216232,0.0,-2.0,20.886054245725727,-28.82858061926874,21.942871914393905,-51.80428814733392,12.361727328234622,-72.71365610571829,21.942871914393905,-51.80428814733392,12.361727328234622,-72.71365610571829,17.152299621314263,-62.2589721265261,28.0,8.737460536614918,23.045131422416215,6.310976345957897e-07
little,53.0,0.8091603053435115,28.892638293964836,-76.69570713294436,0.0,-2.0,20.652937637855356,-29.008446214598457,21.37599765769132,-51.99707784433481,11.398249318678275,-72.72012149345457,21.37599765769132,-51.99707784433481,11.398249318678275,-72.72012149345457,16.3871234881848,-62.35859966889469,28.0,8.975264758917337,23.193574012971673,6.975772635087196e-07
little,53.5,0.816793893129771,27.648062037655322,-76.87209707912386,0.0,-2.0,20.41827214925501,-29.18628629362527,20.807422033597344,-52.18299393553602,10.436691567968689,-72.71219142616583,20.807422033597344,-52.18299393553602,10.436691567968689,-72.71219142616583,15.622056800783017,-62.447592680850924,28.0,9.219927340580512,23.37981255660298,7.737328289181278e-07
little,54.0,0.8244274809160306,26.39127350619829,-77.02633429098074,0.0,-2.0,20.182075378818354,-29.362087519114727,20.237233059560648,-52.36202138054692,9.477284734392203,-72.68992122385845,20.237233059560648,-52.36202138054692,9.477284734392203,-72.68992122385845,14.857258896976425,-62.525971302202684,28.0,9.471804734079797,23.607099937392583,8.614098163661765e-07
little,54.5,0.8320610687022901,25.121921514676004,-77.15764008810676,0.0,-2.0,19.944365040278544,-29.53583670673755,19.66551888517678,-52.53414631465841,8.520258242064862,-72.6533700868893,19.66551888517678,-52.53414631465841,8.520258242064862,-72.6533700868893,14.092888563620821,-62.59375820077385,28.0,9.731277453974933,23.879107322390368,9.628987456267168e-07
little,55.0,0.8396946564885496,23.839611814090162,-77.26515497425902,0.0,-2.0,19.70515896087978,-29.707520826058392,19.092367776005478,-52.69935604997517,7.565840213471345,-72.60260107057775,19.092367776005478,-52.69935604997517,7.565840213471345,-72.60260107057775,13.32910399473841,-62.65097856027646,28.0,9.99875207437944,24.199996074407306,1.0810671895455926e-06
little,55.5,0.8473282442748091,22.543901568718297,-77.34792594477172,0.0,-2.0,19.46447508004033,-29.877127001513067,18.517868097378894,-52.85763907632064,6.614257402509292,-72.53768105861798,18.517868097378894,-52.85763907632064,6.614257402509292,-72.53768105861798,12.566062749944093,-62.69766006746931,28.0,10.27466339475922,24.57450541567988,1.2195394631930867e-06
little,56.0,0.8549618320610687,21.234292827316494,-77.40489117477,0.0,-2.0,19.222331448007164,-30.044642513374185,17.942108298204033,-53.0089850619147,5.665735128060698,-72.45868073530211,17.942108298204033,-53.0089850619147,5.665735128060698,-72.45868073530211,11.803921713132365,-62.733832898608405,28.0,10.559476776949378,25.00806010970896,1.3829440632662227e-06
little,56.5,0.8625954198473282,19.910224737011987,-77.43486138751963,0.0,-2.0,18.978746224502274,-30.21005479870503,17.365176894762694,-53.153384853823965,4.7204972081122545,-72.36567455656397,17.365176894762694,-53.153384853823965,4.7204972081122545,-72.36567455656397,11.042837051437473,-62.75952970519397,28.0,10.853690649222791,25.50690383124696,1.577259340024284e-06
little,57.0,0.8702290076335878,18.57106416657976,-77.43649696648089,0.0,-2.0,18.73373767736073,-30.373351452301772,16.787162454511947,-53.29083047818486,3.778765894445261,-72.25874071985474,16.787162454511947,-53.29083047818486,3.778765894445261,-72.25874071985474,10.282964174478604,-62.7747855990198,28.0,11.157839161740412,26.07826584919287,1.8103046954820456e-06
little,57.5,0.8778625954198473,17.216094289688826,-77.40827954123208,0.0,-2.0,18.487324181160727,-30.534520227623766,16.20815357988863,-53.42131514019938,2.840761807916648,-72.137961132861,16.20815357988863,-53.42131514019938,2.840761807916648,-72.137961132861,9.52445769390264,-62.77963813653019,28.0,11.47249495934139,26.73057141208731,2.092450394286516e-06
little,58.0,0.8854961832061069,15.844500511428805,-77.34847629743861,0.0,-2.0,18.239524215845524,-30.693549037712028,15.628238892120915,-53.54483322390385,1.9067038743518463,-72.00342138107712,15.628238892120915,-53.54483322390385,1.9067038743518463,-72.00342138107712,8.76747138323638,-62.774127302490484,28.0,11.798272008584103,27.47371020123105,2.4376642286938477e-06
little,58.5,0.8931297709923665,14.455352875240024,-77.25509455616204,0.0,-2.0,17.99035636533757,-30.85042595609566,15.047507015050261,-53.66138029171068,0.9768092610699988,-71.8552106942437,15.047507015050261,-53.66138029171068,0.9768092610699988,-71.8552106942437,8.01215813806013,-62.75829549297718,28.0,12.135828370205399,28.319383037166176,2.865088291059692e-06
little,59.0,0.9007633587786259,13.047583716432058,-77.12582310950103,0.0,-2.0,17.739839316144746,-31.005139217686324,14.466046558966923,-53.770953083723484,0.0512933140620504,-71.69342191166413,14.466046558966923,-53.770953083723484,0.0512933140620504,-71.69342191166413,7.258669936514487,-62.73218749769381,28.0,12.485868735994124,29.281555723527607,3.4014742169574674e-06
little,59.5,0.9083969465648855,11.619958754725332,-76.95795517069268,0.0,-2.0,17.487991855959,-31.15767721966055,13.883946104462247,-53.87354951682576,-0.8696305041583052,-71.51815144641218,13.883946104462247,-53.87354951682576,-0.8696305041583052,-71.51815144641218,6.507157800151971,-62.69585048161897,28.0,12.849146434501296,30.37706221319268,4.085048793456281e-06
little,60.0,0.916030534351145,10.17103890429027,-76.74828521847729,0.0,-2.0,17.23483287224732,-31.308028522329906,13.301294186301012,-53.969168683543415,-1.7857506760107054,-71.3294992484432,13.301294186301012,-53.969168683543415,-1.7857506760107054,-71.3294992484432,5.7577717551451535,-62.64933396599331,28.0,13.226464426223382,31.62642016053715,4.971847602064372e-06
little,60.5,0.9236641221374046,8.699128574653152,-76.49296780185286,0.0,-2.0,16.98038135083528,-31.456181849998913,12.718179277317015,-54.057810850681506,-2.6968576895915763,-71.12756876662283,12.718179277317015,-54.057810850681506,-2.6968576895915763,-71.12756876662283,5.010660793862719,-62.59268980865217,28.0,13.618674509691797,33.054955699426266,6.1464739502525845e-06
little,61.0,0.9312977099236641,7.202203661342708,-76.18731922753345,0.0,-2.0,16.724656374483168,-31.602126091810696,12.134689772334982,-54.13947745773576,-3.602744098685898,-70.91246690968632,12.134689772334982,-54.13947745773576,-3.602744098685898,-70.91246690968632,4.265972836824542,-62.52597218371103,28.0,14.026673463108144,34.69439087085873,7.741158484009247e-06
little,61.5,0.9389312977099237,5.677807824267937,-75.82553041277475,0.0,-2.0,16.467677121454876,-31.745850302580216,11.550913972122252,-54.21417111507897,-4.503204582027571,-70.6843040061428,11.550913972122252,-54.21417111507897,-4.503204582027571,-70.6843040061428,3.5238546950473406,-62.44923756061088,28.0,14.451393999760363,36.585145900281624,9.971228536187482e-06
little,62.0,0.9465648854961832,4.1228818951836885,-75.40020675878093,0.0,-2.0,16.209462864079597,-31.887343703615155,10.966940067373118,-54.28189560192321,-5.398036001790091,-70.44319376313896,10.966940067373118,-54.28189560192321,-5.398036001790091,-70.44319376313896,2.7844520327915134,-62.36254468253109,28.0,14.893817225788954,38.779842390425756,2.2502888441522373e-11
little,62.5,0.9541984732824428,2.5335727968003567,-74.90179234560222,0.0,-2.0,15.950032967306488,-32.026595683524235,10.382856122729272,-54.34265586405797,-6.287037461288449,-70.18925322429669,10.382856122729272,-54.34265586405797,-6.287037461288449,-70.18925322429669,2.0479093307204117,-62.26595454417733,28.0,15.354832308498127,41.34851563580803,3.5932146147388266e-11
little,63.0,0.9618320610687023,0.9047499638505201,-74.31730528309726,0.0,-2.0,15.689406887252405,-32.16359579901304,9.798750060839437,-54.39645801136515,-7.170010361874196,-69.92260272653985,9.798750060839437,-54.39645801136514,-7.170010361874196,-69.92260272653985,1.3143698494826204,-62.159530368952495,28.0,15.835326584173627,44.38769535945369,7.550227110186825e-11
little,63.5,0.9694656488549618,-0.7706853224415795,-73.62841862038975,0.0,-2.0,15.427604169742748,-32.2983337756672,9.214709646461188,-54.44330931511131,-8.046758459005769,-69.64336585592545,9.214709646461188,-54.443309315111314,-8.046758459005769,-69.64336585592547,0.5839755937277094,-62.04333758551839,28.0,16.335986591985893,48.035806940156306,2.1049828546892968e-10
little,64.0,0.9770992366412213,-2.5032764760492157,-72.80750930862757,0.0,-2.0,15.164644448845625,-32.430799508723,8.630822470608432,-54.483218205018076,-8.917087917475882,-69.35166940249533,8.630822470608432,-54.48321820501807,-8.917087917475882,-69.35166940249532,-0.14313272343372496,-61.9174438037567,28.0,16.857118629663667,52.50309557294592,7.564224802081299e-10
little,64.5,0.9847328244274809,-4.310356652160266,-71.80884958227143,0.0,-2.0,14.900547445399376,-32.56098306382506,8.047175934747436,-54.51619426611106,-9.780807365779012,-69.04764331416371,8.047175934747436,-54.51619426611106,-9.780807365779012,-69.04764331416371,-0.8668157155157878,-61.78191879013738,28.0,17.398239990803773,58.13717479458387,3.940641590816085e-09
little,65.0,0.9923664122137404,-6.225468820286103,-70.54433580301038,0.0,-2.0,14.635332965533603,-32.68887467777151,7.463857235044596,-54.542248235348545,-10.637727949601672,-68.73142064965779,7.463857235044596,-54.542248235348545,-10.637727949601672,-68.73142064965779,-1.5869353572785379,-61.63683444250317,28.0,17.9571133046878,65.59960750133722,3.799871706178237e-08
little,65.5,1.0,-8.337387192276978,-68.78547914672866,0.0,-2.0,14.36902089918378,-32.81446475924609,6.880953346669178,-54.56139199803038,-11.48766338441856,-68.40313753052749,6.880953346669178,-54.56139199803039,-11.48766338441856,-68.40313753052749,-2.3033550188746914,-61.48226476427894,28.0,18.526537877540523,76.56406047244853,1.3302346104637763e-06
