q_deg,input_torque_Nm,input_torque_mNm,link 1_Nm,link 2_Nm,link 3_Nm,joint R12_Nm,joint R23_Nm,joint T3_Nm,rod P0-B2_Nm,rod A1-C3_Nm,TCP payload_Nm
0,-0.0175190467723,-17.5190467723,-0.00098064842328,-0.00278316003706,-0.00388218673094,-0.00117677810794,-0.00299796194765,-0.00476641151424,-0.000221424069059,-0.000710475942155,0
0.1,-0.0175083785239,-17.5083785239,-0.000980635189781,-0.00278152157172,-0.00387916686758,-0.00117676222774,-0.00299552012984,-0.00476281360532,-0.00022111728036,-0.00071084165154,0
0.2,-0.0174976307427,-17.4976307427,-0.000980620462699,-0.00277987405682,-0.00387612573739,-0.00117674455524,-0.00299306653,-0.00475918494478,-0.000220810587854,-0.000711203867911,-0
0.3,-0.0174867241003,-17.4867241003,-0.000980602748478,-0.00277820846836,-0.00387304213161,-0.00117672329817,-0.00299058940437,-0.00475549485885,-0.000220504085416,-0.000711559105005,0
0.4,-0.0174756590058,-17.4756590058,-0.00098058204717,-0.0027765248575,-0.0038699161666,-0.0011766984566,-0.00298808882964,-0.00475174350356,-0.00022019776847,-0.000711907376248,0
0.5,-0.0174644358699,-17.4644358699,-0.000980558358839,-0.00277482327554,-0.00386674795915,-0.00117667003061,-0.0029855648827,-0.00474793103559,-0.000219891632557,-0.000712248694904,0
0.6,-0.0174530551045,-17.4530551045,-0.000980531683558,-0.00277310377393,-0.00386353762645,-0.00117663802027,-0.00298301764063,-0.00474405761227,-0.000219585673335,-0.000712583074086,0
0.7,-0.0174415171231,-17.4415171231,-0.000980502021407,-0.00277136640427,-0.00386028528615,-0.00117660242569,-0.00298044718072,-0.00474012339157,-0.000219279886571,-0.000712910526752,0
0.8,-0.0174298223404,-17.4298223404,-0.000980469372477,-0.00276961121828,-0.00385699105627,-0.00117656324697,-0.00297785358045,-0.00473612853209,-0.000218974268146,-0.000713231065716,0
0.9,-0.0174179711725,-17.4179711725,-0.000980433736867,-0.00276783826782,-0.00385365505528,-0.00117652048424,-0.00297523691749,-0.00473207319306,-0.000218668814043,-0.000713544703648,0
1,-0.0174059640366,-17.4059640366,-0.000980395114685,-0.00276604760486,-0.00385027740201,-0.00117647413762,-0.00297259726967,-0.00472795753435,-0.000218363520353,-0.000713851453078,0
1.1,-0.0173938013516,-17.3938013516,-0.000980353506051,-0.0027642392815,-0.00384685821571,-0.00117642420726,-0.002969934715,-0.00472378171643,-0.000218058383269,-0.000714151326403,0
1.2,-0.0173814835374,-17.3814835374,-0.000980308911089,-0.00276241334997,-0.00384339761602,-0.00117637069331,-0.00296724933164,-0.00471954590039,-0.000217753399082,-0.000714444335886,0
1.3,-0.0173690110151,-17.3690110151,-0.000980261329937,-0.00276056986257,-0.00383989572294,-0.00117631359592,-0.00296454119793,-0.00471525024794,-0.000217448564182,-0.000714730493663,0
1.4,-0.0173563842072,-17.3563842072,-0.000980210762738,-0.00275870887176,-0.00383635265687,-0.00117625291529,-0.00296181039235,-0.0047108949214,-0.000217143875052,-0.000715009811746,0
1.5,-0.0173436035374,-17.3436035374,-0.000980157209648,-0.00275683043006,-0.00383276853859,-0.00117618865158,-0.00295905699352,-0.00470648008366,-0.000216839328271,-0.000715282302023,0
1.6,-0.0173306694304,-17.3306694304,-0.000980100670828,-0.00275493459014,-0.00382914348922,-0.00117612080499,-0.00295628108021,-0.00470200589824,-0.000216534920505,-0.000715547976266,0
1.7,-0.0173175823124,-17.3175823124,-0.000980041146453,-0.00275302140471,-0.00382547763027,-0.00117604937574,-0.00295348273132,-0.00469747252922,-0.000216230648512,-0.000715806846133,0
1.8,-0.0173043426105,-17.3043426105,-0.000979978636701,-0.00275109092662,-0.0038217710836,-0.00117597436404,-0.00295066202588,-0.00469288014131,-0.000215926509134,-0.000716058923167,0
1.9,-0.017290950753,-17.290950753,-0.000979913141765,-0.00274914320878,-0.00381802397141,-0.00117589577012,-0.00294781904305,-0.00468822889976,-0.000215622499299,-0.000716304218807,0
2,-0.0172774071695,-17.2774071695,-0.000979844661844,-0.00274717830421,-0.00381423641627,-0.00117581359421,-0.00294495386211,-0.00468351897043,-0.000215318616018,-0.000716542744382,0
2.1,-0.0172637122905,-17.2637122905,-0.000979773197145,-0.00274519626601,-0.00381040854109,-0.00117572783657,-0.00294206656244,-0.00467875051974,-0.000215014856383,-0.000716774511122,0
2.2,-0.0172498665477,-17.2498665477,-0.000979698747888,-0.00274319714734,-0.00380654046911,-0.00117563849747,-0.00293915722354,-0.00467392371468,-0.000214711217562,-0.000716999530154,0
2.3,-0.017235870374,-17.235870374,-0.000979621314299,-0.00274118100145,-0.00380263232392,-0.00117554557716,-0.00293622592502,-0.00466903872282,-0.000214407696803,-0.00071721781251,0
2.4,-0.0172217242031,-17.2217242031,-0.000979540896612,-0.00273914788168,-0.00379868422943,-0.00117544907593,-0.00293327274659,-0.00466409571228,-0.00021410429143,-0.000717429369128,0
2.5,-0.01720742847,-17.20742847,-0.000979457495075,-0.00273709784143,-0.0037946963099,-0.00117534899409,-0.00293029776805,-0.00465909485174,-0.000213800998838,-0.000717634210854,0
2.6,-0.0171929836106,-17.1929836106,-0.00097937110994,-0.00273503093416,-0.00379066868988,-0.00117524533193,-0.00292730106931,-0.00465403631045,-0.000213497816495,-0.000717832348443,0
2.7,-0.0171783900619,-17.1783900619,-0.000979281741471,-0.0027329472134,-0.00378660149427,-0.00117513808977,-0.00292428273033,-0.0046489202582,-0.000213194741941,-0.000718023792567,0
2.8,-0.017163648262,-17.163648262,-0.00097918938994,-0.00273084673275,-0.00378249484827,-0.00117502726793,-0.0029212428312,-0.00464374686533,-0.000212891772783,-0.000718208553813,0
2.9,-0.0171487586498,-17.1487586498,-0.000979094055628,-0.00272872954588,-0.0037783488774,-0.00117491286675,-0.00291818145207,-0.00463851630274,-0.000212588906696,-0.000718386642685,0
3,-0.0171337216654,-17.1337216654,-0.000978995738826,-0.00272659570649,-0.0037741637075,-0.00117479488659,-0.00291509867315,-0.00463322874184,-0.000212286141421,-0.000718558069611,0
3.1,-0.0171185377498,-17.1185377498,-0.000978894439833,-0.00272444526837,-0.00376993946469,-0.0011746733278,-0.00291199457476,-0.00462788435462,-0.000211983474761,-0.000718722844938,0
3.2,-0.0171032073448,-17.1032073448,-0.000978790158958,-0.00272227828533,-0.00376567627541,-0.00117454819075,-0.00290886923725,-0.00462248331357,-0.000211680904586,-0.000718880978943,0
3.3,-0.0170877308934,-17.0877308934,-0.000978682896518,-0.00272009481126,-0.0037613742664,-0.00117441947582,-0.00290572274107,-0.00461702579172,-0.000211378428824,-0.000719032481829,0
3.4,-0.0170721088396,-17.0721088396,-0.000978572652841,-0.00271789490008,-0.00375703356468,-0.00117428718341,-0.00290255516672,-0.00461151196265,-0.000211076045465,-0.000719177363727,0
3.5,-0.017056341628,-17.056341628,-0.000978459428261,-0.00271567860577,-0.00375265429759,-0.00117415131391,-0.00289936659474,-0.00460594200044,-0.000210773752556,-0.000719315634705,0
3.6,-0.0170404297044,-17.0404297044,-0.000978343223124,-0.00271344598234,-0.00374823659273,-0.00117401186775,-0.00289615710576,-0.00460031607969,-0.000210471548203,-0.000719447304761,0
3.7,-0.0170243735154,-17.0243735154,-0.000978224037785,-0.00271119708385,-0.00374378057799,-0.00117386884534,-0.00289292678044,-0.00459463437555,-0.000210169430568,-0.000719572383831,0
3.8,-0.0170081735085,-17.0081735085,-0.000978101872605,-0.00270893196441,-0.00373928638157,-0.00117372224713,-0.00288967569949,-0.00458889706365,-0.000209867397867,-0.000719690881789,0
3.9,-0.0169918301322,-16.9918301322,-0.000977976727957,-0.00270665067815,-0.00373475413191,-0.00117357207355,-0.00288640394367,-0.00458310432015,-0.000209565448371,-0.000719802808449,0
4,-0.0169753438358,-16.9753438358,-0.000977848604222,-0.00270435327924,-0.00373018395776,-0.00117341832507,-0.0028831115938,-0.00457725632173,-0.000209263580402,-0.000719908173569,0
4.1,-0.0169587150694,-16.9587150694,-0.000977717501791,-0.0027020398219,-0.00372557598813,-0.00117326100215,-0.00287979873071,-0.00457135324554,-0.000208961792334,-0.00072000698685,0
4.2,-0.0169419442841,-16.9419442841,-0.000977583421064,-0.00269971036038,-0.00372093035228,-0.00117310010528,-0.00287646543529,-0.00456539526928,-0.000208660082593,-0.000720099257938,0
4.3,-0.0169250319318,-16.9250319318,-0.000977446362447,-0.00269736494893,-0.00371624717979,-0.00117293563494,-0.00287311178846,-0.00455938257112,-0.000208358449651,-0.000720184996427,0
4.4,-0.0169079784651,-16.9079784651,-0.000977306326359,-0.00269500364186,-0.00371152660044,-0.00117276759163,-0.00286973787116,-0.00455331532973,-0.000208056892031,-0.000720264211862,0
4.5,-0.0168907843376,-16.8907843376,-0.000977163313227,-0.00269262649351,-0.00370676874433,-0.00117259597587,-0.00286634376439,-0.00454719372428,-0.000207755408301,-0.000720336913739,0
4.6,-0.0168734500038,-16.8734500038,-0.000977017323485,-0.00269023355822,-0.00370197374179,-0.00117242078818,-0.00286292954914,-0.00454101793444,-0.000207453997075,-0.000720403111506,0
4.7,-0.0168559759188,-16.8559759188,-0.00097686835758,-0.00268782489037,-0.0036971417234,-0.0011722420291,-0.00285949530646,-0.00453478814035,-0.000207152657015,-0.000720462814566,0
4.8,-0.0168383625386,-16.8383625386,-0.000976716415964,-0.00268540054436,-0.00369227282001,-0.00117205969916,-0.00285604111738,-0.00452850452265,-0.000206851386822,-0.000720516032278,0
4.9,-0.01682061032,-16.82061032,-0.000976561499101,-0.00268296057461,-0.00368736716273,-0.00117187379892,-0.002852567063,-0.00452216726246,-0.000206550185244,-0.000720562773959,0
5,-0.0168027197206,-16.8027197206,-0.000976403607461,-0.00268050503557,-0.00368242488288,-0.00117168432895,-0.00284907322439,-0.00451577654137,-0.00020624905107,-0.000720603048887,0
5.1,-0.0167846911987,-16.7846911987,-0.000976242741528,-0.00267803398167,-0.00367744611207,-0.00117149128983,-0.00284555968268,-0.00450933254147,-0.000205947983129,-0.000720636866298,0
5.2,-0.0167665252134,-16.7665252134,-0.000976078901789,-0.00267554746741,-0.00367243098214,-0.00117129468215,-0.00284202651897,-0.0045028354453,-0.000205646980293,-0.000720664235394,0
5.3,-0.0167482222248,-16.7482222248,-0.000975912088745,-0.00267304554726,-0.00366737962515,-0.00117109450649,-0.0028384738144,-0.0044962854359,-0.00020534604147,-0.000720685165338,0
5.4,-0.0167297826932,-16.7297826932,-0.000975742302903,-0.00267052827573,-0.00366229217342,-0.00117089076348,-0.0028349016501,-0.00448968269673,-0.000205045165609,-0.000720699665258,0
5.5,-0.0167112070803,-16.7112070803,-0.000975569544781,-0.00266799570731,-0.0036571687595,-0.00117068345374,-0.00283131010723,-0.00448302741178,-0.000204744351696,-0.000720707744252,0
5.6,-0.016692495848,-16.692495848,-0.000975393814905,-0.00266544789654,-0.00365200951619,-0.00117047257789,-0.00282769926693,-0.00447631976544,-0.000204443598755,-0.000720709411384,0
5.7,-0.0166736494593,-16.6736494593,-0.000975215113811,-0.00266288489795,-0.00364681457648,-0.00117025813657,-0.00282406921035,-0.00446955994262,-0.000204142905843,-0.000720704675688,0
5.8,-0.0166546683777,-16.6546683777,-0.000975033442042,-0.00266030676607,-0.00364158407364,-0.00117004013045,-0.00282042001865,-0.00446274812864,-0.000203842272055,-0.000720693546168,0
5.9,-0.0166355530675,-16.6355530675,-0.000974848800151,-0.00265771355544,-0.00363631814113,-0.00116981856018,-0.00281675177297,-0.0044558845093,-0.00020354169652,-0.000720676031801,0
6,-0.0166163039937,-16.6163039937,-0.000974661188703,-0.00265510532061,-0.00363101691266,-0.00116959342644,-0.00281306455447,-0.00444896927084,-0.000203241178401,-0.000720652141537,0
6.1,-0.0165969216219,-16.5969216219,-0.000974470608267,-0.00265248211614,-0.00362568052213,-0.00116936472992,-0.00280935844429,-0.00444200259997,-0.000202940716894,-0.000720621884303,0
6.2,-0.0165774064186,-16.5774064186,-0.000974277059426,-0.00264984399657,-0.00362030910369,-0.00116913247131,-0.00280563352355,-0.00443498468383,-0.000202640311226,-0.000720585268997,0
6.3,-0.0165577588508,-16.5577588508,-0.000974080542767,-0.00264719101647,-0.00361490279169,-0.00116889665132,-0.00280188987339,-0.00442791570999,-0.000202339960657,-0.000720542304499,0
6.4,-0.0165379793862,-16.5379793862,-0.000973881058889,-0.00264452323039,-0.00360946172071,-0.00116865727067,-0.00279812757492,-0.0044207958665,-0.000202039664478,-0.000720492999665,0
6.5,-0.0165180684933,-16.5180684933,-0.000973678608402,-0.00264184069289,-0.00360398602553,-0.00116841433008,-0.00279434670925,-0.00441362534182,-0.000201739422009,-0.000720437363331,0
6.6,-0.0164980266411,-16.4980266411,-0.00097347319192,-0.00263914345851,-0.00359847584115,-0.0011681678303,-0.00279054735746,-0.00440640432485,-0.000201439232603,-0.000720375404313,0
6.7,-0.0164778542993,-16.4778542993,-0.00097326481007,-0.00263643158181,-0.00359293130278,-0.00116791777208,-0.00278672960063,-0.00439913300493,-0.000201139095637,-0.000720307131409,0
6.8,-0.0164575519384,-16.4575519384,-0.000973053463487,-0.00263370511732,-0.00358735254581,-0.00116766415618,-0.0027828935198,-0.00439181157183,-0.00020083901052,-0.0007202325534,0
6.9,-0.0164371200292,-16.4371200292,-0.000972839152814,-0.0026309641196,-0.00358173970588,-0.00116740698338,-0.00277903919602,-0.00438444021574,-0.000200538976687,-0.000720151679052,0
7,-0.0164165590434,-16.4165590434,-0.000972621878705,-0.00262820864317,-0.0035760929188,-0.00116714625445,-0.00277516671031,-0.00437701912729,-0.000200238993602,-0.000720064517113,0
7.1,-0.0163958694534,-16.3958694534,-0.00097240164182,-0.00262543874256,-0.00357041232059,-0.00116688197018,-0.00277127614365,-0.00436954849752,-0.000199939060754,-0.000719971076319,0
7.2,-0.0163750517319,-16.3750517319,-0.000972178442832,-0.00262265447228,-0.00356469804746,-0.0011666141314,-0.00276736757702,-0.0043620285179,-0.000199639177658,-0.000719871365395,0
7.3,-0.0163541063526,-16.3541063526,-0.000971952282419,-0.00261985588685,-0.00355895023583,-0.0011663427389,-0.00276344109137,-0.0043544593803,-0.000199339343854,-0.000719765393049,0
7.4,-0.0163330337894,-16.3330337894,-0.000971723161271,-0.00261704304075,-0.00355316902231,-0.00116606779353,-0.00275949676761,-0.00434684127702,-0.000199039558909,-0.000719653167981,0
7.5,-0.0163118345171,-16.3118345171,-0.000971491080086,-0.00261421598849,-0.0035473545437,-0.0011657892961,-0.00275553468663,-0.00433917440078,-0.000198739822412,-0.000719534698882,0
7.6,-0.016290509011,-16.290509011,-0.00097125603957,-0.00261137478452,-0.00354150693699,-0.00116550724748,-0.00275155492929,-0.00433145894469,-0.000198440133977,-0.000719409994432,0
7.7,-0.0162690577469,-16.2690577469,-0.000971018040441,-0.00260851948331,-0.00353562633935,-0.00116522164853,-0.00274755757644,-0.00432369510227,-0.000198140493241,-0.000719279063303,0
7.8,-0.0162474812013,-16.2474812013,-0.000970777083422,-0.00260565013931,-0.00352971288816,-0.00116493250011,-0.00274354270886,-0.00431588306745,-0.000197840899863,-0.000719141914159,0
7.9,-0.0162257798513,-16.2257798513,-0.000970533169247,-0.00260276680695,-0.00352376672094,-0.0011646398031,-0.00273951040732,-0.00430802303457,-0.000197541353526,-0.00071899855566,0
8,-0.0162039541744,-16.2039541744,-0.00097028629866,-0.00259986954063,-0.00351778797545,-0.00116434355839,-0.00273546075256,-0.00430011519835,-0.000197241853933,-0.000718848996458,0
8.1,-0.0161820046489,-16.1820046489,-0.000970036472413,-0.00259695839478,-0.00351177678959,-0.0011640437669,-0.00273139382527,-0.00429215975392,-0.000196942400809,-0.000718693245201,0
8.2,-0.0161599317533,-16.1599317533,-0.000969783691267,-0.00259403342375,-0.00350573330145,-0.00116374042952,-0.00272730970611,-0.00428415689679,-0.000196642993899,-0.000718531310535,0
8.3,-0.016137735967,-16.137735967,-0.000969527955991,-0.00259109468192,-0.00349965764928,-0.00116343354719,-0.00272320847569,-0.00427610682287,-0.00019634363297,-0.000718363201099,0
8.4,-0.0161154177698,-16.1154177698,-0.000969269267365,-0.00258814222363,-0.00349354997154,-0.00116312312084,-0.00271909021461,-0.00426800972847,-0.000196044317809,-0.000718188925534,0
8.5,-0.016092977642,-16.092977642,-0.000969007626176,-0.00258517610321,-0.00348741040683,-0.00116280915141,-0.0027149550034,-0.00425986581026,-0.000195745048219,-0.000718008492476,0
8.6,-0.0160704160644,-16.0704160644,-0.000968743033222,-0.00258219637495,-0.00348123909394,-0.00116249163987,-0.00271080292256,-0.00425167526531,-0.000195445824027,-0.000717821910564,0
8.7,-0.0160477335186,-16.0477335186,-0.00096847548931,-0.00257920309315,-0.00347503617181,-0.00116217058717,-0.00270663405255,-0.00424343829107,-0.000195146645074,-0.000717629188433,0
8.8,-0.0160249304862,-16.0249304862,-0.000968204995252,-0.00257619631205,-0.00346880177956,-0.0011618459943,-0.00270244847377,-0.00423515508535,-0.000194847511223,-0.000717430334723,0
8.9,-0.0160020074499,-16.0020074499,-0.000967931551875,-0.0025731760859,-0.00346253605648,-0.00116151786225,-0.0026982462666,-0.00422682584635,-0.000194548422352,-0.000717225358073,0
9,-0.0159789648924,-15.9789648924,-0.00096765516001,-0.00257014246891,-0.003456239142,-0.00116118619201,-0.00269402751135,-0.00421845077264,-0.000194249378358,-0.000717014267124,0
9.1,-0.0159558032972,-15.9558032972,-0.000967375820499,-0.00256709551527,-0.00344991117574,-0.0011608509846,-0.0026897922883,-0.00421003006317,-0.000193950379155,-0.000716797070523,0
9.2,-0.0159325231483,-15.9325231483,-0.000967093534195,-0.00256403527914,-0.00344355229745,-0.00116051224103,-0.00268554067767,-0.00420156391723,-0.000193651424672,-0.000716573776917,0
9.3,-0.01590912493,-15.90912493,-0.000966808301955,-0.00256096181466,-0.00343716264706,-0.00116016996235,-0.00268127275964,-0.00419305253449,-0.000193352514856,-0.00071634439496,0
9.4,-0.0158856091271,-15.8856091271,-0.00096652012465,-0.00255787517594,-0.00343074236465,-0.00115982414958,-0.00267698861433,-0.00418449611498,-0.000193053649669,-0.00071610893331,0
9.5,-0.0158619762251,-15.8619762251,-0.000966229003156,-0.00255477541706,-0.00342429159045,-0.00115947480379,-0.00267268832181,-0.00417589485909,-0.000192754829089,-0.000715867400632,0
9.6,-0.0158382267097,-15.8382267097,-0.000965934938362,-0.00255166259209,-0.00341781046484,-0.00115912192603,-0.0026683719621,-0.00416724896757,-0.000192456053108,-0.000715619805596,0
9.7,-0.0158143610673,-15.8143610673,-0.000965637931163,-0.00254853675505,-0.00341129912834,-0.0011587655174,-0.00266403961518,-0.00415855864151,-0.000192157321735,-0.00071536615688,0
9.8,-0.0157903797845,-15.7903797845,-0.000965337982462,-0.00254539795994,-0.00340475772165,-0.00115840557895,-0.00265969136095,-0.00414982408236,-0.000191858634992,-0.000715106463169,0
9.9,-0.0157662833485,-15.7662833485,-0.000965035093175,-0.00254224626072,-0.00339818638559,-0.00115804211181,-0.00265532727927,-0.00414104549191,-0.000191559992914,-0.000714840733157,0
10,-0.0157420722471,-15.7420722471,-0.000964729264224,-0.00253908171134,-0.00339158526112,-0.00115767511707,-0.00265094744995,-0.0041322230723,-0.000191261395553,-0.000714568975547,0
10.1,-0.0157177469682,-15.7177469682,-0.00096442049654,-0.00253590436571,-0.00338495448937,-0.00115730459585,-0.00264655195272,-0.00412335702602,-0.000190962842972,-0.000714291199051,0
10.2,-0.0156933080004,-15.6933080004,-0.000964108791064,-0.0025327142777,-0.00337829421158,-0.00115693054928,-0.00264214086727,-0.00411444755588,-0.000190664335247,-0.000714007412392,0
10.3,-0.0156687558326,-15.6687558326,-0.000963794148745,-0.00252951150115,-0.00337160456914,-0.00115655297849,-0.00263771427324,-0.00410549486505,-0.000190365872469,-0.000713717624302,0
10.4,-0.0156440909541,-15.6440909541,-0.000963476570542,-0.00252629608989,-0.00336488570359,-0.00115617188465,-0.00263327225018,-0.00409649915701,-0.00019006745474,-0.000713421843525,0
10.5,-0.0156193138548,-15.6193138548,-0.000963156057422,-0.00252306809768,-0.0033581377566,-0.00115578726891,-0.00262881487761,-0.00408746063559,-0.000189769082175,-0.000713120078819,0
10.6,-0.0155944250248,-15.5944250248,-0.000962832610362,-0.00251982757827,-0.00335136086995,-0.00115539913243,-0.00262434223496,-0.00407837950494,-0.000189470754899,-0.000712812338951,0
10.7,-0.0155694249546,-15.5694249546,-0.000962506230347,-0.00251657458537,-0.00334455518558,-0.00115500747642,-0.00261985440163,-0.00406925596954,-0.000189172473052,-0.000712498632703,0
10.8,-0.0155443141354,-15.5443141354,-0.000962176918371,-0.00251330917265,-0.00333772084555,-0.00115461230205,-0.00261535145693,-0.00406009023418,-0.000188874236783,-0.000712178968869,0
10.9,-0.0155190930584,-15.5190930584,-0.000961844675437,-0.00251003139376,-0.00333085799205,-0.00115421361052,-0.00261083348012,-0.00405088250399,-0.000188576046253,-0.000711853356259,0
11,-0.0154937622154,-15.4937622154,-0.000961509502558,-0.0025067413023,-0.00332396676739,-0.00115381140307,-0.00260630055038,-0.0040416329844,-0.000188277901635,-0.000711521803696,0
11.1,-0.0154683220987,-15.4683220987,-0.000961171400754,-0.00250343895184,-0.00331704731401,-0.0011534056809,-0.00260175274685,-0.00403234188118,-0.000187979803109,-0.000711184320019,0
11.2,-0.0154427732006,-15.4427732006,-0.000960830371055,-0.0025001243959,-0.00331009977448,-0.00115299644527,-0.00259719014858,-0.00402300940037,-0.00018768175087,-0.000710840914081,0
11.3,-0.0154171160142,-15.4171160142,-0.0009604864145,-0.00249679768798,-0.00330312429147,-0.0011525836974,-0.00259261283457,-0.00401363574837,-0.00018738374512,-0.000710491594751,0
11.4,-0.0153913510326,-15.3913510326,-0.000960139532137,-0.00249345888153,-0.00329612100778,-0.00115216743856,-0.00258802088373,-0.00400422113183,-0.000187085786072,-0.000710136370916,0
11.5,-0.0153654787495,-15.3654787495,-0.000959789725023,-0.00249010802997,-0.00328909006634,-0.00115174767003,-0.00258341437493,-0.00399476575776,-0.000186787873949,-0.000709775251479,0
11.6,-0.0153394996589,-15.3394996589,-0.000959436994222,-0.00248674518668,-0.00328203161019,-0.00115132439307,-0.00257879338695,-0.00398526983342,-0.000186490008982,-0.00070940824536,0
11.7,-0.0153134142551,-15.3134142551,-0.00095908134081,-0.00248337040499,-0.00327494578246,-0.00115089760897,-0.00257415799851,-0.00397573356642,-0.000186192191412,-0.000709035361497,0
11.8,-0.0152872230327,-15.2872230327,-0.00095872276587,-0.00247998373819,-0.00326783272643,-0.00115046731904,-0.00256950828824,-0.00396615716462,-0.00018589442149,-0.000708656608848,0
11.9,-0.0152609264869,-15.2609264869,-0.000958361270494,-0.00247658523955,-0.00326069258546,-0.00115003352459,-0.00256484433474,-0.00395654083618,-0.000185596699474,-0.000708271996386,0
12,-0.0152345251129,-15.2345251129,-0.000957996855784,-0.00247317496229,-0.00325352550304,-0.00114959622694,-0.00256016621649,-0.00394688478958,-0.00018529902563,-0.000707881533107,0
12.1,-0.0152080194063,-15.2080194063,-0.000957629522849,-0.00246975295956,-0.00324633162274,-0.00114915542742,-0.00255547401192,-0.00393718923356,-0.000185001400236,-0.000707485228023,0
12.2,-0.0151814098633,-15.1814098633,-0.000957259272808,-0.00246631928452,-0.00323911108828,-0.00114871112737,-0.0025507677994,-0.00392745437715,-0.000184703823573,-0.000707083090169,0
12.3,-0.01515469698,-15.15469698,-0.00095688610679,-0.00246287399024,-0.00323186404343,-0.00114826332815,-0.00254604765721,-0.00391768042966,-0.000184406295934,-0.000706675128599,0
12.4,-0.0151278812531,-15.1278812531,-0.00095651002593,-0.00245941712977,-0.0032245906321,-0.00114781203112,-0.00254131366354,-0.00390786760067,-0.000184108817616,-0.000706261352387,0
12.5,-0.0151009631796,-15.1009631796,-0.000956131031375,-0.00245594875612,-0.00321729099829,-0.00114735723765,-0.00253656589653,-0.00389801610006,-0.000183811388928,-0.00070584177063,0
12.6,-0.0150739432566,-15.0739432566,-0.000955749124279,-0.00245246892225,-0.0032099652861,-0.00114689894914,-0.00253180443424,-0.00388812613796,-0.000183514010181,-0.000705416392446,0
12.7,-0.0150468219816,-15.0468219816,-0.000955364305806,-0.00244897768107,-0.00320261363971,-0.00114643716697,-0.00252702935464,-0.00387819792478,-0.000183216681698,-0.000704985226973,0
12.8,-0.0150195998526,-15.0195998526,-0.000954976577127,-0.00244547508546,-0.00319523620341,-0.00114597189255,-0.00252224073564,-0.00386823167119,-0.000182919403805,-0.000704548283373,0
12.9,-0.0149922773674,-14.9922773674,-0.000954585939424,-0.00244196118824,-0.00318783312159,-0.00114550312731,-0.00251743865505,-0.00385822758814,-0.000182622176836,-0.00070410557083,0
13,-0.0149648550246,-14.9648550246,-0.000954192393887,-0.0024384360422,-0.00318040453872,-0.00114503087266,-0.00251262319063,-0.00384818588682,-0.000182325001133,-0.000703657098554,0
13.1,-0.0149373333227,-14.9373333227,-0.000953795941714,-0.00243489970006,-0.00317295059936,-0.00114455513006,-0.00250779442003,-0.00383810677869,-0.000182027877042,-0.000703202875773,0
13.2,-0.0149097127607,-14.9097127607,-0.000953396584113,-0.00243135221452,-0.00316547144815,-0.00114407590094,-0.00250295242085,-0.00382799047546,-0.000181730804917,-0.000702742911742,0
13.3,-0.0148819938377,-14.8819938377,-0.000952994322301,-0.00242779363823,-0.00315796722984,-0.00114359318676,-0.00249809727058,-0.00381783718911,-0.000181433785116,-0.000702277215741,0
13.4,-0.0148541770531,-14.8541770531,-0.000952589157503,-0.00242422402377,-0.00315043808925,-0.001143106989,-0.00249322904665,-0.00380764713185,-0.000181136818005,-0.000701805797073,0
13.5,-0.0148262629066,-14.8262629066,-0.000952181090953,-0.0024206434237,-0.00314288417127,-0.00114261730914,-0.00248834782641,-0.00379742051614,-0.000180839903954,-0.000701328665064,0
13.6,-0.0147982518982,-14.7982518982,-0.000951770123895,-0.00241705189053,-0.0031353056209,-0.00114212414867,-0.00248345368712,-0.00378715755468,-0.000180543043339,-0.000700845829068,0
13.7,-0.014770144528,-14.770144528,-0.000951356257579,-0.00241344947669,-0.00312770258319,-0.0011416275091,-0.00247854670594,-0.00377685846045,-0.000180246236542,-0.000700357298463,0
13.8,-0.0147419412963,-14.7419412963,-0.000950939493268,-0.00240983623461,-0.00312007520329,-0.00114112739192,-0.00247362695999,-0.0037665234466,-0.000179949483948,-0.000699863082654,0
13.9,-0.0147136427038,-14.7136427038,-0.00095051983223,-0.00240621221662,-0.00311242362642,-0.00114062379868,-0.00246869452626,-0.00375615272658,-0.00017965278595,-0.000699363191069,0
14,-0.0146852492514,-14.6852492514,-0.000950097275743,-0.00240257747505,-0.00310474799786,-0.00114011673089,-0.00246374948169,-0.00374574651403,-0.000179356142943,-0.000698857633166,0
14.1,-0.0146567614401,-14.6567614401,-0.000949671825096,-0.00239893206215,-0.00309704846298,-0.00113960619011,-0.00245879190312,-0.00373530502285,-0.000179059555328,-0.000698346418426,0
14.2,-0.0146281797711,-14.6281797711,-0.000949243481583,-0.00239527603013,-0.00308932516722,-0.0011390921779,-0.0024538218673,-0.00372482846714,-0.000178763023512,-0.000697829556361,0
14.3,-0.0145995047461,-14.5995047461,-0.00094881224651,-0.00239160943115,-0.00308157825607,-0.00113857469581,-0.00244883945091,-0.00371431706124,-0.000178466547904,-0.000697307056507,0
14.4,-0.0145707368666,-14.5707368666,-0.000948378121191,-0.0023879323173,-0.00307380787512,-0.00113805374543,-0.00244384473053,-0.0037037710197,-0.000178170128918,-0.000696778928428,0
14.5,-0.0145418766346,-14.5418766346,-0.000947941106947,-0.00238424474066,-0.00306601416999,-0.00113752932834,-0.00243883778266,-0.00369319055731,-0.000177873766972,-0.000696245181716,0
14.6,-0.0145129245521,-14.5129245521,-0.00094750120511,-0.00238054675323,-0.00305819728638,-0.00113700144613,-0.00243381868371,-0.00368257588905,-0.000177577462489,-0.000695705825993,0
14.7,-0.0144838811214,-14.4838811214,-0.000947058417021,-0.00237683840695,-0.00305035737007,-0.00113647010042,-0.00242878751001,-0.00367192723013,-0.000177281215895,-0.000695160870906,0
14.8,-0.014454746845,-14.454746845,-0.000946612744027,-0.00237311975374,-0.00304249456687,-0.00113593529283,-0.00242374433778,-0.00366124479596,-0.00017698502762,-0.000694610326132,0
14.9,-0.0144255222254,-14.4255222254,-0.000946164187486,-0.00236939084544,-0.00303460902267,-0.00113539702498,-0.00241868924318,-0.00365052880215,-0.000176688898097,-0.000694054201378,0
15,-0.0143962077655,-14.3962077655,-0.000945712748766,-0.00236565173386,-0.0030267008834,-0.00113485529852,-0.00241362230227,-0.00363977946454,-0.000176392827763,-0.000693492506378,0
15.1,-0.0143668039682,-14.3668039682,-0.00094525842924,-0.00236190247072,-0.00301877029507,-0.00113431011509,-0.002408543591,-0.00362899699914,-0.000176096817059,-0.000692925250898,0
15.2,-0.0143373113367,-14.3373113367,-0.000944801230293,-0.00235814310774,-0.00301081740372,-0.00113376147635,-0.00240345318526,-0.00361818162217,-0.000175800866427,-0.00069235244473,0
15.3,-0.0143077303742,-14.3077303742,-0.000944341153318,-0.00235437369655,-0.00300284235544,-0.00113320938398,-0.00239835116084,-0.00360733355005,-0.000175504976316,-0.000691774097698,0
15.4,-0.0142780615841,-14.2780615841,-0.000943878199716,-0.00235059428872,-0.00299484529641,-0.00113265383966,-0.00239323759343,-0.00359645299939,-0.000175209147173,-0.000691190219657,0
15.5,-0.0142483054701,-14.2483054701,-0.000943412370897,-0.00234680493581,-0.0029868263728,-0.00113209484508,-0.00238811255863,-0.00358554018698,-0.000174913379452,-0.000690600820491,0
15.6,-0.0142184625359,-14.2184625359,-0.00094294366828,-0.00234300568927,-0.00297878573088,-0.00113153240194,-0.00238297613196,-0.0035745953298,-0.000174617673609,-0.000690005910114,0
15.7,-0.0141885332852,-14.1885332852,-0.000942472093294,-0.00233919660053,-0.00297072351694,-0.00113096651195,-0.00237782838885,-0.00356361864503,-0.0001743220301,-0.000689405498471,0
15.8,-0.014158518222,-14.158518222,-0.000941997647374,-0.00233537772097,-0.0029626398773,-0.00113039717685,-0.00237266940461,-0.00355261035,-0.000174026449386,-0.000688799595539,0
15.9,-0.0141284178505,-14.1284178505,-0.000941520331966,-0.00233154910189,-0.00295453495836,-0.00112982439836,-0.00236749925447,-0.00354157066224,-0.00017373093193,-0.000688188211325,0
16,-0.0140982326749,-14.0982326749,-0.000941040148523,-0.00232771079455,-0.00294640890652,-0.00112924817823,-0.0023623180136,-0.00353049979945,-0.000173435478198,-0.000687571355869,0
16.1,-0.0140679631995,-14.0679631995,-0.00094055709851,-0.00232386285015,-0.00293826186826,-0.00112866851821,-0.00235712575702,-0.00351939797949,-0.000173140088657,-0.000686949039241,0
16.2,-0.0140376099288,-14.0376099288,-0.000940071183396,-0.00232000531985,-0.00293009399005,-0.00112808542007,-0.00235192255969,-0.0035082654204,-0.000172844763776,-0.000686321271543,0
16.3,-0.0140071733672,-14.0071733672,-0.000939582404662,-0.00231613825472,-0.00292190541843,-0.00112749888559,-0.00234670849648,-0.00349710234039,-0.000172549504027,-0.000685688062909,0
16.4,-0.0139766540194,-13.9766540194,-0.000939090763797,-0.0023122617058,-0.00291369629997,-0.00112690891656,-0.00234148364214,-0.0034859089578,-0.000172254309883,-0.000685049423506,0
16.5,-0.0139460523902,-13.9460523902,-0.000938596262299,-0.00230837572407,-0.00290546678126,-0.00112631551476,-0.00233624807134,-0.00347468549118,-0.00017195918182,-0.000684405363533,0
16.6,-0.0139153689844,-13.9153689844,-0.000938098901674,-0.00230448036044,-0.00289721700892,-0.00112571868201,-0.00233100185865,-0.00346343215919,-0.000171664120315,-0.000683755893223,0
16.7,-0.0138846043069,-13.8846043069,-0.000937598683438,-0.00230057566579,-0.00288894712961,-0.00112511842013,-0.00232574507855,-0.00345214918068,-0.000171369125846,-0.000683101022838,0
16.8,-0.0138537588626,-13.8537588626,-0.000937095609112,-0.0022966616909,-0.00288065729002,-0.00112451473093,-0.00232047780542,-0.00344083677462,-0.000171074198894,-0.000682440762676,0
16.9,-0.0138228331566,-13.8228331566,-0.000936589680231,-0.00229273848654,-0.00287234763684,-0.00112390761628,-0.00231520011353,-0.00342949516014,-0.000170779339941,-0.000681775123068,0
17,-0.013791827694,-13.791827694,-0.000936080898336,-0.00228880610339,-0.00286401831681,-0.001123297078,-0.00230991207708,-0.00341812455653,-0.00017048454947,-0.000681104114378,0
17.1,-0.01376074298,-13.76074298,-0.000935569264976,-0.00228486459208,-0.00285566947667,-0.00112268311797,-0.00230461377015,-0.0034067251832,-0.000170189827965,-0.000680427747003,0
17.2,-0.0137295795199,-13.7295795199,-0.000935054781709,-0.00228091400318,-0.00284730126321,-0.00112206573805,-0.00229930526672,-0.0033952972597,-0.000169895175912,-0.000679746031373,0
17.3,-0.0136983378188,-13.6983378188,-0.000934537450104,-0.00227695438721,-0.00283891382321,-0.00112144494012,-0.00229398664069,-0.00338384100573,-0.000169600593797,-0.000679058977955,0
17.4,-0.0136670183822,-13.6670183822,-0.000934017271735,-0.00227298579462,-0.00283050730348,-0.00112082072608,-0.00228865796584,-0.00337235664111,-0.000169306082109,-0.000678366597245,0
17.5,-0.0136356217154,-13.6356217154,-0.000933494248188,-0.0022690082758,-0.00282208185083,-0.00112019309783,-0.00228331931588,-0.00336084438579,-0.000169011641337,-0.000677668899779,0
17.6,-0.0136041483239,-13.6041483239,-0.000932968381055,-0.0022650218811,-0.00281363761212,-0.00111956205727,-0.00227797076438,-0.00334930445986,-0.000168717271969,-0.000676965896122,0
17.7,-0.013572598713,-13.572598713,-0.000932439671939,-0.00226102666079,-0.00280517473418,-0.00111892760633,-0.00227261238485,-0.00333773708351,-0.000168422974497,-0.000676257596877,0
17.8,-0.0135409733882,-13.5409733882,-0.00093190812245,-0.00225702266508,-0.00279669336388,-0.00111828974694,-0.00226724425068,-0.00332614247708,-0.000168128749411,-0.000675544012679,0
17.9,-0.013509272855,-13.509272855,-0.000931373734207,-0.00225300994413,-0.00278819364808,-0.00111764848105,-0.00226186643515,-0.003314520861,-0.000167834597205,-0.000674825154201,0
18,-0.013477497619,-13.477497619,-0.000930836508839,-0.00224898854805,-0.00277967573365,-0.00111700381061,-0.00225647901147,-0.00330287245583,-0.000167540518369,-0.000674101032148,0
18.1,-0.0134456481855,-13.4456481855,-0.000930296447981,-0.00224495852686,-0.00277113976748,-0.00111635573758,-0.00225108205271,-0.00329119748224,-0.000167246513398,-0.000673371657262,0
18.2,-0.0134137250602,-13.4137250602,-0.000929753553278,-0.00224091993053,-0.00276258589644,-0.00111570426393,-0.00224567563187,-0.00327949616101,-0.000166952582785,-0.000672637040318,0
18.3,-0.0133817287485,-13.3817287485,-0.000929207826385,-0.002236872809,-0.00275401426742,-0.00111504939166,-0.00224025982183,-0.00326776871301,-0.000166658727023,-0.000671897192129,0
18.4,-0.0133496597559,-13.3496597559,-0.000928659268964,-0.00223281721209,-0.00274542502731,-0.00111439112276,-0.00223483469538,-0.00325601535924,-0.000166364946607,-0.000671152123541,0
18.5,-0.013317518588,-13.317518588,-0.000928107882686,-0.00222875318962,-0.00273681832299,-0.00111372945922,-0.0022294003252,-0.00324423632078,-0.000166071242031,-0.000670401845437,0
18.6,-0.0132853057502,-13.2853057502,-0.00092755366923,-0.0022246807913,-0.00272819430134,-0.00111306440308,-0.00222395678388,-0.00323243181881,-0.00016577761379,-0.000669646368737,0
18.7,-0.0132530217479,-13.2530217479,-0.000926996630284,-0.00222060006681,-0.00271955310924,-0.00111239595634,-0.00221850414388,-0.00322060207461,-0.000165484062379,-0.000668885704393,0
18.8,-0.0132206670867,-13.2206670867,-0.000926436767547,-0.00221651106575,-0.00271089489355,-0.00111172412106,-0.00221304247757,-0.00320874730953,-0.000165190588292,-0.000668119863398,0
18.9,-0.0131882422719,-13.1882422719,-0.000925874082722,-0.00221241383767,-0.00270221980114,-0.00111104889927,-0.00220757185724,-0.00319686774504,-0.000164897192025,-0.000667348856776,0
19,-0.0131557478088,-13.1557478088,-0.000925308577524,-0.00220830843205,-0.00269352797886,-0.00111037029303,-0.00220209235504,-0.00318496360267,-0.000164603874071,-0.00066657269559,0
19.1,-0.0131231842029,-13.1231842029,-0.000924740253676,-0.0022041948983,-0.00268481957355,-0.00110968830441,-0.00219660404305,-0.00317303510405,-0.000164310634926,-0.000665791390941,0
19.2,-0.0130905519593,-13.0905519593,-0.000924169112908,-0.00220007328579,-0.00267609473203,-0.00110900293549,-0.0021911069932,-0.00316108247086,-0.000164017475084,-0.000665004953962,0
19.3,-0.0130578515834,-13.0578515834,-0.000923595156961,-0.00219594364381,-0.00266735360112,-0.00110831418835,-0.00218560127736,-0.00314910592488,-0.000163724395039,-0.000664213395826,0
19.4,-0.0130250835802,-13.0250835802,-0.000923018387583,-0.00219180602159,-0.00265859632762,-0.0011076220651,-0.00218008696728,-0.00313710568797,-0.000163431395286,-0.000663416727742,0
19.5,-0.0129922484549,-12.9922484549,-0.000922438806531,-0.00218766046829,-0.00264982305831,-0.00110692656784,-0.0021745641346,-0.00312508198202,-0.000163138476317,-0.000662614960955,0
19.6,-0.0129593467125,-12.9593467125,-0.000921856415571,-0.00218350703302,-0.00264103393994,-0.00110622769869,-0.00216903285085,-0.00311303502903,-0.000162845638626,-0.000661808106748,0
19.7,-0.012926378858,-12.926378858,-0.000921271216476,-0.00217934576482,-0.00263222911926,-0.00110552545977,-0.00216349318746,-0.00310096505105,-0.000162552882706,-0.000660996176439,0
19.8,-0.0128933453963,-12.8933453963,-0.000920683211029,-0.00217517671267,-0.00262340874297,-0.00110481985323,-0.00215794521577,-0.00308887227017,-0.000162260209049,-0.000660179181384,0
19.9,-0.0128602468322,-12.8602468322,-0.000920092401021,-0.00217099992548,-0.00261457295778,-0.00110411088123,-0.00215238900699,-0.00307675690856,-0.000161967618146,-0.000659357132978,0
20,-0.0128270836704,-12.8270836704,-0.000919498788252,-0.00216681545209,-0.00260572191034,-0.0011033985459,-0.00214682463223,-0.00306461918844,-0.000161675110489,-0.000658530042651,0
20.1,-0.0127938564156,-12.7938564156,-0.000918902374531,-0.00216262334129,-0.00259685574729,-0.00110268284944,-0.0021412521625,-0.00305245933207,-0.000161382686568,-0.000657697921872,0
20.2,-0.0127605655722,-12.7605655722,-0.000918303161674,-0.00215842364181,-0.00258797461524,-0.00110196379401,-0.00213567166871,-0.00304027756178,-0.000161090346873,-0.000656860782144,0
20.3,-0.0127272116448,-12.7272116448,-0.000917701151505,-0.00215421640229,-0.00257907866078,-0.00110124138181,-0.00213008322163,-0.00302807409993,-0.000160798091892,-0.000656018635013,0
20.4,-0.0126937951377,-12.6937951377,-0.00091709634586,-0.00215000167132,-0.00257016803043,-0.00110051561503,-0.00212448689195,-0.00301584916891,-0.000160505922115,-0.000655171492057,0
20.5,-0.012660316555,-12.660316555,-0.000916488746581,-0.00214577949744,-0.00256124287072,-0.0010997864959,-0.00211888275026,-0.00300360299118,-0.000160213838027,-0.000654319364896,0
20.6,-0.0126267764009,-12.6267764009,-0.000915878355518,-0.00214154992909,-0.00255230332811,-0.00109905402662,-0.00211327086701,-0.00299133578922,-0.000159921840116,-0.000653462265186,0
20.7,-0.0125931751793,-12.5931751793,-0.00091526517453,-0.00213731301468,-0.00254334954906,-0.00109831820944,-0.00210765131258,-0.00297904778553,-0.000159629928867,-0.000652600204621,0
20.8,-0.0125595133941,-12.5595133941,-0.000914649205486,-0.00213306880253,-0.00253438167994,-0.00109757904658,-0.00210202415721,-0.00296673920267,-0.000159338104764,-0.000651733194931,0
20.9,-0.012525791549,-12.525791549,-0.000914030450262,-0.0021288173409,-0.00252539986712,-0.00109683654031,-0.00209638947104,-0.0029544102632,-0.000159046368292,-0.000650861247888,0
21,-0.0124920101476,-12.4920101476,-0.000913408910743,-0.00212455867801,-0.00251640425692,-0.00109609069289,-0.00209074732412,-0.00294206118971,-0.000158754719932,-0.000649984375298,0
21.1,-0.0124581696933,-12.4581696933,-0.000912784588822,-0.00212029286197,-0.0025073949956,-0.00109534150659,-0.00208509778636,-0.00292969220483,-0.000158463160166,-0.000649102589009,0
21.2,-0.0124242706895,-12.4242706895,-0.0009121574864,-0.00211601994085,-0.00249837222939,-0.00109458898368,-0.00207944092759,-0.00291730353119,-0.000158171689474,-0.000648215900903,0
21.3,-0.0123903136391,-12.3903136391,-0.000911527605389,-0.00211173996265,-0.00248933610447,-0.00109383312647,-0.00207377681751,-0.00290489539143,-0.000157880308335,-0.000647324322904,0
21.4,-0.0123562990454,-12.3562990454,-0.000910894947706,-0.00210745297531,-0.00248028676697,-0.00109307393725,-0.00206810552571,-0.00289246800822,-0.000157589017228,-0.000646427866973,0
21.5,-0.0123222274109,-12.3222274109,-0.00091025951528,-0.00210315902668,-0.00247122436296,-0.00109231141834,-0.00206242712169,-0.00288002160423,-0.000157297816628,-0.000645526545108,0
21.6,-0.0122880992385,-12.2880992385,-0.000909621310045,-0.00209885816459,-0.00246214903848,-0.00109154557205,-0.00205674167482,-0.00286755640213,-0.00015700670701,-0.000644620369347,0
21.7,-0.0122539150305,-12.2539150305,-0.000908980333946,-0.00209455043674,-0.00245306093949,-0.00109077640074,-0.00205104925438,-0.0028550726246,-0.00015671568885,-0.000643709351766,0
21.8,-0.0122196752893,-12.2196752893,-0.000908336588935,-0.00209023589082,-0.00244396021192,-0.00109000390672,-0.00204534992951,-0.00284257049433,-0.000156424762619,-0.00064279350448,0
21.9,-0.0121853805171,-12.1853805171,-0.000907690076974,-0.00208591457442,-0.00243484700162,-0.00108922809237,-0.00203964376927,-0.00283005023398,-0.00015613392879,-0.000641872839642,0
22,-0.0121510312156,-12.1510312156,-0.000907040800031,-0.00208158653508,-0.0024257214544,-0.00108844896004,-0.00203393084258,-0.00281751206622,-0.00015584318783,-0.000640947369443,0
22.1,-0.0121166278868,-12.1166278868,-0.000906388760084,-0.00207725182025,-0.002416583716,-0.0010876665121,-0.00202821121828,-0.00280495621372,-0.00015555254021,-0.000640017106116,0
22.2,-0.012082171032,-12.082171032,-0.00090573395912,-0.00207291047734,-0.0024074339321,-0.00108688075094,-0.00202248496507,-0.00279238289912,-0.000155261986395,-0.000639082061927,0
22.3,-0.0120476611527,-12.0476611527,-0.000905076399134,-0.00206856255368,-0.00239827224831,-0.00108609167896,-0.00201675215156,-0.00277979234506,-0.000154971526851,-0.000638142249187,0
22.4,-0.0120130987501,-12.0130987501,-0.000904416082127,-0.00206420809653,-0.00238909881019,-0.00108529929855,-0.00201101284624,-0.00276718477415,-0.000154681162042,-0.000637197680241,0
22.5,-0.0119784843249,-11.9784843249,-0.000903753010113,-0.00205984715309,-0.00237991376323,-0.00108450361214,-0.00200526711749,-0.00275456040897,-0.000154390892431,-0.000636248367476,0
22.6,-0.011943818378,-11.943818378,-0.00090308718511,-0.00205547977047,-0.00237071725284,-0.00108370462213,-0.00199951503358,-0.00274191947211,-0.000154100718476,-0.000635294323317,0
22.7,-0.0119091014099,-11.9091014099,-0.000902418609147,-0.00205110599575,-0.00236150942438,-0.00108290233098,-0.00199375666265,-0.0027292621861,-0.000153810640639,-0.000634335560227,0
22.8,-0.0118743339207,-11.8743339207,-0.00090174728426,-0.00204672587591,-0.0023522904231,-0.00108209674111,-0.00198799207275,-0.00271658877346,-0.000153520659375,-0.000633372090708,0
22.9,-0.0118395164105,-11.8395164105,-0.000901073212495,-0.00204233945787,-0.00234306039423,-0.00108128785499,-0.00198222133181,-0.00270389945665,-0.00015323077514,-0.000632403927303,0
23,-0.0118046493791,-11.8046493791,-0.000900396395904,-0.00203794678849,-0.00233381948289,-0.00108047567508,-0.00197644450765,-0.00269119445812,-0.000152940988389,-0.000631431082593,0
23.1,-0.0117697333261,-11.7697333261,-0.00089971683655,-0.00203354791456,-0.00232456783412,-0.00107966020386,-0.00197066166797,-0.00267847400027,-0.000152651299573,-0.000630453569196,0
23.2,-0.0117347687508,-11.7347687508,-0.000899034536502,-0.00202914288278,-0.00231530559292,-0.0010788414438,-0.00196487288037,-0.00266573830547,-0.000152361709142,-0.000629471399773,0
23.3,-0.0116997561521,-11.6997561521,-0.000898349497839,-0.00202473173982,-0.00230603290417,-0.00107801939741,-0.00195907821232,-0.00265298759601,-0.000152072217545,-0.000628484587022,0
23.4,-0.011664696029,-11.664696029,-0.000897661722648,-0.00202031453225,-0.00229674991268,-0.00107719406718,-0.00195327773119,-0.00264022209417,-0.000151782825229,-0.000627493143679,0
23.5,-0.01162958888,-11.62958888,-0.000896971213024,-0.00201589130657,-0.0022874567632,-0.00107636545563,-0.00194747150423,-0.00262744202217,-0.000151493532638,-0.000626497082522,0
23.6,-0.0115944352033,-11.5944352033,-0.00089627797107,-0.00201146210924,-0.00227815360036,-0.00107553356528,-0.00194165959858,-0.00261464760215,-0.000151204340215,-0.000625496416365,0
23.7,-0.0115592354969,-11.5592354969,-0.000895581998897,-0.00200702698663,-0.00226884056874,-0.00107469839868,-0.00193584208127,-0.00260183905621,-0.000150915248402,-0.000624491158065,0
23.8,-0.0115239902586,-11.5239902586,-0.000894883298626,-0.00200258598503,-0.00225951781281,-0.00107385995835,-0.0019300190192,-0.00258901660641,-0.000150626257636,-0.000623481320515,0
23.9,-0.0114886999858,-11.4886999858,-0.000894181872386,-0.00199813915069,-0.00225018547694,-0.00107301824686,-0.00192419047917,-0.00257618047471,-0.000150337368356,-0.000622466916649,0
24,-0.0114533651757,-11.4533651757,-0.000893477722313,-0.00199368652977,-0.00224084370545,-0.00107217326678,-0.00191835652788,-0.00256333088303,-0.000150048580997,-0.000621447959439,0
24.1,-0.0114179863251,-11.4179863251,-0.000892770850552,-0.00198922816836,-0.00223149264254,-0.00107132502066,-0.00191251723188,-0.0025504680532,-0.000149759895991,-0.000620424461898,0
24.2,-0.0113825639306,-11.3825639306,-0.000892061259255,-0.00198476411249,-0.00222213243231,-0.00107047351111,-0.00190667265762,-0.00253759220699,-0.000149471313769,-0.000619396437078,0
24.3,-0.0113470984886,-11.3470984886,-0.000891348950586,-0.00198029440811,-0.00221276321878,-0.0010696187407,-0.00190082287147,-0.00252470356609,-0.000149182834762,-0.000618363898069,0
24.4,-0.0113115904949,-11.3115904949,-0.000890633926713,-0.00197581910112,-0.00220338514587,-0.00106876071206,-0.00189496793962,-0.00251180235211,-0.000148894459395,-0.000617326858001,0
24.5,-0.0112760404453,-11.2760404453,-0.000889916189814,-0.00197133823733,-0.0021939983574,-0.00106789942778,-0.00188910792821,-0.00249888878659,-0.000148606188093,-0.000616285330043,0
24.6,-0.011240448835,-11.240448835,-0.000889195742077,-0.00196685186248,-0.0021846029971,-0.00106703489049,-0.00188324290322,-0.00248596309098,-0.00014831802128,-0.000615239327405,0
24.7,-0.0112048161592,-11.2048161592,-0.000888472585695,-0.00196236002225,-0.00217519920858,-0.00106616710283,-0.00187737293054,-0.00247302548661,-0.000148029959375,-0.000614188863335,0
24.8,-0.0111691429126,-11.1691429126,-0.000887746722871,-0.00195786276225,-0.00216578713535,-0.00106529606745,-0.00187149807593,-0.00246007619478,-0.000147742002799,-0.00061313395112,0
24.9,-0.0111334295894,-11.1334295894,-0.000887018155817,-0.00195336012802,-0.00215636692084,-0.00106442178698,-0.00186561840505,-0.00244711543664,-0.000147454151966,-0.000612074604088,0
25,-0.0110976766838,-11.0976766838,-0.000886286886752,-0.00194885216501,-0.00214693870835,-0.0010635442641,-0.00185973398342,-0.00243414343328,-0.000147166407291,-0.000611010835604,0
25.1,-0.0110618846895,-11.0618846895,-0.000885552917904,-0.00194433891864,-0.00213750264107,-0.00106266350148,-0.00185384487647,-0.00242116040567,-0.000146878769186,-0.000609942659075,0
25.2,-0.0110260540998,-11.0260540998,-0.000884816251507,-0.00193982043422,-0.0021280588621,-0.00106177950181,-0.00184795114951,-0.00240816657468,-0.000146591238061,-0.000608870087945,0
25.3,-0.0109901854078,-10.9901854078,-0.000884076889807,-0.001935296757,-0.00211860751441,-0.00106089226777,-0.00184205286773,-0.00239516216109,-0.000146303814323,-0.000607793135699,0
25.4,-0.0109542791061,-10.9542791061,-0.000883334835055,-0.00193076793217,-0.00210914874087,-0.00106000180207,-0.00183615009619,-0.00238214738555,-0.000146016498378,-0.00060671181586,0
25.5,-0.0109183356871,-10.9183356871,-0.000882590089512,-0.00192623400485,-0.00209968268423,-0.00105910810741,-0.00183024289986,-0.00236912246861,-0.000145729290629,-0.000605626141993,0
25.6,-0.0108823556426,-10.8823556426,-0.000881842655447,-0.00192169502008,-0.00209020948714,-0.00105821118654,-0.00182433134358,-0.0023560876307,-0.000145442191476,-0.000604536127699,0
25.7,-0.0108463394644,-10.8463394644,-0.000881092535136,-0.00191715102282,-0.0020807292921,-0.00105731104216,-0.00181841549207,-0.00234304309213,-0.000145155201319,-0.000603441786619,0
25.8,-0.0108102876434,-10.8102876434,-0.000880339730865,-0.00191260205798,-0.00207124224152,-0.00105640767704,-0.00181249540994,-0.0023299890731,-0.000144868320552,-0.000602343132436,0
25.9,-0.0107742006707,-10.7742006707,-0.000879584244925,-0.0019080481704,-0.00206174847769,-0.00105550109391,-0.00180657116169,-0.00231692579368,-0.00014458154957,-0.00060124017887,0
26,-0.0107380790367,-10.7380790367,-0.00087882607962,-0.00190348940483,-0.00205224814276,-0.00105459129554,-0.0018006428117,-0.00230385347382,-0.000144294888765,-0.000600132939681,0
26.1,-0.0107019232314,-10.7019232314,-0.000878065237258,-0.00189892580595,-0.00204274137876,-0.00105367828471,-0.00179471042422,-0.00229077233331,-0.000144008338525,-0.000599021428667,0
26.2,-0.0106657337445,-10.6657337445,-0.000877301720158,-0.00189435741839,-0.00203322832762,-0.00105276206419,-0.0017887740634,-0.00227768259185,-0.000143721899238,-0.000597905659667,0
26.3,-0.0106295110653,-10.6295110653,-0.000876535530643,-0.00188978428669,-0.00202370913112,-0.00105184263677,-0.00178283379326,-0.00226458446898,-0.000143435571287,-0.000596785646558,0
26.4,-0.0105932556827,-10.5932556827,-0.00087576667105,-0.00188520645533,-0.00201418393091,-0.00105092000526,-0.00177688967773,-0.0022514781841,-0.000143149355056,-0.000595661403259,0
26.5,-0.0105569680851,-10.5569680851,-0.00087499514372,-0.0018806239687,-0.00200465286853,-0.00104999417246,-0.00177094178059,-0.00223836395647,-0.000142863250922,-0.000594532943723,0
26.6,-0.0105206487607,-10.5206487607,-0.000874220951002,-0.00187603687114,-0.00199511608537,-0.0010490651412,-0.00176499016551,-0.00222524200522,-0.000142577259265,-0.000593400281948,0
26.7,-0.010484298197,-10.484298197,-0.000873444095256,-0.00187144520692,-0.0019855737227,-0.00104813291431,-0.00175903489607,-0.00221211254932,-0.000142291380457,-0.000592263431966,0
26.8,-0.0104479168813,-10.4479168813,-0.000872664578848,-0.00186684902021,-0.00197602592164,-0.00104719749462,-0.0017530760357,-0.00219897580758,-0.000142005614872,-0.000591122407852,0
26.9,-0.0104115053005,-10.4115053005,-0.000871882404152,-0.00186224835515,-0.00196647282321,-0.00104625888498,-0.00174711364774,-0.00218583199868,-0.00014171996288,-0.000589977223719,0
27,-0.0103750639409,-10.3750639409,-0.000871097573551,-0.00185764325576,-0.00195691456825,-0.00104531708826,-0.00174114779538,-0.00217268134112,-0.000141434424848,-0.000588827893718,0
27.1,-0.0103385932884,-10.3385932884,-0.000870310089436,-0.00185303376604,-0.00194735129749,-0.00104437210732,-0.00173517854173,-0.00215952405325,-0.00014114900114,-0.00058767443204,0
27.2,-0.0103020938287,-10.3020938287,-0.000869519954205,-0.00184841992987,-0.00193778315151,-0.00104342394505,-0.00172920594975,-0.00214636035326,-0.00014086369212,-0.000586516852915,0
27.3,-0.0102655660467,-10.2655660467,-0.000868727170266,-0.00184380179109,-0.00192821027074,-0.00104247260432,-0.00172323008231,-0.00213319045917,-0.000140578498147,-0.000585355170611,0
27.4,-0.010229010427,-10.229010427,-0.000867931740033,-0.00183917939346,-0.0019186327955,-0.00104151808804,-0.00171725100215,-0.00212001458884,-0.000140293419579,-0.000584189399438,0
27.5,-0.010192427454,-10.192427454,-0.00086713366593,-0.00183455278067,-0.00190905086592,-0.00104056039912,-0.00171126877189,-0.00210683295995,-0.00014000845677,-0.000583019553741,0
27.6,-0.0101558176112,-10.1558176112,-0.000866332950387,-0.00182992199633,-0.00189946462201,-0.00103959954046,-0.00170528345402,-0.00209364579,-0.000139723610074,-0.000581845647906,0
27.7,-0.0101191813819,-10.1191813819,-0.000865529595843,-0.00182528708398,-0.00188987420364,-0.00103863551501,-0.00169929511096,-0.00208045329632,-0.000139438879839,-0.000580667696359,0
27.8,-0.010082519249,-10.082519249,-0.000864723604747,-0.0018206480871,-0.00188027975051,-0.0010376683257,-0.00169330380495,-0.00206725569607,-0.000139154266414,-0.000579485713562,0
27.9,-0.0100458316948,-10.0458316948,-0.000863914979552,-0.00181600504908,-0.00187068140218,-0.00103669797546,-0.00168730959815,-0.00205405320621,-0.000138869770142,-0.000578299714018,0
28,-0.0100091192011,-10.0091192011,-0.000863103722722,-0.00181135801325,-0.00186107929806,-0.00103572446727,-0.00168131255261,-0.00204084604352,-0.000138585391367,-0.000577109712267,0
28.1,-0.00997238224922,-9.97238224922,-0.000862289836729,-0.00180670702287,-0.00185147357741,-0.00103474780408,-0.00167531273023,-0.00202763442458,-0.000138301130428,-0.000575915722891,0
28.2,-0.00993562132014,-9.93562132014,-0.000861473324052,-0.00180205212112,-0.00184186437931,-0.00103376798886,-0.00166931019282,-0.00201441856581,-0.000138016987662,-0.000574717760506,0
28.3,-0.00989883689424,-9.89883689424,-0.000860654187177,-0.00179739335111,-0.00183225184272,-0.00103278502461,-0.00166330500205,-0.0020011986834,-0.000137732963403,-0.00057351583977,0
28.4,-0.00986202945142,-9.86202945142,-0.0008598324286,-0.00179273075587,-0.00182263610642,-0.00103179891432,-0.00165729721949,-0.00198797499335,-0.000137449057984,-0.000572309975379,0
28.5,-0.00982519947109,-9.82519947109,-0.000859008050825,-0.00178806437838,-0.00181301730903,-0.00103080966099,-0.00165128690659,-0.00197474771147,-0.000137165271733,-0.000571100182067,0
28.6,-0.00978834743216,-9.78834743216,-0.000858181056362,-0.00178339426153,-0.00180339558902,-0.00102981726763,-0.00164527412467,-0.00196151705337,-0.000136881604978,-0.000569886474607,0
28.7,-0.00975147381304,-9.75147381304,-0.000857351447731,-0.00177872044814,-0.00179377108468,-0.00102882173728,-0.00163925893493,-0.00194828323442,-0.000136598058043,-0.00056866886781,0
28.8,-0.0097145790916,-9.7145790916,-0.000856519227459,-0.00177404298096,-0.00178414393415,-0.00102782307295,-0.00163324139848,-0.00193504646983,-0.000136314631248,-0.000567447376526,0
28.9,-0.00967766374524,-9.67766374524,-0.00085568439808,-0.00176936190266,-0.00177451427542,-0.0010268212777,-0.00162722157629,-0.00192180697454,-0.000136031324913,-0.000566222015642,0
29,-0.00964072825079,-9.64072825079,-0.000854846962139,-0.00176467725585,-0.00176488224627,-0.00102581635457,-0.0016211995292,-0.00190856496333,-0.000135748139354,-0.000564992800086,0
29.1,-0.00960377308461,-9.60377308461,-0.000854006922185,-0.00175998908306,-0.00175524798435,-0.00102480830662,-0.00161517531796,-0.00189532065073,-0.000135465074885,-0.000563759744821,0
29.2,-0.00956679872248,-9.56679872248,-0.000853164280778,-0.00175529742675,-0.00174561162712,-0.00102379713693,-0.00160914900319,-0.00188207425105,-0.000135182131816,-0.00056252286485,0
29.3,-0.00952980563967,-9.52980563967,-0.000852319040485,-0.0017506023293,-0.00173597331188,-0.00102278284858,-0.00160312064537,-0.00186882597838,-0.000134899310456,-0.000561282175214,0
29.4,-0.00949279431092,-9.49279431092,-0.00085147120388,-0.00174590383304,-0.00172633317575,-0.00102176544466,-0.00159709030491,-0.00185557604659,-0.000134616611111,-0.000560037690993,0
29.5,-0.00945576521041,-9.45576521041,-0.000850620773546,-0.0017412019802,-0.00171669135567,-0.00102074492826,-0.00159105804205,-0.0018423246693,-0.000134334034083,-0.000558789427303,0
29.6,-0.00941871881178,-9.41871881178,-0.000849767752074,-0.00173649681295,-0.00170704798843,-0.00101972130249,-0.00158502391694,-0.00182907205992,-0.000134051579673,-0.0005575373993,0
29.7,-0.00938165558811,-9.38165558811,-0.000848912142062,-0.00173178837339,-0.00169740321061,-0.00101869457047,-0.00157898798962,-0.0018158184316,-0.000133769248178,-0.000556281622176,0
29.8,-0.00934457601195,-9.34457601195,-0.000848053946117,-0.00172707670355,-0.00168775715863,-0.00101766473534,-0.00157295031998,-0.00180256399728,-0.000133487039893,-0.000555022111162,0
29.9,-0.00930748055525,-9.30748055525,-0.000847193166852,-0.00172236184536,-0.00167810996873,-0.00101663180022,-0.00156691096782,-0.00178930896963,-0.000133204955112,-0.000553758881527,0
30,-0.00927036968944,-9.27036968944,-0.000846329806889,-0.00171764384072,-0.00166846177695,-0.00101559576827,-0.00156086999281,-0.0017760535611,-0.000132922994122,-0.000552491948578,0
30.1,-0.00923324388533,-9.23324388533,-0.00084546386886,-0.00171292273142,-0.00165881271918,-0.00101455664263,-0.0015548274545,-0.00176279798386,-0.000132641157211,-0.000551221327659,0
30.2,-0.0091961036132,-9.1961036132,-0.0008445953554,-0.00170819855921,-0.0016491629311,-0.00101351442648,-0.00154878341233,-0.00174954244987,-0.000132359444664,-0.00054994703415,0
30.3,-0.00915894934272,-9.15894934272,-0.000843724269157,-0.00170347136573,-0.0016395125482,-0.00101246912299,-0.00154273792561,-0.0017362871708,-0.000132077856762,-0.000548669083472,0
30.4,-0.009121781543,-9.121781543,-0.000842850612783,-0.00169874119258,-0.00162986170581,-0.00101142073534,-0.00153669105354,-0.00172303235808,-0.000131796393784,-0.000547387491082,0
30.5,-0.00908460068255,-9.08460068255,-0.00084197438894,-0.00169400808128,-0.00162021053904,-0.00101036926673,-0.00153064285519,-0.00170977822289,-0.000131515056005,-0.000546102272473,0
30.6,-0.00904740722929,-9.04740722929,-0.000841095600298,-0.00168927207326,-0.00161055918283,-0.00100931472036,-0.00152459338953,-0.00169652497613,-0.0001312338437,-0.000544813443177,0
30.7,-0.00901020165054,-9.01020165054,-0.000840214249532,-0.00168453320989,-0.00160090777193,-0.00100825709944,-0.0015185427154,-0.00168327282845,-0.000130952757138,-0.000543521018764,0
30.8,-0.00897298441303,-8.97298441303,-0.000839330339327,-0.00167979153248,-0.00159125644087,-0.00100719640719,-0.00151249089153,-0.00167002199021,-0.000130671796589,-0.000542225014838,0
30.9,-0.00893575598287,-8.93575598287,-0.000838443872377,-0.00167504708224,-0.00158160532401,-0.00100613264685,-0.00150643797651,-0.00165677267152,-0.000130390962317,-0.000540925447044,0
31,-0.00889851682558,-8.89851682558,-0.000837554851382,-0.00167029990032,-0.00157195455552,-0.00100506582166,-0.00150038402883,-0.00164352508222,-0.000130110254585,-0.000539622331062,0
31.1,-0.00886126740605,-8.86126740605,-0.000836663279049,-0.00166555002781,-0.00156230426936,-0.00100399593486,-0.00149432910686,-0.00163027943185,-0.000129829673652,-0.000538315682608,0
31.2,-0.00882400818854,-8.82400818854,-0.000835769158095,-0.00166079750571,-0.00155265459927,-0.00100292298971,-0.00148827326884,-0.0016170359297,-0.000129549219777,-0.000537005517438,0
31.3,-0.00878673963673,-8.78673963673,-0.000834872491243,-0.00165604237494,-0.00154300567883,-0.00100184698949,-0.00148221657292,-0.00160379478474,-0.000129268893212,-0.000535691851342,0
31.4,-0.00874946221362,-8.74946221362,-0.000833973281225,-0.00165128467638,-0.0015333576414,-0.00100076793747,-0.00147615907709,-0.0015905562057,-0.000128988694211,-0.000534374700149,0
31.5,-0.00871217638162,-8.71217638162,-0.000833071530779,-0.0016465244508,-0.00152371062012,-0.000999685836935,-0.00147010083926,-0.00157732040098,-0.000128708623022,-0.000533054079722,0
31.6,-0.00867488260249,-8.67488260249,-0.000832167242653,-0.00164176173892,-0.00151406474796,-0.000998600691184,-0.00146404191719,-0.00156408757872,-0.00012842867989,-0.000531730005963,0
31.7,-0.00863758133733,-8.63758133733,-0.000831260419601,-0.00163699658138,-0.00150442015765,-0.000997512503521,-0.00145798236855,-0.00155085794676,-0.00012814886506,-0.00053040249481,0
31.8,-0.00860027304664,-8.60027304664,-0.000830351064386,-0.00163222901875,-0.00149477698174,-0.000996421277263,-0.00145192225086,-0.00153763171262,-0.000127869178773,-0.000529071562237,0
31.9,-0.00856295819022,-8.56295819022,-0.000829439179778,-0.00162745909153,-0.00148513535255,-0.000995327015733,-0.00144586162156,-0.00152440908355,-0.000127589621266,-0.000527737224255,0
32,-0.00852563722725,-8.52563722725,-0.000828524768553,-0.00162268684013,-0.00147549540221,-0.000994229722264,-0.00143980053793,-0.00151119026648,-0.000127310192775,-0.000526399496909,0
32.1,-0.00848831061624,-8.48831061624,-0.000827607833499,-0.00161791230491,-0.00146585726261,-0.000993129400199,-0.00143373905716,-0.00149797546805,-0.000127030893532,-0.000525058396285,0
32.2,-0.00845097881505,-8.45097881505,-0.000826688377408,-0.00161313552613,-0.00145622106545,-0.00099202605289,-0.00142767723631,-0.00148476489459,-0.000126751723767,-0.0005237139385,0
32.3,-0.00841364228085,-8.41364228085,-0.000825766403081,-0.00160835654402,-0.00144658694221,-0.000990919683697,-0.00142161513233,-0.0014715587521,-0.000126472683707,-0.000522366139711,0
32.4,-0.00837630147017,-8.37630147017,-0.000824841913326,-0.00160357539869,-0.00143695502416,-0.000989810295991,-0.00141555280204,-0.00145835724628,-0.000126193773576,-0.000521015016108,0
32.5,-0.00833895683883,-8.33895683883,-0.000823914910959,-0.0015987921302,-0.00142732544233,-0.000988697893151,-0.00140949030215,-0.00144516058252,-0.000125914993596,-0.000519660583919,0
32.6,-0.00830160884201,-8.30160884201,-0.000822985398805,-0.00159400677855,-0.00141769832757,-0.000987582478566,-0.00140342768925,-0.00143196896588,-0.000125636343986,-0.000518302859406,0
32.7,-0.00826425793417,-8.26425793417,-0.000822053379694,-0.00158921938363,-0.00140807381046,-0.000986464055633,-0.00139736501981,-0.00141878260111,-0.000125357824962,-0.000516941858869,0
32.8,-0.00822690456911,-8.22690456911,-0.000821118856467,-0.0015844299853,-0.0013984520214,-0.00098534262776,-0.00139130235018,-0.00140560169262,-0.000125079436738,-0.00051557759864,0
32.9,-0.00818954919992,-8.18954919992,-0.000820181831969,-0.00157963862331,-0.00138883309056,-0.000984218198362,-0.0013852397366,-0.00139242644451,-0.000124801179523,-0.000514210095092,0
33,-0.008152192279,-8.152192279,-0.000819242309054,-0.00157484533736,-0.00137921714786,-0.000983090770865,-0.00137917723518,-0.00137925706053,-0.000124523053526,-0.000512839364627,0
33.1,-0.00811483425806,-8.11483425806,-0.000818300290586,-0.00157005016708,-0.00136960432302,-0.000981960348703,-0.00137311490191,-0.00136609374412,-0.000124245058951,-0.000511465423688,0
33.2,-0.00807747558807,-8.07747558807,-0.000817355779433,-0.001565253152,-0.00135999474552,-0.00098082693532,-0.00136705279268,-0.00135293669836,-0.000123967196002,-0.000510088288749,0
33.3,-0.00804011671934,-8.04011671934,-0.000816408778473,-0.00156045433161,-0.00135038854463,-0.000979690534167,-0.00136099096325,-0.00133978612601,-0.000123689464878,-0.000508707976322,0
33.4,-0.00800275810143,-8.00275810143,-0.00081545929059,-0.00155565374531,-0.00134078584936,-0.000978551148707,-0.00135492946926,-0.00132664222947,-0.000123411865775,-0.000507324502953,0
33.5,-0.00796540018319,-7.96540018319,-0.000814507318676,-0.00155085143242,-0.00133118678852,-0.000977408782411,-0.00134886836622,-0.00131350521083,-0.000123134398888,-0.000505937885223,0
33.6,-0.00792804341277,-7.92804341277,-0.000813552865632,-0.00154604743221,-0.00132159149067,-0.000976263438758,-0.00134280770955,-0.00130037527179,-0.000122857064409,-0.000504548139747,0
33.7,-0.00789068823755,-7.89068823755,-0.000812595934365,-0.00154124178385,-0.00131200008413,-0.000975115121238,-0.00133674755454,-0.00128725261372,-0.000122579862525,-0.000503155283177,0
33.8,-0.00785333510424,-7.85333510424,-0.000811636527789,-0.00153643452647,-0.001302412697,-0.000973963833347,-0.00133068795635,-0.00127413743766,-0.000122302793423,-0.000501759332196,0
33.9,-0.00781598445875,-7.81598445875,-0.000810674648828,-0.00153162569909,-0.00129282945714,-0.000972809578594,-0.00132462897004,-0.00126102994425,-0.000122025857286,-0.000500360303526,0
34,-0.0077786367463,-7.7786367463,-0.000809710300412,-0.00152681534068,-0.00128325049217,-0.000971652360494,-0.00131857065053,-0.00124793033381,-0.000121749054293,-0.00049895821392,0
34.1,-0.00774129241135,-7.74129241135,-0.000808743485477,-0.00152200349014,-0.00127367592946,-0.000970492182573,-0.00131251305264,-0.00123483880628,-0.000121472384624,-0.000497553080168,0
34.2,-0.00770395189761,-7.70395189761,-0.00080777420697,-0.00151719018629,-0.00126410589615,-0.000969329048364,-0.00130645623107,-0.00122175556123,-0.000121195848453,-0.000496144919091,0
34.3,-0.00766661564805,-7.66661564805,-0.000806802467842,-0.00151237546787,-0.00125454051914,-0.00096816296141,-0.00130040024039,-0.00120868079789,-0.000120919445952,-0.000494733747548,0
34.4,-0.00762928410487,-7.62928410487,-0.000805828271054,-0.00150755937356,-0.00124497992509,-0.000966993925265,-0.00129434513508,-0.0011956147151,-0.00012064317729,-0.000493319582429,0
34.5,-0.00759195770951,-7.59195770951,-0.000804851619573,-0.00150274194197,-0.0012354242404,-0.000965821943488,-0.00128829096946,-0.00118255751133,-0.000120367042635,-0.000491902440659,0
34.6,-0.00755463690268,-7.55463690268,-0.000803872516375,-0.00149792321161,-0.00122587359123,-0.00096464701965,-0.00128223779777,-0.00116950938469,-0.000120091042149,-0.000490482339197,0
34.7,-0.00751732212427,-7.51732212427,-0.000802890964442,-0.00149310322096,-0.0012163281035,-0.00096346915733,-0.00127618567411,-0.00115647053289,-0.000119815175995,-0.000489059295036,0
34.8,-0.00748001381343,-7.48001381343,-0.000801906966763,-0.00148828200839,-0.00120678790288,-0.000962288360116,-0.00127013465247,-0.00114344115328,-0.000119539444331,-0.000487633325202,0
34.9,-0.00744271240854,-7.44271240854,-0.000800920526337,-0.00148345961222,-0.00119725311477,-0.000961104631604,-0.00126408478672,-0.00113042144282,-0.000119263847312,-0.000486204446755,0
35,-0.00740541834719,-7.40541834719,-0.000799931646168,-0.00147863607068,-0.00118772386435,-0.000959917975401,-0.00125803613062,-0.00111741159808,-0.000118988385091,-0.000484772676787,0
35.1,-0.00736813206617,-7.36813206617,-0.000798940329268,-0.00147381142195,-0.00117820027653,-0.000958728395122,-0.0012519887378,-0.00110441181526,-0.00011871305782,-0.000483338032427,0
35.2,-0.00733085400151,-7.33085400151,-0.000797946578658,-0.00146898570411,-0.00116868247596,-0.000957535894389,-0.00124594266178,-0.00109142229013,-0.000118437865645,-0.000481900530832,0
35.3,-0.00729358458843,-7.29358458843,-0.000796950397364,-0.0014641589552,-0.00115917058704,-0.000956340476837,-0.00123989795596,-0.00107844321811,-0.000118162808711,-0.000480460189197,0
35.4,-0.00725632426135,-7.25632426135,-0.000795951788421,-0.00145933121316,-0.00114966473392,-0.000955142146105,-0.00123385467363,-0.00106547479421,-0.00011788788716,-0.000479017024746,0
35.5,-0.0072190734539,-7.2190734539,-0.00079495075487,-0.00145450251586,-0.00114016504049,-0.000953940905844,-0.00122781286794,-0.00105251721303,-0.000117613101132,-0.000477571054738,0
35.6,-0.00718183259892,-7.18183259892,-0.000793947299762,-0.00144967290111,-0.00113067163037,-0.000952736759715,-0.00122177259196,-0.00103957066878,-0.000117338450763,-0.000476122296465,0
35.7,-0.00714460212841,-7.14460212841,-0.000792941426153,-0.00144484240666,-0.00112118462693,-0.000951529711383,-0.0012157338986,-0.00102663535525,-0.000117063936187,-0.00047467076725,0
35.8,-0.00710738247357,-7.10738247357,-0.000791933137106,-0.00144001107014,-0.00111170415327,-0.000950319764528,-0.00120969684069,-0.00101371146585,-0.000116789557535,-0.00047321648445,0
35.9,-0.00707017406478,-7.07017406478,-0.000790922435694,-0.00143517892916,-0.00110223033223,-0.000949106922833,-0.00120366147091,-0.00100079919356,-0.000116515314937,-0.000471759465453,0
36,-0.00703297733162,-7.03297733162,-0.000789909324995,-0.00143034602123,-0.0010927632864,-0.000947891189994,-0.00119762784185,-0.000987898730952,-0.000116241208516,-0.000470299727681,0
36.1,-0.00699579270282,-6.99579270282,-0.000788893808095,-0.00142551238379,-0.00108330313808,-0.000946672569715,-0.00119159600597,-0.000975010270185,-0.000115967238397,-0.000468837288587,0
36.2,-0.0069586206063,-6.9586206063,-0.000787875888088,-0.00142067805422,-0.00107385000931,-0.000945451065706,-0.00118556601562,-0.000962134002999,-0.0001156934047,-0.000467372165656,0
36.3,-0.00692146146913,-6.92146146913,-0.000786855568075,-0.00141584306981,-0.00106440402187,-0.000944226681689,-0.00117953792302,-0.000949270120717,-0.000115419707543,-0.000465904376405,0
36.4,-0.00688431571754,-6.88431571754,-0.000785832851162,-0.00141100746779,-0.00105496529726,-0.000942999421395,-0.00117351178028,-0.000936418814235,-0.000115146147039,-0.000464433938383,0
36.5,-0.00684718377696,-6.84718377696,-0.000784807740467,-0.00140617128531,-0.00104553395672,-0.00094176928856,-0.0011674876394,-0.000923580274027,-0.000114872723302,-0.000462960869171,0
36.6,-0.00681006607192,-6.81006607192,-0.000783780239111,-0.00140133455946,-0.0010361101212,-0.000940536286933,-0.00116146555226,-0.000910754690135,-0.000114599436441,-0.000461485186381,0
36.7,-0.00677296302614,-6.77296302614,-0.000782750350224,-0.00139649732725,-0.00102669391139,-0.000939300420269,-0.00115544557061,-0.000897942252175,-0.000114326286562,-0.000460006907656,0
36.8,-0.00673587506247,-6.73587506247,-0.000781718076945,-0.00139165962562,-0.00101728544771,-0.000938061692334,-0.00114942774609,-0.000885143149326,-0.00011405327377,-0.000458526050671,0
36.9,-0.00669880260291,-6.69880260291,-0.000780683422416,-0.00138682149143,-0.00100788485029,-0.000936820106899,-0.00114341213025,-0.000872357570332,-0.000113780398166,-0.000457042633132,0
37,-0.0066617460686,-6.6617460686,-0.00077964638979,-0.00138198296148,-0.000998492238985,-0.000935575667748,-0.00113739877447,-0.000859585703499,-0.000113507659849,-0.000455556672776,0
37.1,-0.00662470587981,-6.62470587981,-0.000778606982227,-0.00137714407249,-0.000989107733378,-0.000934328378672,-0.00113138773006,-0.000846827736692,-0.000113235058914,-0.000454068187371,0
37.2,-0.00658768245594,-6.58768245594,-0.000777565202891,-0.00137230486111,-0.000979731452766,-0.000933078243469,-0.0011253790482,-0.000834083857331,-0.000112962595455,-0.000452577194715,0
37.3,-0.00655067621553,-6.55067621553,-0.000776521054957,-0.00136746536393,-0.000970363516166,-0.000931825265948,-0.00111937277994,-0.000821354252389,-0.000112690269562,-0.000451083712639,0
37.4,-0.00651368757624,-6.51368757624,-0.000775474541605,-0.00136262561744,-0.000961004042314,-0.000930569449926,-0.00111336897623,-0.000808639108393,-0.000112418081323,-0.000449587759002,0
37.5,-0.00647671695483,-6.47671695483,-0.000774425666023,-0.00135778565809,-0.000951653149659,-0.000929310799227,-0.0011073676879,-0.000795938611416,-0.000112146030824,-0.000448089351694,0
37.6,-0.00643976476721,-6.43976476721,-0.000773374431406,-0.00135294552223,-0.000942310956368,-0.000928049317687,-0.00110136896566,-0.000783252947076,-0.000111874118146,-0.000446588508636,0
37.7,-0.00640283142838,-6.40283142838,-0.000772320840957,-0.00134810524617,-0.000932977580319,-0.000926785009148,-0.0010953728601,-0.000770582300536,-0.00011160234337,-0.000445085247778,0
37.8,-0.00636591735244,-6.36591735244,-0.000771264897884,-0.00134326486611,-0.000923653139103,-0.000925517877461,-0.00108937942171,-0.0007579268565,-0.000111330706573,-0.000443579587101,0
37.9,-0.00632902295262,-6.32902295262,-0.000770206605405,-0.00133842441822,-0.000914337750022,-0.000924247926486,-0.00108338870084,-0.000745286799207,-0.000111059207829,-0.000442071544616,0
38,-0.00629214864123,-6.29214864123,-0.000769145966742,-0.00133358393856,-0.000905031530089,-0.000922975160091,-0.00107740074774,-0.000732662312435,-0.00011078784721,-0.000440561138363,0
38.1,-0.00625529482969,-6.25529482969,-0.000768082985128,-0.00132874346314,-0.000895734596023,-0.000921699582154,-0.00107141561255,-0.000720053579493,-0.000110516624785,-0.000439048386411,0
38.2,-0.0062184619285,-6.2184619285,-0.0007670176638,-0.0013239030279,-0.000886447064253,-0.00092042119656,-0.00106543334528,-0.000707460783221,-0.00011024554062,-0.00043753330686,0
38.3,-0.00618165034725,-6.18165034725,-0.000765950006003,-0.00131906266869,-0.000877169050911,-0.000919140007204,-0.00105945399584,-0.000694884105986,-0.000109974594779,-0.000436015917839,0
38.4,-0.00614486049464,-6.14486049464,-0.00076488001499,-0.00131422242132,-0.000867900671837,-0.000917856017987,-0.00105347761399,-0.00068232372968,-0.000109703787323,-0.000434496237506,0
38.5,-0.00610809277841,-6.10809277841,-0.000763807694019,-0.0013093823215,-0.000858642042572,-0.000916569232823,-0.00104750424942,-0.00066977983572,-0.000109433118311,-0.000432974284046,0
38.6,-0.00607134760542,-6.07134760542,-0.000762733046358,-0.00130454240487,-0.000849393278361,-0.000915279655629,-0.00104153395168,-0.00065725260504,-0.000109162587798,-0.000431450075677,0
38.7,-0.00603462538156,-6.03462538156,-0.000761656075279,-0.00129970270702,-0.000840154494148,-0.000913987290335,-0.0010355667702,-0.000644742218095,-0.000108892195838,-0.000429923630642,0
38.8,-0.00599792651183,-5.99792651183,-0.000760576784064,-0.00129486326346,-0.000830925804581,-0.000912692140877,-0.00102960275431,-0.000632248854852,-0.00010862194248,-0.000428394967215,0
38.9,-0.00596125140028,-5.96125140028,-0.000759495176,-0.00129002410961,-0.000821707324001,-0.0009113942112,-0.00102364195321,-0.000619772694792,-0.000108351827773,-0.000426864103697,0
39,-0.00592460045001,-5.92460045001,-0.000758411254382,-0.00128518528084,-0.00081249916645,-0.000910093505259,-0.00101768441599,-0.000607313916905,-0.000108081851761,-0.000425331058419,0
39.1,-0.00588797406319,-5.88797406319,-0.000757325022512,-0.00128034681244,-0.000803301445666,-0.000908790027015,-0.00101173019164,-0.000594872699692,-0.000107812014487,-0.000423795849737,0
39.2,-0.00585137264105,-5.85137264105,-0.000756236483699,-0.00127550873963,-0.000794114275082,-0.000907483780439,-0.00100577932901,-0.000582449221153,-0.000107542315992,-0.00042225849604,0
39.3,-0.00581479658386,-5.81479658386,-0.000755145641258,-0.00127067109757,-0.000784937767823,-0.000906174769509,-0.00099983187685,-0.000570043658796,-0.000107272756311,-0.00042071901574,0
39.4,-0.00577824629095,-5.77824629095,-0.000754052498512,-0.00126583392134,-0.000775772036709,-0.000904862998215,-0.000993887883791,-0.000557656189627,-0.00010700333548,-0.00041917742728,0
39.5,-0.00574172216068,-5.74172216068,-0.000752957058792,-0.00126099724593,-0.000766617194248,-0.000903548470551,-0.000987947398349,-0.000545286990147,-0.00010673405353,-0.000417633749129,0
39.6,-0.00570522459046,-5.70522459046,-0.000751859325434,-0.0012561611063,-0.000757473352643,-0.000902231190521,-0.000982010468928,-0.000532936236359,-0.00010646491049,-0.000416087999783,0
39.7,-0.00566875397673,-5.66875397673,-0.000750759301783,-0.0012513255373,-0.000748340623782,-0.000900911162139,-0.000976077143814,-0.00052060410375,-0.000106195906388,-0.000414540197769,0
39.8,-0.00563231071496,-5.63231071496,-0.000749656991188,-0.00124649057374,-0.000739219119241,-0.000899588389425,-0.00097014747118,-0.000508290767302,-0.000105927041247,-0.000412990361636,0
39.9,-0.00559589519965,-5.59589519965,-0.000748552397008,-0.00124165625033,-0.000730108950285,-0.000898262876409,-0.000964221499084,-0.000495996401486,-0.000105658315089,-0.000411438509963,0
40,-0.00555950782435,-5.55950782435,-0.000747445522607,-0.00123682260173,-0.000721010227863,-0.000896934627128,-0.000958299275471,-0.000483721180254,-0.000105389727932,-0.000409884661357,0
40.1,-0.00552314898158,-5.52314898158,-0.000746336371358,-0.00123198966253,-0.000711923062607,-0.00089560364563,-0.000952380848171,-0.000471465277043,-0.000105121279792,-0.000408328834448,0
40.2,-0.00548681906293,-5.48681906293,-0.000745224946639,-0.00122715746724,-0.000702847564834,-0.000894269935966,-0.000946466264897,-0.000459228864771,-0.000104852970683,-0.000406771047895,0
40.3,-0.00545051845896,-5.45051845896,-0.000744111251835,-0.0012223260503,-0.000693783844541,-0.000892933502202,-0.000940555573252,-0.000447012115831,-0.000104584800615,-0.000405211320384,0
40.4,-0.00541424755928,-5.41424755928,-0.00074299529034,-0.00121749544609,-0.000684732011408,-0.000891594348407,-0.000934648820723,-0.000434815202094,-0.000104316769597,-0.000403649670626,0
40.5,-0.00537800675248,-5.37800675248,-0.000741877065551,-0.0012126656889,-0.000675692174792,-0.000890252478662,-0.000928746054683,-0.000422638294902,-0.000104048877635,-0.000402086117358,0
40.6,-0.00534179642616,-5.34179642616,-0.000740756580877,-0.00120783681296,-0.000666664443731,-0.000888907897053,-0.000922847322391,-0.00041048156507,-0.000103781124731,-0.000400520679345,0
40.7,-0.00530561696692,-5.30561696692,-0.00073963383973,-0.00120300885245,-0.000657648926936,-0.000887560607676,-0.000916952670992,-0.000398345182879,-0.000103513510886,-0.000398953375374,0
40.8,-0.00526946876035,-5.26946876035,-0.00073850884553,-0.00119818184144,-0.000648645732798,-0.000886210614636,-0.000911062147519,-0.000386229318076,-0.000103246036097,-0.000397384224261,0
40.9,-0.00523335219105,-5.23335219105,-0.000737381601704,-0.00119335581396,-0.000639654969381,-0.000884857922044,-0.000905175798889,-0.000374134139872,-0.00010297870036,-0.000395813244846,0
41,-0.00519726764259,-5.19726764259,-0.000736252111685,-0.00118853080395,-0.000630676744422,-0.000883502534022,-0.000899293671907,-0.000362059816938,-0.000102711503667,-0.000394240455996,0
41.1,-0.00516121549753,-5.16121549753,-0.000735120378915,-0.00118370684531,-0.000621711165333,-0.000882144454698,-0.000893415813264,-0.000350006517403,-0.000102444446009,-0.0003926658766,0
41.2,-0.00512519613741,-5.12519613741,-0.000733986406841,-0.00117888397183,-0.000612758339195,-0.000880783688209,-0.000887542269537,-0.000337974408854,-0.000102177527372,-0.000391089525575,0
41.3,-0.00508920994276,-5.08920994276,-0.000732850198917,-0.00117406221726,-0.00060381837276,-0.0008794202387,-0.000881673087191,-0.000325963658329,-0.000101910747741,-0.000389511421862,0
41.4,-0.00505325729307,-5.05325729307,-0.000731711758604,-0.00116924161527,-0.000594891372448,-0.000878054110324,-0.000875808312577,-0.00031397443232,-0.000101644107099,-0.000387931584426,0
41.5,-0.0050173385668,-5.0173385668,-0.00073057108937,-0.00116442219945,-0.00058597744435,-0.000876685307244,-0.000869947991934,-0.000302006896765,-0.000101377605425,-0.000386350032257,0
41.6,-0.00498145414138,-4.98145414138,-0.00072942819469,-0.00115960400334,-0.000577076694219,-0.000875313833628,-0.000864092171386,-0.000290061217052,-0.000101111242696,-0.00038476678437,0
41.7,-0.00494560439322,-4.94560439322,-0.000728283078045,-0.0011547870604,-0.000568189227478,-0.000873939693654,-0.000858240896945,-0.000278137558011,-0.000100845018887,-0.000383181859802,0
41.8,-0.00490978969766,-4.90978969766,-0.000727135742923,-0.00114997140401,-0.000559315149211,-0.000872562891508,-0.000852394214511,-0.000266236083912,-0.000100578933969,-0.000381595277618,0
41.9,-0.00487401042903,-4.87401042903,-0.00072598619282,-0.0011451570675,-0.000550454564169,-0.000871183431384,-0.00084655216987,-0.000254356958468,-0.000100312987912,-0.000380007056902,0
42,-0.00483826696058,-4.83826696058,-0.000724834431237,-0.00114034408412,-0.000541607576762,-0.000869801317485,-0.000840714808697,-0.000242500344826,-0.000100047180682,-0.000378417216766,0
42.1,-0.00480255966453,-4.80255966453,-0.000723680461683,-0.00113553248705,-0.000532774291062,-0.00086841655402,-0.000834882176552,-0.000230666405572,-9.97815122437e-05,-0.000376825776344,0
42.2,-0.00476688891203,-4.76688891203,-0.000722524287673,-0.0011307223094,-0.000523954810802,-0.000867029145208,-0.000829054318885,-0.000218855302719,-9.95159825581e-05,-0.000375232754792,0
42.3,-0.0047312550732,-4.7312550732,-0.000721365912728,-0.0011259135842,-0.000515149239373,-0.000865639095274,-0.000823231281032,-0.000207067197714,-9.92505915844e-05,-0.000373638171292,0
42.4,-0.00469565851707,-4.69565851707,-0.000720205340378,-0.00112110634445,-0.000506357679824,-0.000864246408453,-0.000817413108218,-0.00019530225143,-9.8985339279e-05,-0.000372042045045,0
42.5,-0.00466009961163,-4.66009961163,-0.000719042574157,-0.00111630062303,-0.000497580234859,-0.000862851088988,-0.000811599845554,-0.000183560624165,-9.87202255957e-05,-0.00037044439528,0
42.6,-0.00462457872377,-4.62457872377,-0.000717877617608,-0.00111149645278,-0.000488817006842,-0.00086145314113,-0.00080579153804,-0.000171842475644,-9.84552504858e-05,-0.000368845241245,0
42.7,-0.00458909621935,-4.58909621935,-0.000716710474279,-0.00110669386647,-0.000480068097786,-0.000860052569135,-0.000799988230565,-0.000160147965006,-9.81904138979e-05,-0.000367244602212,0
42.8,-0.00455365246311,-4.55365246311,-0.000715541147726,-0.00110189289678,-0.000471333609359,-0.000858649377271,-0.000794189967904,-0.000148477250814,-9.79257157782e-05,-0.000365642497475,0
42.9,-0.00451824781875,-4.51824781875,-0.00071436964151,-0.00109709357636,-0.000462613642884,-0.000857243569812,-0.000788396794723,-0.000136830491046,-9.76611560702e-05,-0.00036403894635,0
43,-0.00448288264887,-4.48288264887,-0.000713195959201,-0.00109229593774,-0.000453908299332,-0.000855835151041,-0.000782608755572,-0.000125207843093,-9.73967347151e-05,-0.000362433968175,0
43.1,-0.00444755731499,-4.44755731499,-0.000712020104373,-0.00108750001343,-0.000445217679326,-0.000854424125247,-0.000776825894894,-0.000113609463757,-9.71324516513e-05,-0.000360827582311,0
43.2,-0.00441227217753,-4.41227217753,-0.000710842080608,-0.00108270583583,-0.000436541883135,-0.000853010496729,-0.000771048257018,-0.000102035509252,-9.68683068146e-05,-0.000359219808139,0
43.3,-0.00437702759583,-4.37702759583,-0.000709661891495,-0.0010779134373,-0.000427881010679,-0.000851594269794,-0.000765275886161,-9.04861351959e-05,-9.66043001385e-05,-0.000357610665063,0
43.4,-0.00434182392813,-4.34182392813,-0.000708479540629,-0.00107312285012,-0.000419235161522,-0.000850175448754,-0.000759508826431,-7.8961496614e-05,-9.63404315538e-05,-0.000356000172508,0
43.5,-0.00430666153159,-4.30666153159,-0.000707295031611,-0.0010683341065,-0.000410604434877,-0.000848754037933,-0.000753747121822,-6.74617479335e-05,-9.60767009888e-05,-0.00035438834992,0
43.6,-0.00427154076223,-4.27154076223,-0.00070610836805,-0.00106354723859,-0.0004019889296,-0.00084733004166,-0.000747990816219,-5.59870429806e-05,-9.58131083693e-05,-0.000352775216765,0
43.7,-0.00423646197499,-4.23646197499,-0.00070491955356,-0.00105876227844,-0.000393388744188,-0.000845903464272,-0.000742239953395,-4.45375349808e-05,-9.55496536184e-05,-0.000351160792531,0
43.8,-0.0042014255237,-4.2014255237,-0.000703728591763,-0.00105397925809,-0.000384803976784,-0.000844474310116,-0.000736494577012,-3.31133765558e-05,-9.52863366567e-05,-0.000349545096727,0
43.9,-0.00416643176107,-4.16643176107,-0.000702535486287,-0.00104919820944,-0.000376234725171,-0.000843042583544,-0.000730754730623,-2.17147197201e-05,-9.50231574026e-05,-0.000347928148882,0
44,-0.00413148103871,-4.13148103871,-0.000701340240766,-0.00104441916439,-0.000367681086772,-0.000841608288919,-0.000725020457666,-1.03417158788e-05,-9.47601157714e-05,-0.000346309968544,0
44.1,-0.00409657370708,-4.09657370708,-0.000700142858841,-0.00103964215472,-0.00035914315865,-0.000840171430609,-0.000719291801472,1.00548417192e-06,-9.44972116764e-05,-0.000344690575283,0
44.2,-0.00406171011555,-4.06171011555,-0.000698943344159,-0.00103486721217,-0.000350621037506,-0.000838732012991,-0.000713568805261,1.23267302499e-05,-9.42344450279e-05,-0.000343069988688,0
44.3,-0.00402689061235,-4.02689061235,-0.000697741700375,-0.00103009436839,-0.000342114819676,-0.000837290040449,-0.000707851512142,2.36218727888e-05,-9.39718157341e-05,-0.000341448228368,0
44.4,-0.00399211554458,-3.99211554458,-0.000696537931148,-0.00102532365499,-0.000333624601137,-0.000835845517378,-0.000702139965112,3.48907628388e-05,-9.37093237005e-05,-0.000339825313952,0
44.5,-0.00395738525821,-3.95738525821,-0.000695332040146,-0.00102055510349,-0.000325150477494,-0.000834398448175,-0.00069643420706,4.6133252071e-05,-9.34469688299e-05,-0.000338201265088,0
44.6,-0.00392270009808,-3.92270009808,-0.000694124031042,-0.00101578874534,-0.000316692543994,-0.000832948837251,-0.000690734280764,5.7349192777e-05,-9.31847510228e-05,-0.000336576101442,0
44.7,-0.00388806040788,-3.88806040788,-0.000692913907516,-0.00101102461194,-0.00030825089551,-0.000831496689019,-0.000685040228893,6.85384378724e-05,-9.29226701772e-05,-0.000334949842701,0
44.8,-0.00385346653017,-3.85346653017,-0.000691701673254,-0.0010062627346,-0.000299825626551,-0.000830042007905,-0.000679352094002,7.97008409007e-05,-9.26607261884e-05,-0.000333322508569,0
44.9,-0.00381891880636,-3.81891880636,-0.000690487331949,-0.00100150314459,-0.000291416831255,-0.000828584798339,-0.000673669918542,9.08362560323e-05,-9.23989189492e-05,-0.000331694118771,0
45,-0.0037844175767,-3.7844175767,-0.000689270887299,-0.000996745873073,-0.000283024603391,-0.000827125064759,-0.00066799374485,0.000101944538068,-9.21372483501e-05,-0.000330064693048,0
45.1,-0.00374996318031,-3.74996318031,-0.000688052343011,-0.000991990951178,-0.000274649036355,-0.000825662811614,-0.000662323615154,0.000113025542443,-9.1875714279e-05,-0.000328434251161,0
45.2,-0.00371555595513,-3.71555595513,-0.000686831702797,-0.000987238409952,-0.000266290223173,-0.000824198043356,-0.000656659571573,0.000124079125226,-9.16143166211e-05,-0.000326802812888,0
45.3,-0.00368119623797,-3.68119623797,-0.000685608970373,-0.000982488280376,-0.000257948256497,-0.000822730764448,-0.000651001656116,0.000135105143122,-9.13530552592e-05,-0.000325170398026,0
45.4,-0.00364688436446,-3.64688436446,-0.000684384149466,-0.000977740593362,-0.000249623228604,-0.000821260979359,-0.000645349910684,0.000146103453477,-9.10919300737e-05,-0.000323537026388,0
45.5,-0.00361262066906,-3.61262066906,-0.000683157243806,-0.000972995379756,-0.000241315231394,-0.000819788692567,-0.000639704377067,0.000157073914278,-9.08309409424e-05,-0.000321902717807,0
45.6,-0.00357840548508,-3.57840548508,-0.000681928257131,-0.000968252670335,-0.000233024356396,-0.000818313908557,-0.000634065096946,0.000168016384153,-9.05700877406e-05,-0.000320267492131,0
45.7,-0.00354423914465,-3.54423914465,-0.000680697193184,-0.000963512495809,-0.000224750694757,-0.00081683663182,-0.000628432111893,0.000178930722379,-9.03093703411e-05,-0.000318631369227,0
45.8,-0.00351012197872,-3.51012197872,-0.000679464055715,-0.000958774886819,-0.000216494337246,-0.000815356866858,-0.000622805463371,0.000189816788878,-9.00487886141e-05,-0.000316994368977,0
45.9,-0.00347605431707,-3.47605431707,-0.000678228848481,-0.000954039873941,-0.000208255374255,-0.000813874618177,-0.000617185192735,0.000200674444224,-8.97883424274e-05,-0.000315356511282,0
46,-0.0034420364883,-3.4420364883,-0.000676991575244,-0.000949307487681,-0.000200033895795,-0.000812389890292,-0.000611571341229,0.00021150354964,-8.95280316465e-05,-0.000313717816058,0
46.1,-0.00340806881983,-3.40806881983,-0.000675752239773,-0.000944577758479,-0.000191829991493,-0.000810902687728,-0.000605963949991,0.000222303967005,-8.9267856134e-05,-0.000312078303237,0
46.2,-0.00337415163787,-3.37415163787,-0.000674510845844,-0.000939850716707,-0.000183643750596,-0.000809413015013,-0.000600363060047,0.000233075558854,-8.90078157501e-05,-0.00031043799277,0
46.3,-0.00334028526747,-3.34028526747,-0.000673267397238,-0.000935126392668,-0.000175475261969,-0.000807920876685,-0.000594768712317,0.000243818188379,-8.87479103528e-05,-0.00030879690462,0
46.4,-0.00330647003247,-3.30647003247,-0.000672021897742,-0.000930404816602,-0.00016732461409,-0.000806426277291,-0.000589180947612,0.000254531719433,-8.84881397973e-05,-0.000307155058769,0
46.5,-0.00327270625551,-3.27270625551,-0.000670774351152,-0.000925686018678,-0.000159191895051,-0.000804929221382,-0.000583599806634,0.000265216016532,-8.82285039364e-05,-0.000305512475213,0
46.6,-0.00323899425805,-3.23899425805,-0.000669524761266,-0.000920970028998,-0.000151077192562,-0.000803429713519,-0.000578025329977,0.000275870944854,-8.79690026203e-05,-0.000303869173964,0
46.7,-0.00320533436033,-3.20533436033,-0.000668273131892,-0.000916256877598,-0.000142980593941,-0.00080192775827,-0.000572457558127,0.000286496370245,-8.7709635697e-05,-0.000302225175049,0
46.8,-0.00317172688139,-3.17172688139,-0.000667019466842,-0.000911546594448,-0.000134902186121,-0.00080042336021,-0.000566896531461,0.000297092159219,-8.74504030117e-05,-0.000300580498511,0
46.9,-0.00313817213905,-3.13817213905,-0.000665763769935,-0.000906839209448,-0.000126842055643,-0.000798916523922,-0.000561342290249,0.000307658178962,-8.71913044073e-05,-0.000298935164406,0
47,-0.00310467044994,-3.10467044994,-0.000664506044996,-0.000902134752432,-0.000118800288661,-0.000797407253995,-0.000555794874653,0.000318194297331,-8.6932339724e-05,-0.000297289192806,0
47.1,-0.00307122212946,-3.07122212946,-0.000663246295856,-0.000897433253169,-0.000110776970936,-0.000795895555028,-0.000550254324726,0.000328700382855,-8.66735087998e-05,-0.000295642603797,0
47.2,-0.00303782749179,-3.03782749179,-0.000661984526354,-0.000892734741359,-0.000102772187835,-0.000794381431624,-0.000544720680414,0.000339176304744,-8.641481147e-05,-0.000293995417479,0
47.3,-0.00300448684991,-3.00448684991,-0.000660720740331,-0.000888039246636,-9.47860243361e-05,-0.000792864888397,-0.000539193981556,0.000349621932884,-8.61562475674e-05,-0.000292347653966,0
47.4,-0.00297120051554,-2.97120051554,-0.000659454941639,-0.000883346798566,-8.681856502e-05,-0.000791345929966,-0.000533674267883,0.000360037137843,-8.58978169225e-05,-0.000290699333388,0
47.5,-0.00293796879921,-2.93796879921,-0.000658187134132,-0.00087865742665,-7.88698940736e-05,-0.000789824560959,-0.000528161579017,0.00037042179087,-8.56395193631e-05,-0.000289050475884,0
47.6,-0.00290479201019,-2.90479201019,-0.000656917321674,-0.000873971160322,-7.09400952872e-05,-0.000788300786008,-0.000522655954475,0.0003807757639,-8.53813547146e-05,-0.000287401101611,0
47.7,-0.00287167045654,-2.87167045654,-0.000655645508131,-0.000869288028948,-6.30292520554e-05,-0.000786774609757,-0.000517157433664,0.000391098929554,-8.51233228e-05,-0.000285751230737,0
47.8,-0.00283860444506,-2.83860444506,-0.000654371697378,-0.000864608061827,-5.51374473741e-05,-0.000785246036854,-0.000511666055887,0.000401391161139,-8.48654234396e-05,-0.000284100883443,0
47.9,-0.00280559428134,-2.80559428134,-0.000653095893295,-0.000859931288195,-4.72647638393e-05,-0.000783715071955,-0.000506181860338,0.000411652332659,-8.46076564515e-05,-0.000282450079923,0
48,-0.0027726402697,-2.7726402697,-0.00065181809977,-0.000855257737217,-3.94112836497e-05,-0.000782181719724,-0.000500704886102,0.000421882318803,-8.43500216511e-05,-0.000280798840385,0
48.1,-0.00273974271323,-2.73974271323,-0.000650538320693,-0.000850587437996,-3.15770886019e-05,-0.000780645984832,-0.000495235172162,0.000432080994958,-8.40925188513e-05,-0.000279147185048,0
48.2,-0.00270690191376,-2.70690191376,-0.000649256559964,-0.000845920419563,-2.37622600897e-05,-0.000779107871957,-0.000489772757388,0.000442248237209,-8.38351478627e-05,-0.000277495134142,0
48.3,-0.00267411817188,-2.67411817188,-0.000647972821486,-0.000841256710888,-1.59668791062e-05,-0.000777567385784,-0.000484317680549,0.000452383922336,-8.35779084933e-05,-0.000275842707912,0
48.4,-0.00264139178693,-2.64139178693,-0.000646687109172,-0.000836596340873,-8.19102624106e-06,-0.000776024531006,-0.000478869980303,0.000462487927821,-8.33208005486e-05,-0.000274189926613,0
48.5,-0.00260872305698,-2.60872305698,-0.000645399426936,-0.000831939338351,-4.34781677772e-07,-0.000774479312323,-0.000473429695203,0.000472560131848,-8.30638238316e-05,-0.000272536810511,0
48.6,-0.00257611227885,-2.57611227885,-0.000644109778701,-0.000827285732092,7.30177480379e-06,-0.000772931734441,-0.000467996863697,0.000482600413305,-8.28069781429e-05,-0.000270883379884,0
48.7,-0.00254355974808,-2.54355974808,-0.000642818168396,-0.000822635550799,1.50185638312e-05,-0.000771381802075,-0.000462571524123,0.000492608651786,-8.25502632806e-05,-0.000269229655023,0
48.8,-0.00251106575896,-2.51106575896,-0.000641524599956,-0.000817988823109,2.2715506439e-05,-0.000769829519947,-0.000457153714716,0.000502584727594,-8.22936790402e-05,-0.000267575656227,0
48.9,-0.00247863060451,-2.47863060451,-0.00064022907732,-0.000813345577591,3.03925240683e-05,-0.000768274892784,-0.000451743473602,0.000512528521739,-8.2037225215e-05,-0.000265921403807,0
49,-0.00244625457647,-2.44625457647,-0.000638931604436,-0.00080870584275,3.80495385721e-05,-0.000766717925323,-0.000446340838802,0.000522439915946,-8.17809015954e-05,-0.000264266918084,0
49.1,-0.00241393796532,-2.41393796532,-0.000637632185255,-0.000804069647025,4.56864722111e-05,-0.000765158622306,-0.000440945848231,0.000532318792653,-8.15247079696e-05,-0.000262612219392,0
49.2,-0.00238168106023,-2.38168106023,-0.000636330823736,-0.000799437018788,5.33032476574e-05,-0.000763596988484,-0.000435558539698,0.000542165035013,-8.12686441233e-05,-0.00026095732807,0
49.3,-0.00234948414913,-2.34948414913,-0.000635027523843,-0.000794807986346,6.08997879943e-05,-0.000762033028612,-0.000430178950906,0.000551978526895,-8.10127098397e-05,-0.000259302264472,0
49.4,-0.00231734751864,-2.31734751864,-0.000633722289546,-0.000790182577938,6.84760167186e-05,-0.000760466747456,-0.000424807119451,0.000561759152888,-8.07569048995e-05,-0.000257647048959,0
49.5,-0.0022852714541,-2.2852714541,-0.000632415124821,-0.000785560821739,7.6031857742e-05,-0.000758898149786,-0.000419443082823,0.000571506798307,-8.05012290807e-05,-0.000255991701901,0
49.6,-0.00225325623957,-2.25325623957,-0.00063110603365,-0.000780942745859,8.35672353872e-05,-0.00075732724038,-0.000414086878409,0.000581221349183,-8.02456821592e-05,-0.00025433624368,0
49.7,-0.0022213021578,-2.2213021578,-0.000629795020021,-0.000776328378341,9.10820743935e-05,-0.000755754024025,-0.000408738543487,0.000590902692274,-7.99902639082e-05,-0.000252680694684,0
49.8,-0.00218940949025,-2.18940949025,-0.000628482087926,-0.000771717747161,9.85762999184e-05,-0.000754178505511,-0.000403398115231,0.000600550715068,-7.97349740984e-05,-0.000251025075311,0
49.9,-0.0021575785171,-2.1575785171,-0.000627167241366,-0.000767110880232,0.000106049837534,-0.00075260068964,-0.000398065630709,0.000610165305778,-7.94798124981e-05,-0.000249369405967,0
50,-0.00212580951721,-2.12580951721,-0.000625850484346,-0.000762507805399,0.000113502613232,-0.000751020581215,-0.000392741126883,0.000619746353348,-7.9224778873e-05,-0.000247713707069,0
50.1,-0.00209410276813,-2.09410276813,-0.000624531820877,-0.000757908550443,0.000120934553422,-0.000749438185053,-0.000387424640611,0.000629293747456,-7.89698729865e-05,-0.000246057999038,0
50.2,-0.00206245854613,-2.06245854613,-0.000623211254976,-0.000753313143077,0.000128345584934,-0.000747853505971,-0.000382116208645,0.000638807378513,-7.87150945992e-05,-0.000244402302307,0
50.3,-0.00203087712615,-2.03087712615,-0.000621888790665,-0.000748721610952,0.000135735635017,-0.000746266548798,-0.000376815867631,0.000648287137665,-7.84604434694e-05,-0.000242746637314,0
50.4,-0.00199935878182,-1.99935878182,-0.000620564431973,-0.000744133981652,0.000143104631344,-0.000744677318367,-0.00037152365411,0.000657732916798,-7.82059193531e-05,-0.000241091024505,0
50.5,-0.00196790378546,-1.96790378546,-0.000619238182934,-0.000739550282692,0.000150452502008,-0.00074308581952,-0.000366239604518,0.000667144608535,-7.79515220034e-05,-0.000239435484333,0
50.6,-0.00193651240807,-1.93651240807,-0.000617910047588,-0.000734970541528,0.000157779175527,-0.000741492057106,-0.000360963755187,0.000676522106241,-7.76972511713e-05,-0.00023778003726,0
50.7,-0.00190518491934,-1.90518491934,-0.000616580029981,-0.000730394785546,0.000165084580842,-0.000739896035977,-0.000355696142341,0.000685865304025,-7.7443106605e-05,-0.000236124703753,0
50.8,-0.00187392158761,-1.87392158761,-0.000615248134164,-0.000725823042067,0.000172368647319,-0.000738297760997,-0.000350436802103,0.000695174096741,-7.71890880503e-05,-0.000234469504286,0
50.9,-0.00184272267992,-1.84272267992,-0.000613914364195,-0.000721255338348,0.00017963130475,-0.000736697237034,-0.000345185770488,0.000704448379988,-7.69351952506e-05,-0.000232814459339,0
51,-0.00181158846196,-1.81158846196,-0.000612578724136,-0.00071669170158,0.000186872483355,-0.000735094468963,-0.000339943083407,0.000713688050116,-7.66814279466e-05,-0.0002311595894,0
51.1,-0.00178051919812,-1.78051919812,-0.000611241218056,-0.000712132158889,0.000194092113778,-0.000733489461668,-0.000334708776666,0.000722893004221,-7.64277858768e-05,-0.000229504914959,0
51.2,-0.00174951515141,-1.74951515141,-0.00060990185003,-0.000707576737335,0.000201290127094,-0.000731882220036,-0.000329482885967,0.000732063140156,-7.6174268777e-05,-0.000227850456517,0
51.3,-0.00171857658355,-1.71857658355,-0.000608560624136,-0.000703025463914,0.000208466454807,-0.000730272748963,-0.000324265446908,0.000741198356522,-7.59208763804e-05,-0.000226196234576,0
51.4,-0.00168770375488,-1.68770375488,-0.000607217544461,-0.000698478365555,0.000215621028852,-0.000728661053354,-0.000319056494978,0.000750298552682,-7.56676084179e-05,-0.000224542269646,0
51.5,-0.00165689692442,-1.65689692442,-0.000605872615097,-0.000693935469123,0.000222753781592,-0.000727047138116,-0.000313856065568,0.000759363628752,-7.54144646178e-05,-0.00022288858224,0
51.6,-0.00162615634984,-1.62615634984,-0.000604525840139,-0.000689396801418,0.000229864645823,-0.000725431008167,-0.000308664193959,0.000768393485606,-7.51614447059e-05,-0.000221235192877,0
51.7,-0.00159548228745,-1.59548228745,-0.000603177223691,-0.000684862389173,0.000236953554776,-0.000723812668429,-0.000303480915331,0.000777388024882,-7.49085484055e-05,-0.000219582122081,0
51.8,-0.00156487499224,-1.56487499224,-0.00060182676986,-0.000680332259059,0.00024402044211,-0.000722192123832,-0.000298306264756,0.000786347148976,-7.46557754374e-05,-0.000217929390379,0
51.9,-0.0015343347178,-1.5343347178,-0.000600474482761,-0.000675806437679,0.000251065241924,-0.000720569379313,-0.000293140277206,0.000795270761054,-7.44031255198e-05,-0.000216277018303,0
52,-0.00150386171641,-1.50386171641,-0.000599120366512,-0.000671284951573,0.000258087888749,-0.000718944439815,-0.000287982987544,0.000804158765042,-7.41505983686e-05,-0.000214625026388,0
52.1,-0.00147345623896,-1.47345623896,-0.000597764425239,-0.000666767827214,0.000265088317551,-0.000717317310287,-0.000282834430534,0.000813011065636,-7.38981936969e-05,-0.000212973435175,0
52.2,-0.00144311853498,-1.44311853498,-0.000596406663072,-0.000662255091011,0.000272066463736,-0.000715687995686,-0.00027769464083,0.000821827568302,-7.36459112154e-05,-0.000211322265205,0
52.3,-0.00141284885265,-1.41284885265,-0.000595047084146,-0.000657746769307,0.000279022263144,-0.000714056500975,-0.000272563652986,0.000830608179274,-7.33937506324e-05,-0.000209671537025,0
52.4,-0.00138264743878,-1.38264743878,-0.000593685692604,-0.000653242888382,0.000285955652056,-0.000712422831125,-0.000267441501449,0.000839352805562,-7.31417116535e-05,-0.000208021271182,0
52.5,-0.00135251453879,-1.35251453879,-0.000592322492592,-0.00064874347445,0.000292866567191,-0.000710786991111,-0.000262328220564,0.000848061354946,-7.2889793982e-05,-0.00020637148823,0
52.6,-0.00132245039676,-1.32245039676,-0.000590957488264,-0.000644248553659,0.000299754945707,-0.000709148985916,-0.000257223844572,0.000856733735985,-7.26379973183e-05,-0.000204722208721,0
52.7,-0.00129245525536,-1.29245525536,-0.000589590683776,-0.000639758152092,0.000306620725205,-0.000707508820531,-0.000252128407607,0.000865369858017,-7.23863213606e-05,-0.000203073453212,0
52.8,-0.0012625293559,-1.2625293559,-0.000588222083293,-0.000635272295769,0.000313463843725,-0.000705866499951,-0.000247041943702,0.000873969631152,-7.21347658044e-05,-0.000201425242261,0
52.9,-0.00123267293832,-1.23267293832,-0.000586851690983,-0.000630791010643,0.000320284239752,-0.00070422202918,-0.000241964486785,0.000882532966288,-7.18833303429e-05,-0.000199777596428,0
53,-0.00120288624115,-1.20288624115,-0.000585479511021,-0.000626314322603,0.000327081852213,-0.000702575413225,-0.000236896070679,0.000891059775105,-7.16320146664e-05,-0.000198130536274,0
53.1,-0.00117316950156,-1.17316950156,-0.000584105547587,-0.000621842257473,0.000333856620477,-0.000700926657105,-0.000231836729104,0.000899549970059,-7.13808184629e-05,-0.000196484082362,0
53.2,-0.0011435229553,-1.1435229553,-0.000582729804867,-0.000617374841012,0.000340608484363,-0.00069927576584,-0.000226786495677,0.000908003464403,-7.11297414178e-05,-0.000194838255255,0
53.3,-0.00111394683676,-1.11394683676,-0.00058135228705,-0.000612912098912,0.00034733738413,-0.00069762274446,-0.000221745403909,0.00091642017217,-7.08787832139e-05,-0.000193193075519,0
53.4,-0.00108444137893,-1.08444137893,-0.000579972998333,-0.000608454056805,0.000354043260487,-0.000695967598,-0.000216713487207,0.000924800008181,-7.06279435317e-05,-0.000191548563718,0
53.5,-0.00105500681338,-1.05500681338,-0.000578591942918,-0.000604000740253,0.000360726054588,-0.000694310331502,-0.000211690778877,0.000933142888053,-7.03772220487e-05,-0.000189904740418,0
53.6,-0.0010256433703,-1.0256433703,-0.000577209125012,-0.000599552174756,0.000367385708037,-0.000692650950015,-0.000206677312119,0.000941448728192,-7.01266184403e-05,-0.000188261626183,0
53.7,-0.00099635127847,-0.99635127847,-0.000575824548827,-0.000595108385747,0.000374022162885,-0.000690989458592,-0.000201673120028,0.000949717445798,-6.9876132379e-05,-0.00018661924158,0
53.8,-0.000967130765279,-0.967130765279,-0.00057443821858,-0.000590669398596,0.000380635361633,-0.000689325862296,-0.000196678235598,0.000957948958865,-6.9625763535e-05,-0.000184977607172,0
53.9,-0.000937982056696,-0.937982056696,-0.000573050138495,-0.000586235238607,0.000387225247233,-0.000687660166194,-0.000191692691717,0.000966143186183,-6.93755115758e-05,-0.000183336743524,0
54,-0.000908905377278,-0.908905377278,-0.000571660312799,-0.000581805931019,0.000393791763089,-0.000685992375359,-0.00018671652117,0.000974300047347,-6.91253761663e-05,-0.0001816966712,0
54.1,-0.000879900950177,-0.879900950177,-0.000570268745728,-0.000577381501007,0.000400334853053,-0.000684322494873,-0.000181749756638,0.000982419462744,-6.88753569689e-05,-0.000180057410761,0
54.2,-0.000850968997126,-0.850968997126,-0.000568875441518,-0.00057296197368,0.000406854461435,-0.000682650529822,-0.000176792430698,0.000990501353567,-6.86254536434e-05,-0.000178418982767,0
54.3,-0.000822109738439,-0.822109738439,-0.000567480404416,-0.000568547374081,0.000413350532994,-0.000680976485299,-0.000171844575823,0.000998545641811,-6.83756658471e-05,-0.000176781407778,0
54.4,-0.000793323393013,-0.793323393013,-0.000566083638669,-0.000564137727192,0.000419823012945,-0.000679300366403,-0.000166906224384,0.00100655225027,-6.81259932346e-05,-0.000175144706351,0
54.5,-0.000764610178315,-0.764610178315,-0.000564685148534,-0.000559733057924,0.00042627184696,-0.000677622178241,-0.000161977408645,0.00101452110257,-6.78764354578e-05,-0.00017350889904,0
54.6,-0.000735970310398,-0.735970310398,-0.00056328493827,-0.000555333391129,0.000432696981163,-0.000675941925924,-0.000157058160769,0.00102245212309,-6.76269921665e-05,-0.000171874006398,0
54.7,-0.000707404003875,-0.707404003875,-0.000561883012142,-0.00055093875159,0.000439098362136,-0.000674259614571,-0.000152148512814,0.00103034523709,-6.73776630074e-05,-0.000170240048974,0
54.8,-0.00067891147193,-0.67891147193,-0.000560479374421,-0.000546549164025,0.000445475936921,-0.000672575249305,-0.000147248496733,0.00103820037057,-6.71284476248e-05,-0.000168607047316,0
54.9,-0.000650492926319,-0.650492926319,-0.000559074029383,-0.000542164653091,0.000451829653014,-0.00067088883526,-0.000142358144377,0.0010460174504,-6.68793456604e-05,-0.000166975021966,0
55,-0.000622148577356,-0.622148577356,-0.000557666981308,-0.000537785243374,0.000458159458372,-0.00066920037757,-0.000137477487492,0.00105379640424,-6.66303567533e-05,-0.000165343993465,0
55.1,-0.000593878633924,-0.593878633924,-0.000556258234483,-0.000533410959401,0.00046446530141,-0.00066750988138,-0.000132606557721,0.00106153716054,-6.638148054e-05,-0.00016371398235,0
55.2,-0.000565683303454,-0.565683303454,-0.000554847793199,-0.000529041825628,0.000470747131006,-0.000665817351839,-0.000127745386602,0.00106923964861,-6.61327166543e-05,-0.000162085009153,0
55.3,-0.000537562791937,-0.537562791937,-0.000553435661753,-0.000524677866449,0.000477004896499,-0.000664122794103,-0.00012289400557,0.00107690379857,-6.58840647275e-05,-0.000160457094402,0
55.4,-0.000509517303922,-0.509517303922,-0.000552021844445,-0.000520319106193,0.000483238547686,-0.000662426213334,-0.000118052445955,0.00108452954133,-6.56355243884e-05,-0.00015883025862,0
55.5,-0.000481547042502,-0.481547042502,-0.000550606345583,-0.000515965569122,0.000489448034831,-0.000660727614699,-0.000113220738984,0.00109211680865,-6.53870952627e-05,-0.000157204522328,0
55.6,-0.000453652209326,-0.453652209326,-0.000549189169479,-0.000511617279436,0.000495633308658,-0.000659027003374,-0.00010839891578,0.0010996655331,-6.5138776974e-05,-0.000155579906039,0
55.7,-0.000425833004581,-0.425833004581,-0.000547770320449,-0.000507274261265,0.000501794320359,-0.000657324384539,-0.00010358700736,0.00110717564808,-6.4890569143e-05,-0.000153956430262,0
55.8,-0.000398089626999,-0.398089626999,-0.000546349802816,-0.000502936538678,0.000507931021587,-0.000655619763379,-9.87850446385e-05,0.00111464708781,-6.46424713878e-05,-0.0001523341155,0
55.9,-0.000370422273853,-0.370422273853,-0.000544927620906,-0.000498604135676,0.000514043364464,-0.000653913145087,-9.39930584263e-05,0.00112207978735,-6.43944833239e-05,-0.00015071298225,0
56,-0.000342831140956,-0.342831140956,-0.000543503779053,-0.000494277076195,0.000520131301575,-0.000652204534863,-8.92110794291e-05,0.00112947368258,-6.41466045641e-05,-0.000149093051005,0
56.1,-0.000315316422661,-0.315316422661,-0.000542078281592,-0.000489955384107,0.000526194785972,-0.000650493937911,-8.4439138249e-05,0.00113682871019,-6.38988347186e-05,-0.00014747434225,0
56.2,-0.000287878311834,-0.287878311834,-0.000540651132868,-0.000485639083216,0.000532233771182,-0.000648781359441,-7.96772653821e-05,0.00114414480775,-6.3651173395e-05,-0.000145856876462,0
56.3,-0.000260516999893,-0.260516999893,-0.000539222337226,-0.000481328197262,0.000538248211193,-0.000647066804671,-7.49254912223e-05,0.00115142191361,-6.3403620198e-05,-0.000144240674114,0
56.4,-0.000233232676776,-0.233232676776,-0.000537791899019,-0.000477022749921,0.000544238060462,-0.000645350278823,-7.01838460581e-05,0.00115865996698,-6.31561747299e-05,-0.00014262575567,0
56.5,-0.000206025530939,-0.206025530939,-0.000536359822605,-0.000472722764799,0.000550203273923,-0.000643631787126,-6.54523600728e-05,0.00116585890792,-6.29088365901e-05,-0.000141012141588,0
56.6,-0.000178895749374,-0.178895749374,-0.000534926112346,-0.000468428265442,0.000556143806974,-0.000641911334816,-6.0731063347e-05,0.0011730186773,-6.26616053757e-05,-0.000139399852317,0
56.7,-0.000151843517577,-0.151843517577,-0.00053349077261,-0.000464139275324,0.000562059615489,-0.000640188927131,-5.60199858545e-05,0.00118013921683,-6.24144806807e-05,-0.000137788908299,0
56.8,-0.000124869019573,-0.124869019573,-0.000532053807767,-0.000459855817858,0.000567950655812,-0.000638464569321,-5.1319157466e-05,0.00118722046909,-6.21674620966e-05,-0.000136179329967,0
56.9,-9.79724379001e-05,-0.0979724379001,-0.000530615222197,-0.000455577916389,0.00057381688476,-0.000636738266636,-4.66286079471e-05,0.00119426237747,-6.19205492122e-05,-0.000134571137746,0
57,-7.11539536015e-05,-0.0711539536015,-0.000529175020281,-0.000451305594197,0.000579658259626,-0.000635010024337,-4.1948366958e-05,0.00120126488621,-6.16737416137e-05,-0.000132964352053,0
57.1,-4.44137462411e-05,-0.0444137462411,-0.000527733206406,-0.000447038874495,0.000585474738175,-0.000633279847687,-3.72784640549e-05,0.0012082279404,-6.14270388844e-05,-0.000131358993295,0
57.2,-1.77519938785e-05,-0.0177519938785,-0.000526289784964,-0.00044277778043,0.000591266278648,-0.000631547741956,-3.26189286881e-05,0.00121515148599,-6.1180440605e-05,-0.000129755081869,0
57.3,8.8311269173e-06,0.0088311269173,-0.000524844760352,-0.000438522335083,0.000597032839764,-0.000629813712422,-2.79697902029e-05,0.00122203546973,-6.09339463534e-05,-0.000128152638165,0
57.4,3.53354410712e-05,0.0353354410712,-0.000523398136971,-0.000434272561471,0.000602774380715,-0.000628077764366,-2.33310778407e-05,0.00122887983927,-6.06875557051e-05,-0.000126551682561,0
57.5,6.17607750174e-05,0.0617607750174,-0.00052194991923,-0.000430028482541,0.000608490861174,-0.000626339903076,-1.87028207361e-05,0.00123568454308,-6.04412682325e-05,-0.000124952235424,0
57.6,8.81069566895e-05,0.0881069566895,-0.000520500111538,-0.000425790121176,0.000614182241289,-0.000624600133846,-1.40850479184e-05,0.0012424495305,-6.01950835053e-05,-0.000123354317114,0
57.7,0.000114373815526,0.114373815526,-0.000519048718313,-0.000421557500192,0.000619848481691,-0.000622858461976,-9.4777883124e-06,0.00124917475169,-5.99490010908e-05,-0.000121757947977,0
57.8,0.000140561182475,0.140561182475,-0.000517595743975,-0.000417330642338,0.000625489543487,-0.00062111489277,-4.88107073676e-06,0.00125586015771,-5.97030205533e-05,-0.000120163148349,0
57.9,0.000166668889998,0.166668889998,-0.000516141192951,-0.000413109570297,0.000631105388266,-0.000619369431541,-2.94923903965e-07,0.00126250570044,-5.94571414542e-05,-0.000118569938556,0
58,0.000192696772064,0.192696772064,-0.000514685069672,-0.000408894306685,0.000636695978097,-0.000617622083606,4.28062357777e-06,0.00126911133262,-5.92113633526e-05,-0.000116978338912,0
58.1,0.000218644664164,0.218644664164,-0.000513227378572,-0.000404684874052,0.000642261275532,-0.000615872854286,8.8455432079e-06,0.00127567700786,-5.89656858044e-05,-0.000115388369717,0
58.2,0.000244512403309,0.244512403309,-0.000511768124093,-0.00040048129488,0.000647801243606,-0.000614121748911,1.33998065913e-05,0.00128220268062,-5.8720108363e-05,-0.000113800051262,0
58.3,0.000270299828025,0.270299828025,-0.000510307310679,-0.000396283591584,0.000653315845835,-0.000612368772815,1.79433854384e-05,0.00128868830623,-5.84746305789e-05,-0.000112213403823,0
58.4,0.00029600677837,0.29600677837,-0.000508844942781,-0.000392091786513,0.000658805046222,-0.000610613931337,2.24762515675e-05,0.00129513384088,-5.82292519999e-05,-0.000110628447665,0
58.5,0.000321633095919,0.321633095919,-0.000507381024853,-0.000387905901948,0.000664268809251,-0.000608857229823,2.69983769008e-05,0.0013015392416,-5.79839721711e-05,-0.00010904520304,0
58.6,0.000347178623786,0.347178623786,-0.000505915561354,-0.000383725960103,0.000669707099896,-0.000607098673625,3.15097334699e-05,0.00130790446632,-5.77387906345e-05,-0.000107463690185,0
58.7,0.000372643206617,0.372643206617,-0.000504448556749,-0.000379551983124,0.000675119883615,-0.000605338268098,3.60102934119e-05,0.00131422947382,-5.74937069296e-05,-0.000105883929325,0
58.8,0.000398026690585,0.398026690585,-0.000502980015505,-0.000375383993091,0.00068050712635,-0.000603576018606,4.05000289705e-05,0.00132051422373,-5.72487205931e-05,-0.000104305940672,0
58.9,0.0004233289234,0.4233289234,-0.000501509942098,-0.000371222012014,0.000685868794536,-0.000601811930517,4.49789124962e-05,0.00132675867658,-5.70038311586e-05,-0.00010272974442,0
59,0.000448549754316,0.448549754316,-0.000500038341004,-0.000367066061838,0.000691204855091,-0.000600046009205,4.94469164473e-05,0.00133296279374,-5.67590381573e-05,-0.000101155360754,0
59.1,0.000473689034135,0.473689034135,-0.000498565216707,-0.000362916164439,0.000696515275428,-0.000598278260048,5.39040133901e-05,0.00133912653747,-5.65143411172e-05,-9.95828098385e-05,0
59.2,0.000498746615196,0.498746615196,-0.000497090573694,-0.000358772341623,0.000701800023446,-0.000596508688432,5.83501759973e-05,0.00134524987089,-5.62697395636e-05,-9.80121118275e-05,0
59.3,0.000523722351383,0.523722351383,-0.000495614416456,-0.000354634615132,0.000707059067532,-0.000594737299747,6.27853770491e-05,0.00135133275801,-5.60252330192e-05,-9.64432868575e-05,0
59.4,0.000548616098142,0.548616098142,-0.000494136749491,-0.000350503006636,0.00071229237657,-0.000592964099389,6.72095894354e-05,0.00135737516371,-5.57808210034e-05,-9.48763550494e-05,0
59.5,0.000573427712458,0.573427712458,-0.0004926575773,-0.000346377537739,0.000717499919933,-0.00059118909276,7.16227861516e-05,0.00136337705371,-5.55365030333e-05,-9.33113365088e-05,0
59.6,0.000598157052884,0.598157052884,-0.000491176904388,-0.000342258229975,0.000722681667487,-0.000589412285266,7.60249403036e-05,0.00136933839467,-5.52922786226e-05,-9.17482513242e-05,0
59.7,0.000622803979527,0.622803979527,-0.000489694735267,-0.00033814510481,0.000727837589592,-0.00058763368232,8.04160251048e-05,0.00137525915408,-5.50481472825e-05,-9.01871195683e-05,0
59.8,0.000647368354048,0.647368354048,-0.00048821107445,-0.000334038183643,0.0007329676571,-0.00058585328934,8.47960138766e-05,0.00138113930032,-5.48041085213e-05,-8.86279612965e-05,0
59.9,0.00067185003968,0.67185003968,-0.000486725926458,-0.0003299374878,0.000738071841359,-0.00058407111175,8.91648800503e-05,0.00138697880267,-5.45601618442e-05,-8.70707965469e-05,0
60,0.000696248901222,0.696248901222,-0.000485239295814,-0.000325843038541,0.000743150114216,-0.000582287154977,9.35225971659e-05,0.00139277763127,-5.43163067537e-05,-8.55156453402e-05,0
60.1,0.000720564805039,0.720564805039,-0.000483751187047,-0.000321754857056,0.000748202448009,-0.000580501424457,9.7869138873e-05,0.00139853575714,-5.40725427493e-05,-8.39625276794e-05,0
60.2,0.000744797619061,0.744797619061,-0.00048226160469,-0.000317672964466,0.000753228815574,-0.000578713925628,0.000102204478929,0.00140425315222,-5.38288693279e-05,-8.24114635491e-05,0
60.3,0.000768947212809,0.768947212809,-0.000480770553281,-0.000313597381822,0.000758229190249,-0.000576924663937,0.000106528591204,0.0014099297893,-5.35852859831e-05,-8.08624729158e-05,0
60.4,0.00079301345737,0.79301345737,-0.000479278037361,-0.000309528130106,0.000763203545867,-0.000575133644833,0.000110841449675,0.00141556564206,-5.33417922057e-05,-7.93155757266e-05,0
60.5,0.000816996225406,0.816996225406,-0.000477784061477,-0.000305465230228,0.000768151856759,-0.000573340873773,0.00011514302843,0.00142116068509,-5.30983874838e-05,-7.77707919103e-05,0
60.6,0.000840895391176,0.840895391176,-0.00047628863018,-0.00030140870303,0.00077307409776,-0.000571546356216,0.00011943330167,0.00142671489385,-5.28550713023e-05,-7.62281413756e-05,0
60.7,0.000864710830512,0.864710830512,-0.000474791748025,-0.000297358569284,0.000777970244202,-0.00056975009763,0.000123712243704,0.0014322282447,-5.26118431433e-05,-7.46876440116e-05,0
60.8,0.000888442420838,0.888442420838,-0.000473293419573,-0.00029331484969,0.00078284027192,-0.000567952103487,0.000127979828952,0.00143770071489,-5.23687024859e-05,-7.31493196876e-05,0
60.9,0.000912090041163,0.912090041163,-0.000471793649386,-0.000289277564879,0.00078768415725,-0.000566152379263,0.000132236031944,0.00144313228256,-5.21256488063e-05,-7.16131882524e-05,0
61,0.000935653572101,0.935653572101,-0.000470292442034,-0.00028524673541,0.000792501877032,-0.000564350930441,0.000136480827326,0.00144852292674,-5.18826815778e-05,-7.00792695339e-05,0
61.1,0.000959132895859,0.959132895859,-0.00046878980209,-0.000281222381771,0.000797293408612,-0.000562547762508,0.000140714189851,0.00145387262737,-5.16398002705e-05,-6.8547583339e-05,0
61.2,0.000982527896233,0.982527896233,-0.000467285734131,-0.00027720452438,0.000802058729835,-0.000560742880957,0.000144936094387,0.00145918136528,-5.13970043517e-05,-6.70181494533e-05,0
61.3,0.00100583845863,1.00583845863,-0.000465780242738,-0.000273193183583,0.000806797819054,-0.000558936291285,0.000149146515911,0.0014644491222,-5.11542932859e-05,-6.54909876408e-05,0
61.4,0.00102906447006,1.02906447006,-0.000464273332498,-0.000269188379654,0.000811510655128,-0.000557127998997,0.000153345429517,0.00146967588074,-5.09116665342e-05,-6.3966117643e-05,0
61.5,0.00105220581913,1.05220581913,-0.000462765008001,-0.000265190132796,0.000816197217421,-0.000555318009601,0.000157532810407,0.00147486162443,-5.06691235551e-05,-6.24435591795e-05,0
61.6,0.00107526239608,1.07526239608,-0.000461255273841,-0.000261198463139,0.000820857485805,-0.000553506328609,0.000161708633901,0.00148000633771,-5.04266638037e-05,-6.0923331947e-05,0
61.7,0.00109823409274,1.09823409274,-0.000459744134618,-0.000257213390742,0.000825491440664,-0.000551692961542,0.000165872875428,0.0014851100059,-5.01842867325e-05,-5.94054556189e-05,0
61.8,0.00112112080257,1.12112080257,-0.000458231594934,-0.000253234935591,0.000830099062883,-0.000549877913921,0.000170025510535,0.00149017261523,-4.99419917906e-05,-5.78899498455e-05,0
61.9,0.00114392242063,1.14392242063,-0.000456717659398,-0.000249263117599,0.000834680333861,-0.000548061191277,0.000174166514879,0.00149519415284,-4.96997784244e-05,-5.63768342534e-05,0
62,0.00116663884363,1.16663884363,-0.00045520233262,-0.000245297956607,0.000839235235508,-0.000546242799144,0.000178295864233,0.00150017460678,-4.9457646077e-05,-5.48661284447e-05,0
62.1,0.00118926996988,1.18926996988,-0.000453685619217,-0.000241339472383,0.000843763750242,-0.000544422743061,0.000182413534486,0.001505113966,-4.92155941887e-05,-5.33578519973e-05,0
62.2,0.00121181569933,1.21181569933,-0.000452167523809,-0.000237387684619,0.000848265860997,-0.000542601028571,0.000186519501643,0.00151001222035,-4.89736221965e-05,-5.18520244644e-05,0
62.3,0.00123427593355,1.23427593355,-0.000450648051021,-0.000233442612937,0.000852741551214,-0.000540777661225,0.000190613741819,0.00151486936061,-4.87317295344e-05,-5.03486653737e-05,0
62.4,0.00125665057575,1.25665057575,-0.00044912720548,-0.000229504276884,0.000857190804849,-0.000538952646576,0.00019469623125,0.00151968537845,-4.84899156336e-05,-4.88477942279e-05,0
62.5,0.00127893953077,1.27893953077,-0.00044760499182,-0.000225572695931,0.000861613606378,-0.000537125990184,0.000198766946287,0.00152446026647,-4.82481799219e-05,-4.73494305034e-05,0
62.6,0.0013011427051,1.3011427051,-0.000446081414677,-0.000221647889477,0.000866009940782,-0.000535297697613,0.000202825863397,0.00152919401817,-4.8006521824e-05,-4.58535936506e-05,0
62.7,0.00132326000687,1.32326000687,-0.000444556478693,-0.000217729876846,0.000870379793564,-0.000533467774432,0.000206872959163,0.00153388662796,-4.77649407618e-05,-4.43603030932e-05,0
62.8,0.00134529134583,1.34529134583,-0.000443030188513,-0.000213818677285,0.000874723150741,-0.000531636226216,0.000210908210288,0.00153853809119,-4.75234361539e-05,-4.28695782279e-05,0
62.9,0.0013672366334,1.3672366334,-0.000441502548786,-0.000209914309969,0.000879039998847,-0.000529803058544,0.00021493159359,0.00154314840411,-4.72820074158e-05,-4.13814384243e-05,0
63,0.00138909578266,1.38909578266,-0.000439973564166,-0.000206016793996,0.000883330324934,-0.000527968277,0.000218943086005,0.00154771756386,-4.70406539599e-05,-3.98959030244e-05,0
63.1,0.00141086870831,1.41086870831,-0.00043844323931,-0.000202126148388,0.000887594116573,-0.000526131887172,0.00022294266459,0.00155224556856,-4.67993751954e-05,-3.84129913417e-05,0
63.2,0.00143255532675,1.43255532675,-0.00043691157888,-0.000198242392091,0.000891831361854,-0.000524293894656,0.000226930306519,0.00155673241719,-4.65581705285e-05,-3.69327226617e-05,0
63.3,0.00145415555598,1.45415555598,-0.000435378587542,-0.000194365543976,0.000896042049385,-0.00052245430505,0.000230905989086,0.00156117810968,-4.63170393622e-05,-3.54551162409e-05,0
63.4,0.00147566931574,1.47566931574,-0.000433844269964,-0.000190495622835,0.000900226168299,-0.000520613123957,0.000234869689705,0.00156558264689,-4.60759810963e-05,-3.39801913067e-05,0
63.5,0.00149709652736,1.49709652736,-0.000432308630822,-0.000186632647386,0.000904383708246,-0.000518770356987,0.000238821385908,0.00156994603058,-4.58349951276e-05,-3.2507967057e-05,0
63.6,0.00151843711388,1.51843711388,-0.000430771674793,-0.000182776636268,0.000908514659401,-0.000516926009752,0.00024276105535,0.00157426826345,-4.55940808494e-05,-3.10384626597e-05,0
63.7,0.00153969100001,1.53969100001,-0.000429233406559,-0.000178927608042,0.000912619012463,-0.000515080087871,0.000246688675808,0.00157854934912,-4.53532376522e-05,-2.95716972523e-05,0
63.8,0.00156085811212,1.56085811212,-0.000427693830805,-0.000175085581193,0.000916696758651,-0.000513232596966,0.000250604225177,0.00158278929212,-4.5112464923e-05,-2.81076899419e-05,0
63.9,0.00158193837827,1.58193837827,-0.000426152952222,-0.000171250574125,0.000920747889712,-0.000511383542666,0.000254507681478,0.00158698809795,-4.48717620459e-05,-2.66464598042e-05,0
64,0.0016029317282,1.6029317282,-0.000424610775503,-0.000167422605168,0.00092477239792,-0.000509532930603,0.000258399022851,0.00159114577299,-4.46311284016e-05,-2.51880258835e-05,0
64.1,0.00162383809332,1.62383809332,-0.000423067305345,-0.000163601692569,0.000928770276069,-0.000507680766414,0.000262278227561,0.00159526232458,-4.43905633676e-05,-2.37324071923e-05,0
64.2,0.00164465740674,1.64465740674,-0.000421522546452,-0.000159787854497,0.000932741517487,-0.000505827055742,0.000266145273997,0.00159933776098,-4.41500663182e-05,-2.22796227108e-05,0
64.3,0.00166538960326,1.66538960326,-0.000419976503527,-0.000155981109042,0.000936686116024,-0.000503971804233,0.000270000140669,0.00160337209138,-4.39096366246e-05,-2.08296913867e-05,0
64.4,0.00168603461936,1.68603461936,-0.000418429181282,-0.000152181474215,0.000940604066062,-0.000502115017538,0.000273842806215,0.00160736532591,-4.36692736545e-05,-1.93826321342e-05,0
64.5,0.00170659239324,1.70659239324,-0.000416880584428,-0.000148388967945,0.000944495362512,-0.000500256701314,0.000277673249397,0.00161131747563,-4.34289767726e-05,-1.79384638345e-05,0
64.6,0.00172706286479,1.72706286479,-0.000415330717684,-0.00014460360808,0.000948360000816,-0.000498396861221,0.000281491449101,0.00161522855253,-4.31887453402e-05,-1.64972053343e-05,0
64.7,0.00174744597559,1.74744597559,-0.000413779585771,-0.000140825412389,0.000952197976945,-0.000496535502925,0.000285297384341,0.00161909856955,-4.29485787154e-05,-1.50588754469e-05,0
64.8,0.00176774166893,1.76774166893,-0.000412227193413,-0.00013705439856,0.000956009287401,-0.000494672632095,0.000289091034256,0.00162292754055,-4.2708476253e-05,-1.36234929502e-05,0
64.9,0.00178794988983,1.78794988983,-0.00041067354534,-0.000133290584196,0.000959793929222,-0.000492808254407,0.000292872378114,0.00162671548033,-4.24684373046e-05,-1.2191076587e-05,0
65,0.00180807058501,1.80807058501,-0.000409118646283,-0.00012953398682,0.000963551899979,-0.00049094237554,0.00029664139531,0.00163046240465,-4.22284612184e-05,-1.07616450647e-05,0
65.1,0.00182810370289,1.82810370289,-0.000407562500981,-0.000125784623873,0.000967283197773,-0.000489075001177,0.000300398065367,0.00163416833018,-4.19885473394e-05,-9.33521705515e-06,0
65.2,0.00184804919364,1.84804919364,-0.000406005114172,-0.000122042512714,0.000970987821244,-0.000487206137007,0.000304142367936,0.00163783327455,-4.17486950091e-05,-7.91181119308e-06,0
65.3,0.00186790700913,1.86790700913,-0.000404446490602,-0.000118307670613,0.00097466576957,-0.000485335788722,0.000307874282802,0.00164145725634,-4.1508903566e-05,-6.49144607665e-06,0
65.4,0.00188767710296,1.88767710296,-0.000402886635017,-0.000114580114765,0.000978317042458,-0.00048346396202,0.000311593789873,0.00164504029504,-4.12691723451e-05,-5.07414026713e-06,0
65.5,0.00190735943047,1.90735943047,-0.00040132555217,-0.000110859862273,0.00098194164016,-0.000481590662604,0.000315300869194,0.00164858241113,-4.1029500678e-05,-3.65991228768e-06,0
65.6,0.00192695394872,1.92695394872,-0.000399763246815,-0.000107146930159,0.000985539563464,-0.000479715896178,0.000318995500939,0.00165208362599,-4.0789887893e-05,-2.24878062341e-06,0
65.7,0.00194646061652,1.94646061652,-0.000398199723712,-0.000103441335361,0.000989110813695,-0.000477839668455,0.000322677665413,0.00165554396198,-4.05503333152e-05,-8.4076372095e-07,0
65.8,0.00196587939441,1.96587939441,-0.000396634987624,-9.97430947292e-05,0.000992655392721,-0.000475961985149,0.000326347343055,0.00165896344239,-4.03108362663e-05,5.64120012037e-07,0
65.9,0.00198521024467,1.98521024467,-0.000395069043317,-9.60522250282e-05,0.000996173302949,-0.00047408285198,0.000330004514438,0.00166234209146,-4.00713960645e-05,1.96585220755e-06,0
66,0.00200445313133,2.00445313133,-0.000393501895561,-9.23687429373e-05,0.00099966454733,-0.000472202274673,0.000333649160268,0.00166567993439,-3.98320120247e-05,3.36441453733e-06,0
66.1,0.00202360802019,2.02360802019,-0.00039193354913,-8.86926650482e-05,0.00100312912936,-0.000470320258956,0.000337281261384,0.00166897699733,-3.95926834584e-05,4.75978871356e-06,0
66.2,0.00204267487877,2.04267487877,-0.000390364008802,-8.50240078654e-05,0.00100656705306,-0.000468436810562,0.000340900798764,0.00167223330736,-3.93534096738e-05,6.15195648923e-06,0
66.3,0.00206165367637,2.06165367637,-0.000388793279357,-8.13627878061e-05,0.00100997832302,-0.000466551935228,0.000344507753519,0.00167544889253,-3.91141899756e-05,7.54089965846e-06,0
66.4,0.00208054438404,2.08054438404,-0.00038722136558,-7.77090211986e-05,0.00101336294437,-0.000464665638696,0.000348102106898,0.00167862378185,-3.88750236653e-05,8.92660005761e-06,0
66.5,0.00209934697461,2.09934697461,-0.00038564827226,-7.40627242821e-05,0.00101672092278,-0.000462777926712,0.000351683840289,0.00168175800527,-3.86359100406e-05,1.03090395648e-05,0
66.6,0.00211806142266,2.11806142266,-0.000384074004188,-7.04239132079e-05,0.00102005226446,-0.000460888805026,0.000355252935214,0.00168485159371,-3.83968483962e-05,1.16882001009e-05,0
66.7,0.00213668770456,2.13668770456,-0.000382498566161,-6.67926040364e-05,0.00102335697618,-0.000458998279393,0.000358809373338,0.00168790457902,-3.81578380232e-05,1.30640636303e-05,0
66.8,0.00215522579843,2.15522579843,-0.000380921962976,-6.31688127378e-05,0.00102663506525,-0.000457106355571,0.000362353136464,0.00169091699404,-3.79188782091e-05,1.44366121606e-05,0
66.9,0.00217367568419,2.17367568419,-0.000379344199437,-5.95525551921e-05,0.00102988653955,-0.000455213039324,0.000365884206536,0.00169388887255,-3.76799682383e-05,1.58058277438e-05,0
67,0.00219203734354,2.19203734354,-0.00037776528035,-5.59438471875e-05,0.00103311140747,-0.00045331833642,0.000369402565638,0.0016968202493,-3.74411073914e-05,1.71716924766e-05,0
67.1,0.00221031075996,2.21031075996,-0.000376185210524,-5.23427044203e-05,0.00103630967799,-0.000451422252629,0.000372908195998,0.00169971115999,-3.72022949458e-05,1.85341885007e-05,0
67.2,0.00222849591873,2.22849591873,-0.000374603994773,-4.87491424946e-05,0.00103948136063,-0.000449524793727,0.000376401079985,0.00170256164128,-3.69635301754e-05,1.98932980033e-05,0
67.3,0.00224659280692,2.24659280692,-0.000373021637913,-4.51631769214e-05,0.00104262646546,-0.000447625965495,0.000379881200113,0.00170537173081,-3.67248123504e-05,2.12490032182e-05,0
67.4,0.00226460141338,2.26460141338,-0.000371438144764,-4.15848231184e-05,0.0010457450031,-0.000445725773717,0.000383348539039,0.00170814146716,-3.64861407379e-05,2.26012864252e-05,0
67.5,0.0022825217288,2.2825217288,-0.000369853520151,-3.80140964094e-05,0.00104883698473,-0.000443824224181,0.000386803079567,0.00171087088989,-3.62475146012e-05,2.39501299516e-05,0
67.6,0.00230035374564,2.30035374564,-0.000368267768899,-3.44510120224e-05,0.00105190242209,-0.000441921322679,0.000390244804646,0.00171356003954,-3.60089332002e-05,2.52955161726e-05,0
67.7,0.00231809745819,2.31809745819,-0.00036668089584,-3.08955850918e-05,0.00105494132747,-0.000440017075009,0.000393673697371,0.00171620895757,-3.57703957914e-05,2.66374275109e-05,0
67.8,0.00233575286255,2.33575286255,-0.000365092905808,-2.73478306549e-05,0.00105795371372,-0.000438111486969,0.000397089740987,0.00171881768646,-3.55319016277e-05,2.79758464386e-05,0
67.9,0.00235331995662,2.35331995662,-0.000363503803639,-2.3807763653e-05,0.00106093959425,-0.000436204564367,0.000400492918887,0.00172138626962,-3.52934499585e-05,2.93107554767e-05,0
68,0.00237079874015,2.37079874015,-0.000361913594174,-2.02753989312e-05,0.00106389898303,-0.000434296313009,0.000403883214612,0.00172391475146,-3.50550400296e-05,3.06421371958e-05,0
68.1,0.0023881892147,2.3881892147,-0.000360322282258,-1.67507512359e-05,0.00106683189459,-0.00043238673871,0.000407260611856,0.00172640317732,-3.48166710834e-05,3.19699742172e-05,0
68.2,0.00240549138366,2.40549138366,-0.000358729872738,-1.32338352151e-05,0.00106973834401,-0.000430475847286,0.000410625094463,0.00172885159356,-3.45783423588e-05,3.32942492127e-05,0
68.3,0.00242270525224,2.42270525224,-0.000357136370464,-9.72466541826e-06,0.00107261834696,-0.000428563644557,0.00041397664643,0.00173126004748,-3.43400530909e-05,3.46149449057e-05,0
68.4,0.00243983082753,2.43983082753,-0.000355541780292,-6.22325629573e-06,0.00107547191963,-0.00042665013635,0.000417315251906,0.00173362858736,-3.41018025116e-05,3.59320440715e-05,0
68.5,0.0024568681184,2.4568681184,-0.000353946107077,-2.72962219794e-06,0.00107829907883,-0.000424735328492,0.000420640895195,0.00173595726246,-3.38635898491e-05,3.72455295376e-05,0
68.6,0.00247381713563,2.47381713563,-0.00035234935568,7.56222627074e-07,0.00108109984188,-0.000422819226817,0.000423953560757,0.001738246123,-3.36254143279e-05,3.85553841852e-05,0
68.7,0.0024906778918,2.4906778918,-0.000350751530967,4.23426403118e-06,0.00108387422671,-0.000420901837161,0.000427253233207,0.0017404952202,-3.33872751692e-05,3.98615909485e-05,0
68.8,0.00250745040136,2.50745040136,-0.000349152637804,7.70448796883e-06,0.00108662225178,-0.000418983165365,0.000430539897318,0.00174270460624,-3.31491715904e-05,4.1164132816e-05,0
68.9,0.00252413468063,2.52413468063,-0.000347552681061,1.11668804978e-05,0.00108934393615,-0.000417063217273,0.00043381353802,0.00174487433427,-3.29111028055e-05,4.24629928314e-05,0
69,0.00254073074778,2.54073074778,-0.000345951665612,1.4621427779e-05,0.00109203929943,-0.000415141998735,0.000437074140403,0.00174700445845,-3.26730680248e-05,4.37581540932e-05,0
69.1,0.00255723862286,2.55723862286,-0.000344349596335,1.80681160781e-05,0.00109470836181,-0.000413219515602,0.000440321689719,0.00174909503389,-3.24350664551e-05,4.50495997564e-05,0
69.2,0.00257365832776,2.57365832776,-0.000342746478109,2.15069317647e-05,0.00109735114404,-0.000411295773731,0.000443556171378,0.00175114611669,-3.21970972996e-05,4.6337313032e-05,0
69.3,0.00258998988628,2.58998988628,-0.000341142315818,2.49378613145e-05,0.00109996766745,-0.000409370778982,0.000446777570953,0.00175315776394,-3.19591597577e-05,4.76212771884e-05,0
69.4,0.00260623332409,2.60623332409,-0.000339537114348,2.83608913101e-05,0.00110255795394,-0.000407444537218,0.000449985874183,0.0017551300337,-3.17212530256e-05,4.89014755517e-05,0
69.5,0.00262238866873,2.62238866873,-0.00033793087859,3.17760084406e-05,0.00110512202599,-0.000405517054307,0.000453181066968,0.00175706298501,-3.14833762956e-05,5.01778915065e-05,0
69.6,0.00263845594964,2.63845594964,-0.000336323613435,3.51831995032e-05,0.00110765990665,-0.000403588336122,0.000456363135376,0.00175895667792,-3.12455287565e-05,5.1450508496e-05,0
69.7,0.00265443519814,2.65443519814,-0.00033471532378,3.85824514034e-05,0.00111017161954,-0.000401658388536,0.000459532065641,0.00176081117344,-3.10077095934e-05,5.27193100232e-05,0
69.8,0.00267032644748,2.67032644748,-0.000333106014524,4.19737511564e-05,0.00111265718887,-0.000399727217429,0.000462687844163,0.00176262653358,-3.07699179879e-05,5.39842796515e-05,0
69.9,0.00268612973277,2.68612973277,-0.000331495690569,4.53570858877e-05,0.00111511663942,-0.000397794828683,0.000465830457515,0.00176440282132,-3.05321531179e-05,5.52454010048e-05,0
70,0.00270184509106,2.70184509106,-0.000329884356822,4.87324428332e-05,0.00111754999654,-0.000395861228186,0.000468959892436,0.00176614010064,-3.02944141577e-05,5.65026577686e-05,0
70.1,0.00271747256128,2.71747256128,-0.000328272018189,5.20998093411e-05,0.00111995728618,-0.000393926421827,0.000472076135838,0.00176783843653,-3.0056700278e-05,5.77560336908e-05,0
70.2,0.00273301218431,2.73301218431,-0.000326658679583,5.5459172871e-05,0.00112233853486,-0.000391990415499,0.000475179174806,0.00176949789492,-2.98190106459e-05,5.90055125815e-05,0
70.3,0.00274846400291,2.74846400291,-0.000325044345917,5.88105209968e-05,0.00112469376968,-0.000390053215101,0.000478268996596,0.00177111854276,-2.95813444247e-05,6.02510783147e-05,0
70.4,0.0027638280618,2.7638280618,-0.000323429022111,6.21538414067e-05,0.00112702301833,-0.000388114826533,0.000481345588643,0.00177270044801,-2.93437007743e-05,6.14927148285e-05,0
70.5,0.0027791044076,2.7791044076,-0.000321812713083,6.54891219029e-05,0.00112932630907,-0.0003861752557,0.000484408938554,0.00177424367958,-2.91060788509e-05,6.27304061254e-05,0
70.6,0.0027942930889,2.7942930889,-0.000320195423758,6.88163504042e-05,0.00113160367076,-0.00038423450851,0.000487459034116,0.00177574830741,-2.88684778068e-05,6.39641362737e-05,0
70.7,0.00280939415618,2.80939415618,-0.000318577159062,7.21355149452e-05,0.00113385513285,-0.000382292590875,0.000490495863293,0.00177721440241,-2.86308967911e-05,6.51938894076e-05,0
70.8,0.0028244076619,2.8244076619,-0.000316957923925,7.54466036789e-05,0.00113608072536,-0.00038034950871,0.000493519414228,0.00177864203649,-2.83933349489e-05,6.64196497283e-05,0
70.9,0.00283933366046,2.83933366046,-0.000315337723279,7.87496048756e-05,0.00113828047891,-0.000378405267935,0.000496529675249,0.00178003128256,-2.81557914219e-05,6.76414015044e-05,0
71,0.00285417220821,2.85417220821,-0.00031371656206,8.20445069263e-05,0.0011404544247,-0.000376459874472,0.000499526634862,0.00178138221453,-2.79182653479e-05,6.8859129073e-05,0
71.1,0.00286892336345,2.86892336345,-0.000312094445206,8.53312983408e-05,0.00114260259453,-0.000374513334247,0.000502510281758,0.0017826949073,-2.76807558612e-05,7.00728168395e-05,0
71.2,0.00288358718645,2.88358718645,-0.000310471377658,8.86099677497e-05,0.00114472502079,-0.000372565653189,0.000505480604814,0.00178396943676,-2.74432620926e-05,7.12824492795e-05,0
71.3,0.00289816373943,2.89816373943,-0.00030884736436,9.18805039061e-05,0.00114682173645,-0.000370616837232,0.000508437593091,0.00178520587981,-2.72057831691e-05,7.24880109386e-05,0
71.4,0.00291265308663,2.91265308663,-0.00030722241026,9.51428956868e-05,0.0011488927751,-0.000368666892312,0.000511381235842,0.00178640431435,-2.6968318214e-05,7.36894864341e-05,0
71.5,0.00292705529421,2.92705529421,-0.000305596520307,9.83971320908e-05,0.00115093817089,-0.000366715824368,0.000514311522504,0.00178756481928,-2.67308663469e-05,7.48868604546e-05,0
71.6,0.00294137043033,2.94137043033,-0.000303969699454,0.000101643202242,0.0011529579586,-0.000364763639344,0.000517228442707,0.0017886874745,-2.64934266841e-05,7.60801177611e-05,0
71.7,0.00295559856515,2.95559856515,-0.000302341952656,0.00010488109539,0.00115495217358,-0.000362810343187,0.000520131986273,0.0017897723609,-2.62559983379e-05,7.72692431885e-05,0
71.8,0.00296973977082,2.96973977082,-0.000300713284873,0.000108110800912,0.0011569208518,-0.000360855941847,0.000523022143216,0.00179081956038,-2.60185804171e-05,7.84542216457e-05,0
71.9,0.00298379412146,2.98379412146,-0.000299083701064,0.000111332308312,0.0011588640298,-0.000358900441277,0.000525898903744,0.00179182915586,-2.57811720268e-05,7.96350381161e-05,0
72,0.00299776169323,2.99776169323,-0.000297453206195,0.000114545607221,0.00116078174475,-0.000356943847434,0.000528762258265,0.00179280123123,-2.55437722686e-05,8.0811677659e-05,0
72.1,0.00301164256426,3.01164256426,-0.000295821805232,0.000117750687401,0.0011626740344,-0.000354986166278,0.00053161219738,0.00179373587142,-2.53063802403e-05,8.19841254103e-05,0
72.2,0.00302543681472,3.02543681472,-0.000294189503144,0.000120947538745,0.00116454093711,-0.000353027403773,0.00053444871189,0.00179463316234,-2.50689950362e-05,8.31523665828e-05,0
72.3,0.00303914452677,3.03914452677,-0.000292556304904,0.000124136151276,0.00116638249185,-0.000351067565885,0.000537271792798,0.00179549319091,-2.48316157468e-05,8.43163864673e-05,0
72.4,0.00305276578462,3.05276578462,-0.000290922215487,0.00012731651515,0.00116819873819,-0.000349106658584,0.000540081431309,0.00179631604507,-2.45942414592e-05,8.5476170434e-05,0
72.5,0.00306630067449,3.06630067449,-0.00028928723987,0.000130488620657,0.00116998971629,-0.000347144687844,0.000542877618829,0.00179710181375,-2.43568712567e-05,8.66317039319e-05,0
72.6,0.00307974928462,3.07974928462,-0.000287651383034,0.00013365245822,0.00117175546693,-0.000345181659641,0.000545660346971,0.0017978505869,-2.41195042189e-05,8.77829724911e-05,0
72.7,0.00309311170532,3.09311170532,-0.000286014649962,0.0001368080184,0.00117349603151,-0.000343217579955,0.000548429607555,0.00179856245547,-2.38821394221e-05,8.89299617228e-05,0
72.8,0.00310638802891,3.10638802891,-0.00028437704564,0.000139955291892,0.00117521145202,-0.000341252454768,0.000551185392606,0.00179923751143,-2.36447759387e-05,9.00726573204e-05,0
72.9,0.00311957834979,3.11957834979,-0.000282738575056,0.000143094269531,0.00117690177105,-0.000339286290067,0.000553927694364,0.00179987584774,-2.34074128376e-05,9.12110450603e-05,0
73,0.00313268276436,3.13268276436,-0.000281099243202,0.000146224942288,0.00117856703183,-0.000337319091842,0.000556656505273,0.00180047755839,-2.31700491841e-05,9.23451108025e-05,0
73.1,0.00314570137114,3.14570137114,-0.00027945905507,0.000149347301276,0.00118020727819,-0.000335350866084,0.000559371817998,0.00180104273838,-2.29326840399e-05,9.34748404922e-05,0
73.2,0.00315863427067,3.15863427067,-0.000277818015657,0.000152461337748,0.00118182255456,-0.000333381618789,0.000562073625411,0.00180157148371,-2.26953164631e-05,9.46002201596e-05,0
73.3,0.00317148156557,3.17148156557,-0.000276176129963,0.000155567043099,0.00118341290599,-0.000331411355956,0.000564761920605,0.00180206389138,-2.24579455083e-05,9.57212359218e-05,0
73.4,0.00318424336055,3.18424336055,-0.000274533402988,0.000158664408869,0.00118497837817,-0.000329440083586,0.000567436696889,0.00180252005945,-2.22205702263e-05,9.68378739836e-05,0
73.5,0.00319691976237,3.19691976237,-0.000272889839737,0.000161753426738,0.00118651901736,-0.000327467807685,0.000570097947792,0.00180294008693,-2.19831896646e-05,9.79501206371e-05,0
73.6,0.0032095108799,3.2095108799,-0.000271245445217,0.000164834088535,0.00118803487048,-0.00032549453426,0.000572745667063,0.0018033240739,-2.17458028671e-05,9.90579622645e-05,0
73.7,0.00322201682407,3.22201682407,-0.000269600224435,0.000167906386234,0.00118952598504,-0.000323520269322,0.000575379848674,0.00180367212141,-2.15084088739e-05,0.000100161385338,0
73.8,0.00323443770794,3.23443770794,-0.000267954182405,0.000170970311958,0.00119099240919,-0.000321545018886,0.000578000486822,0.00180398433156,-2.12710067217e-05,0.00010126037642,0
73.9,0.00324677364664,3.24677364664,-0.000266307324139,0.000174025857976,0.00119243419168,-0.000319568788967,0.000580607575931,0.00180426080743,-2.10335954439e-05,0.000102354922165,0
74,0.00325902475742,3.25902475742,-0.000264659654656,0.00017707301671,0.0011938513819,-0.000317591585587,0.000583201110652,0.00180450165315,-2.07961740701e-05,0.000103445009323,0
74.1,0.00327119115964,3.27119115964,-0.000263011178973,0.000180111780731,0.00119524402985,-0.000315613414767,0.000585781085864,0.00180470697383,-2.05587416265e-05,0.000104530624734,0
74.2,0.00328327297478,3.28327297478,-0.000261361902112,0.000183142142764,0.00119661218615,-0.000313634282535,0.000588347496681,0.00180487687563,-2.03212971357e-05,0.000105611755335,0
74.3,0.00329527032643,3.29527032643,-0.000259711829098,0.000186164095686,0.00119795590207,-0.000311654194917,0.000590900338447,0.0018050114657,-2.00838396169e-05,0.00010668838816,0
74.4,0.00330718334031,3.30718334031,-0.000258060964956,0.00018917763253,0.00119927522948,-0.000309673157947,0.000593439606742,0.00180511085221,-1.98463680858e-05,0.000107760510336,0
74.5,0.00331901214428,3.31901214428,-0.000256409314716,0.000192182746484,0.00120057022088,-0.00030769117766,0.000595965297385,0.00180517514437,-1.96088815546e-05,0.000108828109092,0
74.6,0.00333075686833,3.33075686833,-0.000254756883409,0.000195179430893,0.00120184092941,-0.000305708260091,0.00059847740643,0.00180520445238,-1.93713790323e-05,0.000109891171753,0
74.7,0.0033424176446,3.3424176446,-0.000253103676068,0.000198167679261,0.00120308740882,-0.000303724411282,0.000600975930174,0.00180519888747,-1.9133859524e-05,0.000110949685745,0
74.8,0.00335399460737,3.35399460737,-0.00025144969773,0.000201147485253,0.00120430971352,-0.000301739637276,0.000603460865156,0.00180515856188,-1.88963220317e-05,0.000112003638595,0
74.9,0.00336548789307,3.36548789307,-0.000249794953432,0.000204118842693,0.00120550789852,-0.000299753944118,0.000605932208158,0.00180508358887,-1.8658765554e-05,0.000113053017932,0
75,0.00337689764031,3.37689764031,-0.000248139448215,0.000207081745567,0.00120668201947,-0.000297767337858,0.000608389956209,0.00180497408273,-1.8421189086e-05,0.000114097811488,0
75.1,0.00338822398984,3.38822398984,-0.000246483187123,0.000210036188026,0.00120783213267,-0.000295779824547,0.000610834106586,0.00180483015875,-1.81835916194e-05,0.000115138007097,0
75.2,0.0033994670846,3.3994670846,-0.0002448261752,0.000212982164384,0.00120895829503,-0.000293791410239,0.000613264656815,0.00180465193325,-1.79459721426e-05,0.000116173592702,0
75.3,0.0034106270697,3.4106270697,-0.000243168417494,0.000215919669123,0.00121006056412,-0.000291802100992,0.000615681604676,0.00180443952356,-1.77083296407e-05,0.000117204556348,0
75.4,0.00342170409242,3.42170409242,-0.000241509919054,0.00021884869689,0.00121113899812,-0.000289811902865,0.000618084948201,0.00180419304803,-1.74706630954e-05,0.000118230886191,0
75.5,0.00343269830223,3.43269830223,-0.000239850684934,0.000221769242504,0.00121219365586,-0.000287820821921,0.000620474685677,0.00180391262604,-1.72329714851e-05,0.000119252570492,0
75.6,0.00344360985079,3.44360985079,-0.000238190720187,0.00022468130095,0.0012132245968,-0.000285828864224,0.000622850815649,0.00180359837796,-1.69952537849e-05,0.000120269597624,0
75.7,0.00345443889197,3.45443889197,-0.00023653002987,0.000227584867386,0.00121423188107,-0.000283836035844,0.000625213336923,0.00180325042521,-1.67575089666e-05,0.00012128195607,0
75.8,0.00346518558184,3.46518558184,-0.000234868619041,0.000230479937145,0.00121521556939,-0.000281842342849,0.000627562248566,0.00180286889021,-1.6519735999e-05,0.000122289634424,0
75.9,0.00347585007866,3.47585007866,-0.000233206492761,0.00023336650573,0.00121617572315,-0.000279847791314,0.000629897549909,0.0018024538964,-1.62819338473e-05,0.000123292621395,0
76,0.00348643254292,3.48643254292,-0.000231543656095,0.000236244568822,0.00121711240439,-0.000277852387314,0.000632219240547,0.00180200556824,-1.60441014738e-05,0.000124290905802,0
76.1,0.00349693313732,3.49693313732,-0.000229880114106,0.000239114122278,0.00121802567578,-0.000275856136927,0.000634527320343,0.00180152403121,-1.58062378373e-05,0.000125284476583,0
76.2,0.00350735202677,3.50735202677,-0.000228215871862,0.000241975162131,0.00121891560061,-0.000273859046235,0.000636821789431,0.0018010094118,-1.55683418939e-05,0.000126273322791,0
76.3,0.00351768937844,3.51768937844,-0.000226550934434,0.000244827684597,0.00121978224286,-0.00027186112132,0.000639102648216,0.00180046183751,-1.5330412596e-05,0.000127257433597,0
76.4,0.00352794536171,3.52794536171,-0.000224885306891,0.000247671686073,0.00122062566713,-0.00026986236827,0.000641369897379,0.00179988143689,-1.50924488933e-05,0.00012823679829,0
76.5,0.00353812014821,3.53812014821,-0.00022321899431,0.000250507163133,0.00122144593867,-0.000267862793172,0.000643623537871,0.00179926833947,-1.48544497324e-05,0.000129211406281,0
76.6,0.0035482139118,3.5482139118,-0.000221552001764,0.000253334112539,0.00122224312337,-0.000265862402117,0.000645863570926,0.00179862267581,-1.46164140566e-05,0.000130181247098,0
76.7,0.0035582268286,3.5582268286,-0.000219884334333,0.000256152531239,0.00122301728777,-0.000263861201199,0.000648089998057,0.00179794457748,-1.43783408062e-05,0.000131146310397,0
76.8,0.00356815907699,3.56815907699,-0.000218215997096,0.000258962416363,0.00122376849907,-0.000261859196515,0.00065030282106,0.00179723417708,-1.41402289187e-05,0.000132106585954,0
76.9,0.00357801083759,3.57801083759,-0.000216546995134,0.000261763765233,0.0012244968251,-0.000259856394161,0.000652502042012,0.0017964916082,-1.39020773285e-05,0.000133062063671,0
77,0.00358778229331,3.58778229331,-0.000214877333534,0.000264556575359,0.00122520233437,-0.000257852800241,0.00065468766328,0.00179571700547,-1.3663884967e-05,0.000134012733576,0
77.1,0.0035974736293,3.5974736293,-0.00021320701738,0.000267340844441,0.00122588509601,-0.000255848420855,0.000656859687517,0.00179491050451,-1.34256507628e-05,0.000134958585825,0
77.2,0.00360708503301,3.60708503301,-0.00021153605176,0.000270116570372,0.00122654517982,-0.000253843262112,0.000659018117669,0.00179407224196,-1.31873736414e-05,0.000135899610704,0
77.3,0.00361661669416,3.61661669416,-0.000209864441764,0.000272883751238,0.00122718265623,-0.000251837330117,0.000661162956974,0.00179320235549,-1.29490525256e-05,0.000136835798626,0
77.4,0.00362606880473,3.62606880473,-0.000208192192485,0.00027564238532,0.00122779759636,-0.000249830630983,0.000663294208962,0.00179230098376,-1.27106863353e-05,0.000137767140137,0
77.5,0.00363544155904,3.63544155904,-0.000206519309017,0.000278392471097,0.00122839007195,-0.000247823170821,0.000665411877467,0.00179136826643,-1.24722739878e-05,0.000138693625918,0
77.6,0.00364473515366,3.64473515366,-0.000204845796455,0.000281134007246,0.00122896015541,-0.000245814955746,0.000667515966616,0.0017904043442,-1.22338143973e-05,0.000139615246782,0
77.7,0.00365394978746,3.65394978746,-0.000203171659897,0.000283866992642,0.0012295079198,-0.000243805991877,0.000669606480839,0.00178940935876,-1.19953064755e-05,0.000140531993676,0
77.8,0.00366308566164,3.66308566164,-0.000201496904443,0.000286591426361,0.00123003343883,-0.000241796285332,0.000671683424874,0.00178838345279,-1.17567491314e-05,0.000141443857688,0
77.9,0.0036721429797,3.6721429797,-0.000199821535195,0.000289307307684,0.00123053678689,-0.000239785842234,0.00067374680376,0.00178732677003,-1.15181412711e-05,0.00014235083004,0
78,0.00368112194742,3.68112194742,-0.000198145557256,0.000292014636092,0.001231018039,-0.000237774668707,0.000675796622845,0.00178623945515,-1.12794817986e-05,0.000143252902096,0
78.1,0.00369002277294,3.69002277294,-0.00019646897573,0.000294713411276,0.00123147727084,-0.000235762770876,0.00067783288779,0.00178512165389,-1.10407696146e-05,0.000144150065362,0
78.2,0.00369884566669,3.69884566669,-0.000194791795727,0.000297403633131,0.00123191455877,-0.000233750154872,0.000679855604568,0.00178397351296,-1.08020036179e-05,0.000145042311483,0
78.3,0.00370759084144,3.70759084144,-0.000193114022353,0.000300085301761,0.00123232997977,-0.000231736826824,0.000681864779465,0.00178279518007,-1.05631827045e-05,0.000145929632251,0
78.4,0.00371625851229,3.71625851229,-0.000191435660721,0.000302758417482,0.00123272361152,-0.000229722792865,0.000683860419087,0.00178158680395,-1.03243057678e-05,0.000146812019602,0
78.5,0.00372484889665,3.72484889665,-0.000189756715943,0.000305422980817,0.00123309553233,-0.000227708059131,0.000685842530357,0.0017803485343,-1.00853716992e-05,0.00014768946562,0
78.6,0.0037333622143,3.7333622143,-0.000188077193132,0.000308078992509,0.00123344582118,-0.000225692631759,0.000687811120522,0.00177908052183,-9.8463793872e-06,0.000148561962535,0
78.7,0.00374179868734,3.74179868734,-0.000186397097406,0.000310726453509,0.0012337745577,-0.000223676516888,0.000689766197151,0.00177778291826,-9.60732771835e-06,0.000149429502728,0
78.8,0.00375015854023,3.75015854023,-0.000184716433882,0.000313365364988,0.00123408182221,-0.000221659720659,0.000691707768141,0.00177645587627,-9.36821557673e-06,0.000150292078732,0
78.9,0.00375844199975,3.75844199975,-0.00018303520768,0.000315995728333,0.00123436769564,-0.000219642249216,0.000693635841715,0.00177509954957,-9.12904184427e-06,0.000151149683232,0
79,0.00376664929507,3.76664929507,-0.000181353423921,0.000318617545151,0.00123463225963,-0.000217624108705,0.000695550426431,0.00177371409282,-8.88980540058e-06,0.000152002309066,0
79.1,0.0037747806577,3.7747806577,-0.000179671087728,0.00032123081727,0.00123487559644,-0.000215605305273,0.000697451531178,0.00177229966171,-8.65050512314e-06,0.00015284994923,0
79.2,0.00378283632151,3.78283632151,-0.000177988204225,0.000323835546739,0.00123509778903,-0.000213585845071,0.000699339165179,0.00177085641287,-8.41113988745e-06,0.000153692596875,0
79.3,0.00379081652271,3.79081652271,-0.00017630477854,0.000326431735833,0.00123529892097,-0.000211565734248,0.000701213337997,0.00176938450395,-8.17170856676e-06,0.000154530245313,0
79.4,0.00379872149992,3.79872149992,-0.0001746208158,0.00032901938705,0.00123547907655,-0.00020954497896,0.000703074059535,0.00176788409356,-7.93221003243e-06,0.000155362888014,0
79.5,0.0038065514941,3.8065514941,-0.000172936321134,0.000331598503116,0.00123563834067,-0.000207523585361,0.000704921340035,0.00176635534131,-7.69264315385e-06,0.000156190518612,0
79.6,0.00381430674859,3.81430674859,-0.000171251299674,0.000334169086988,0.00123577679893,-0.000205501559609,0.00070675519009,0.00176479840776,-7.45300679842e-06,0.000157013130903,0
79.7,0.0038219875091,3.8219875091,-0.000169565756554,0.000336731141847,0.00123589453755,-0.000203478907864,0.000708575620635,0.00176321345447,-7.21329983178e-06,0.00015783071885,0
79.8,0.00382959402373,3.82959402373,-0.000167879696906,0.000339284671112,0.00123599164345,-0.000201455636287,0.000710382642955,0.00176160064395,-6.9735211177e-06,0.00015864327658,0
79.9,0.00383712654295,3.83712654295,-0.000166193125868,0.00034182967843,0.00123606820419,-0.000199431751042,0.000712176268687,0.00175996013969,-6.7336695183e-06,0.00015945079839,0
80,0.00384458531962,3.84458531962,-0.000164506048577,0.000344366167687,0.00123612430798,-0.000197407258292,0.000713956509823,0.00175829210614,-6.49374389389e-06,0.000160253278747,0
80.1,0.00385197060898,3.85197060898,-0.000162818470172,0.000346894143003,0.00123616004372,-0.000195382164206,0.000715723378711,0.00175659670873,-6.25374310318e-06,0.000161050712289,0
80.2,0.00385928266866,3.85928266866,-0.000161130395793,0.000349413608736,0.00123617550095,-0.000193356474952,0.000717476888055,0.00175487411384,-6.01366600338e-06,0.000161843093827,0
80.3,0.00386652175868,3.86652175868,-0.000159441830583,0.000351924569483,0.00123617076986,-0.0001913301967,0.000719217050924,0.0017531244888,-5.77351145007e-06,0.000162630418348,0
80.4,0.00387368814145,3.87368814145,-0.000157752779686,0.000354427030082,0.00123614594132,-0.000189303335624,0.000720943880747,0.00175134800189,-5.53327829747e-06,0.000163412681014,0
80.5,0.00388078208179,3.88078208179,-0.000156063248247,0.000356920995615,0.00123610110685,-0.000187275897896,0.000722657391319,0.00174954482238,-5.29296539832e-06,0.000164189877166,0
80.6,0.00388780384688,3.88780384688,-0.000154373241412,0.000359406471407,0.00123603635862,-0.000185247889694,0.000724357596804,0.00174771512043,-5.0525716041e-06,0.000164962002325,0
80.7,0.00389475370632,3.89475370632,-0.000152682764329,0.000361883463026,0.00123595178946,-0.000183219317195,0.000726044511733,0.00174585906719,-4.81209576502e-06,0.000165729052192,0
80.8,0.00390163193212,3.90163193212,-0.000150991822148,0.000364351976291,0.00123584749288,-0.000181190186578,0.000727718151014,0.00174397683474,-4.57153672998e-06,0.000166491022654,0
80.9,0.00390843879866,3.90843879866,-0.00014930042002,0.000366812017268,0.001235723563,-0.000179160504024,0.000729378529926,0.00174206859607,-4.33089334684e-06,0.000167247909781,0
81,0.00391517458274,3.91517458274,-0.000147608563097,0.000369263592274,0.00123558009464,-0.000177130275716,0.000731025664126,0.00174013452515,-4.09016446238e-06,0.00016799970983,0
81.1,0.00392183956355,3.92183956355,-0.000145916256532,0.000371706707874,0.00123541718324,-0.000175099507838,0.000732659569649,0.00173817479683,-3.84934892238e-06,0.000168746419246,0
81.2,0.00392843402269,3.92843402269,-0.000144223505481,0.00037414137089,0.00123523492492,-0.000173068206578,0.000734280262913,0.00173618958693,-3.60844557161e-06,0.000169488034665,0
81.3,0.00393495824415,3.93495824415,-0.000142530315101,0.000376567588399,0.00123503341644,-0.000171036378121,0.00073588776072,0.00173417907215,-3.36745325404e-06,0.000170224552914,0
81.4,0.00394141251433,3.94141251433,-0.000140836690548,0.000378985367732,0.0012348127552,-0.000169004028658,0.000737482080256,0.00173214343015,-3.12637081283e-06,0.000170955971015,0
81.5,0.00394779712203,3.94779712203,-0.000139142636983,0.000381394716477,0.00123457303927,-0.000166971164379,0.000739063239095,0.00173008283945,-2.88519709042e-06,0.000171682286184,0
81.6,0.00395411235843,3.95411235843,-0.000137448159564,0.000383795642484,0.00123431436736,-0.000164937791477,0.000740631255203,0.00172799747952,-2.64393092862e-06,0.000172403495834,0
81.7,0.00396035851716,3.96035851716,-0.000135753263455,0.000386188153862,0.00123403683883,-0.000162903916146,0.000742186146939,0.00172588753072,-2.40257116862e-06,0.000173119597578,0
81.8,0.00396653589421,3.96653589421,-0.000134057953818,0.000388572258982,0.00123374055368,-0.000160869544582,0.000743727933055,0.00172375317431,-2.16111665115e-06,0.000173830589229,0
81.9,0.00397264478796,3.97264478796,-0.000132362235817,0.00039094796648,0.00123342561256,-0.000158834682981,0.000745256632701,0.00172159459243,-1.9195662165e-06,0.000174536468803,0
82,0.00397868549922,3.97868549922,-0.000130666114618,0.000393315285255,0.00123309211677,-0.000156799337542,0.000746772265425,0.00171941196811,-1.67791870462e-06,0.00017523723452,0
82.1,0.00398465833117,3.98465833117,-0.000128969595387,0.000395674224475,0.00123274016823,-0.000154763514465,0.000748274851177,0.00171720548529,-1.43617295521e-06,0.000175932884805,0
82.2,0.0039905635894,3.9905635894,-0.000127272683293,0.000398024793574,0.00123236986953,-0.000152727219951,0.000749764410311,0.00171497532875,-1.19432780779e-06,0.000176623418292,0
82.3,0.0039964015819,3.9964015819,-0.000125575383503,0.000400367002256,0.00123198132387,-0.000150690460204,0.000751240963587,0.00171272168416,-9.52382101738e-07,0.000177308833825,0
82.4,0.00400217261901,4.00217261901,-0.00012387770119,0.000402700860496,0.00123157463512,-0.000148653241428,0.000752704532171,0.00171044473806,-7.10334676454e-07,0.000177989130458,0
82.5,0.0040078770135,4.0078770135,-0.000122179641523,0.000405026378542,0.00123114990774,-0.000146615569828,0.00075415513764,0.00170814467784,-4.68184371397e-07,0.000178664307461,0
82.6,0.00401351508049,4.01351508049,-0.000120481209676,0.000407343566914,0.00123070724686,-0.000144577451611,0.000755592801982,0.00170582169174,-2.25930026181e-07,0.000179334364315,0
82.7,0.00401908713752,4.01908713752,-0.000118782410822,0.000409652436409,0.00123024675823,-0.000142538892987,0.0007570175476,0.00170347596885,1.64295193214e-08,0.000179999300721,0
82.8,0.00402459350448,4.02459350448,-0.000117083250137,0.0004119529981,0.00122976854822,-0.000140499900164,0.000758429397314,0.00170110769912,2.58895425015e-07,0.000180659116599,0
82.9,0.00403003450363,4.03003450363,-0.000115383732795,0.000414245263336,0.00122927272384,-0.000138460479355,0.000759828374358,0.00169871707332,5.01468850257e-07,0.000181313812087,0
83,0.00403541045962,4.03541045962,-0.000113683863975,0.000416529243746,0.00122875939271,-0.00013642063677,0.000761214502389,0.00169630428302,7.44150953941e-07,0.000181963387547,0
83.1,0.00404072169946,4.04072169946,-0.000111983648854,0.000418804951242,0.00122822866308,-0.000134380378625,0.000762587805489,0.00169386952067,9.86942894424e-07,0.000182607843565,0
83.2,0.00404596855252,4.04596855252,-0.000110283092612,0.000421072398016,0.00122768064382,-0.000132339711134,0.000763948308157,0.00169141297949,1.22984582931e-06,0.000183247180954,0
83.3,0.00405115135051,4.05115135051,-0.000108582200427,0.000423331596541,0.00122711544441,-0.000130298640513,0.000765296035324,0.00168893485351,1.47286091543e-06,0.000183881400752,0
83.4,0.00405627042753,4.05627042753,-0.000106880977483,0.000425582559578,0.00122653317496,-0.00012825717298,0.000766631012346,0.00168643533757,1.71598930876e-06,0.00018451050423,0
83.5,0.00406132611999,4.06132611999,-0.000105179428961,0.000427825300171,0.00122593394616,-0.000126215314753,0.00076795326501,0.00168391462731,1.95923216428e-06,0.000185134492888,0
83.6,0.00406631876665,4.06631876665,-0.000103477560044,0.000430059831654,0.00122531786933,-0.000124173072053,0.000769262819534,0.00168137291913,2.2025906359e-06,0.000185753368462,0
83.7,0.00407124870861,4.07124870861,-0.000101775375916,0.000432286167646,0.0012246850564,-0.0001221304511,0.000770559702569,0.00167881041022,2.44606587637e-06,0.000186367132919,0
83.8,0.0040761162893,4.0761162893,-0.000100072881763,0.000434504322057,0.00122403561987,-0.000120087458116,0.000771843941202,0.00167622729854,2.68965903719e-06,0.000186975788467,0
83.9,0.00408092185446,4.08092185446,-9.83700827709e-05,0.000436714309088,0.00122336967288,-0.000118044099325,0.000773115562957,0.00167362378281,2.93337126842e-06,0.00018757933755,0
84,0.00408566575215,4.08566575215,-9.66669841261e-05,0.00043891614323,0.00122268732914,-0.000116000380951,0.000774374595797,0.00167100006249,3.17720371872e-06,0.000188177782854,0
84.1,0.00409034833274,4.09034833274,-9.4963591017e-05,0.000441109839271,0.00122198870296,-0.00011395630922,0.000775621068127,0.00166835633778,3.42115753519e-06,0.000188771127308,0
84.2,0.00409496994888,4.09496994888,-9.32599086323e-05,0.000443295412287,0.00122127390921,-0.000111911890359,0.00077685500879,0.00166569280964,3.66523386311e-06,0.000189359374082,0
84.3,0.00409953095553,4.09953095553,-9.15559421618e-05,0.000445472877655,0.0012205430634,-0.000109867130594,0.000778076447077,0.00166300967972,3.90943384611e-06,0.000189942526596,0
84.4,0.00410403170992,4.10403170992,-8.9851696796e-05,0.000447642251046,0.00121979628156,-0.000107822036155,0.000779285412724,0.0016603071504,4.15375862592e-06,0.000190520588515,0
84.5,0.00410847257155,4.10847257155,-8.81471777261e-05,0.000449803548427,0.00121903368034,-0.000105776613271,0.000780481935911,0.00165758542477,4.39820934219e-06,0.000191093563753,0
84.6,0.00411285390219,4.11285390219,-8.64423901448e-05,0.000451956786065,0.00121825537694,-0.000103730868174,0.000781666047272,0.00165484470662,4.6427871325e-06,0.000191661456479,0
84.7,0.00411717606585,4.11717606585,-8.47373392451e-05,0.000454101980528,0.00121746148914,-0.000101684807094,0.000782837777886,0.00165208520039,4.88749313222e-06,0.00019222427111,0
84.8,0.0041214394288,4.1214394288,-8.30320302206e-05,0.000456239148682,0.00121665213527,-9.96384362648e-05,0.000783997159289,0.00164930711125,5.13232847438e-06,0.000192782012321,0
84.9,0.00412564435952,4.12564435952,-8.13264682663e-05,0.000458368307696,0.00121582743423,-9.75917619195e-05,0.000785144223463,0.00164651064499,5.37729428952e-06,0.000193334685042,0
85,0.00412979122872,4.12979122872,-7.96206585773e-05,0.000460489475039,0.00121498750546,-9.55447902928e-05,0.000786279002852,0.00164369600807,5.62239170569e-06,0.000193882294462,0
85.1,0.00413388040932,4.13388040932,-7.791460635e-05,0.000462602668488,0.00121413246898,-9.349752762e-05,0.000787401530352,0.0016408634076,5.86762184823e-06,0.000194424846031,0
85.2,0.00413791227644,4.13791227644,-7.62083167815e-05,0.00046470790612,0.00121326244532,-9.14499801377e-05,0.000788511839318,0.00163801305131,6.1129858397e-06,0.000194962345457,0
85.3,0.00414188720737,4.14188720737,-7.45017950691e-05,0.000466805206319,0.00121237755556,-8.94021540828e-05,0.000789609963562,0.00163514514757,6.35848479966e-06,0.000195494798715,0
85.4,0.00414580558158,4.14580558158,-7.27950464112e-05,0.000468894587774,0.00121147792134,-8.73540556934e-05,0.000790695937355,0.00163225990533,6.60411984479e-06,0.000196022212042,0
85.5,0.0041496677807,4.1496677807,-7.10880760069e-05,0.000470976069483,0.0012105636648,-8.53056912084e-05,0.000791769795433,0.00162935753417,6.84989208852e-06,0.000196544591943,0
85.6,0.00415347418849,4.15347418849,-6.93808890563e-05,0.000473049670749,0.00120963490861,-8.32570668675e-05,0.000792831572991,0.00162643824423,7.09580264107e-06,0.000197061945191,0
85.7,0.00415722519087,4.15722519087,-6.76734907595e-05,0.000475115411184,0.00120869177597,-8.12081889113e-05,0.000793881305687,0.00162350224626,7.34185260921e-06,0.00019757427883,0
85.8,0.00416092117583,4.16092117583,-6.59658863171e-05,0.000477173310711,0.00120773439058,-7.91590635806e-05,0.000794919029647,0.00162054975152,7.58804309623e-06,0.000198081600172,0
85.9,0.00416456253349,4.16456253349,-6.42580809315e-05,0.000479223389559,0.00120676287666,-7.71096971178e-05,0.000795944781456,0.00161758097186,7.83437520174e-06,0.000198583916804,0
86,0.00416814965605,4.16814965605,-6.25500798046e-05,0.000481265668271,0.00120577735891,-7.50600957655e-05,0.000796958598172,0.00161459611966,8.08085002166e-06,0.000199081236588,0
86.1,0.00417168293778,4.17168293778,-6.08418881392e-05,0.0004833001677,0.00120477796256,-7.30102657671e-05,0.000797960517317,0.0016115954078,8.327468648e-06,0.000199573567662,0
86.2,0.00417516277499,4.17516277499,-5.9133511139e-05,0.000485326909009,0.00120376481329,-7.09602133669e-05,0.00079895057688,0.0016085790497,8.57423216868e-06,0.00020006091844,0
86.3,0.00417858956603,4.17858956603,-5.74249540077e-05,0.000487345913675,0.0012027380373,-6.89099448093e-05,0.000799928815322,0.00160554725927,8.82114166759e-06,0.000200543297615,0
86.4,0.00418196371126,4.18196371126,-5.57162219501e-05,0.000489357203487,0.00120169776122,-6.68594663401e-05,0.000800895271571,0.00160250025088,9.06819822419e-06,0.000201020714161,0
86.5,0.00418528561305,4.18528561305,-5.40073201714e-05,0.000491360800548,0.00120064411221,-6.48087842057e-05,0.000801849985028,0.00159943823939,9.3154029137e-06,0.000201493177334,0
86.6,0.00418855567575,4.18855567575,-5.22982538769e-05,0.000493356727273,0.00119957721784,-6.27579046523e-05,0.000802792995562,0.00159636144012,9.56275680672e-06,0.000201960696673,0
86.7,0.00419177430566,4.19177430566,-5.05890282728e-05,0.000495345006393,0.00119849720617,-6.07068339273e-05,0.000803724343516,0.00159327006881,9.81026096915e-06,0.000202423282002,0
86.8,0.00419494191102,4.19494191102,-4.88796485658e-05,0.00049732566095,0.00119740420567,-5.86555782789e-05,0.000804644069704,0.00159016434164,1.00579164622e-05,0.000202880943428,0
86.9,0.004198058902,4.198058902,-4.71701199629e-05,0.000499298714305,0.00119629834531,-5.66041439554e-05,0.000805552215413,0.0015870444752,1.03057243419e-05,0.00020333369135,0
87,0.00420112569066,4.20112569066,-4.54604476716e-05,0.000501264190131,0.00119517975443,-5.45525372059e-05,0.000806448822403,0.00158391068646,1.05536856595e-05,0.000203781536451,0
87.1,0.00420414269095,4.20414269095,-4.37506368999e-05,0.000503222112419,0.00119404856285,-5.25007642798e-05,0.000807333932908,0.00158076319279,1.0801801461e-05,0.000204224489706,0
87.2,0.00420711031867,4.20711031867,-4.20406928563e-05,0.000505172505471,0.00119290490077,-5.04488314275e-05,0.000808207589635,0.00157760221191,1.10500727868e-05,0.000204662562379,0
87.3,0.00421002899146,4.21002899146,-4.03306207493e-05,0.00050711539391,0.00119174889883,-4.83967448991e-05,0.000809069835765,0.0015744279619,1.1298500672e-05,0.000205095766029,0
87.4,0.00421289912876,4.21289912876,-3.86204257882e-05,0.000509050802671,0.00119058068806,-4.63445109459e-05,0.000809920714952,0.00157124066116,1.15470861462e-05,0.000205524112504,0
87.5,0.0042157211518,4.2157211518,-3.69101131827e-05,0.000510978757005,0.00118940039987,-4.42921358193e-05,0.000810760271327,0.00156804052842,1.1795830233e-05,0.00020594761395,0
87.6,0.0042184954836,4.2184954836,-3.51996881425e-05,0.000512899282482,0.00118820816609,-4.22396257711e-05,0.000811588549494,0.00156482778269,1.20447339502e-05,0.000206366282805,0
87.7,0.00422122254889,4.22122254889,-3.34891558781e-05,0.000514812404984,0.00118700411891,-4.01869870537e-05,0.00081240559453,0.00156160264329,1.22937983095e-05,0.000206780131806,0
87.8,0.00422390277413,4.22390277413,-3.17785215998e-05,0.000516718150712,0.00118578839088,-3.81342259199e-05,0.000813211451988,0.00155836532977,1.25430243166e-05,0.000207189173985,0
87.9,0.00422653658746,4.22653658746,-3.00677905188e-05,0.00051861654618,0.00118456111493,-3.60813486225e-05,0.000814006167893,0.00155511606196,1.27924129705e-05,0.000207593422673,0
88,0.0042291244187,4.2291244187,-2.83569678459e-05,0.00052050761822,0.00118332242432,-3.4028361415e-05,0.000814789788745,0.0015518550599,1.30419652643e-05,0.0002079928915,0
88.1,0.00423166669929,4.23166669929,-2.66460587927e-05,0.000522391393979,0.00118207245269,-3.19752705514e-05,0.000815562361519,0.00154858254386,1.32916821839e-05,0.000208387594396,0
88.2,0.00423416386229,4.23416386229,-2.49350685711e-05,0.000524267900916,0.00118081133398,-2.99220822854e-05,0.000816323933659,0.00154529873429,1.35415647087e-05,0.00020877754559,0
88.3,0.00423661634233,4.23661634233,-2.3224002393e-05,0.00052613716681,0.00117953920245,-2.78688028715e-05,0.000817074553087,0.00154200385182,1.37916138113e-05,0.000209162759613,0
88.4,0.00423902457562,4.23902457562,-2.15128654705e-05,0.000527999219751,0.00117825619272,-2.58154385647e-05,0.000817814268191,0.00153869811724,1.40418304569e-05,0.000209543251299,0
88.5,0.00424138899987,4.24138899987,-1.98016630161e-05,0.000529854088144,0.00117696243966,-2.37619956193e-05,0.000818543127835,0.00153538175148,1.4292215604e-05,0.000209919035783,0
88.6,0.0042437100543,4.2437100543,-1.80904002423e-05,0.000531701800708,0.00117565807847,-2.17084802908e-05,0.000819261181353,0.00153205497559,1.45427702033e-05,0.000210290128505,0
88.7,0.00424598817959,4.24598817959,-1.63790823622e-05,0.000533542386476,0.00117434324463,-1.96548988347e-05,0.000819968478548,0.00152871801072,1.47934951982e-05,0.000210656545206,0
88.8,0.00424822381784,4.24822381784,-1.46677145885e-05,0.000535375874792,0.0011730180739,-1.76012575062e-05,0.000820665069694,0.0015253710781,1.50443915244e-05,0.000211018301934,0
88.9,0.00425041741259,4.25041741259,-1.29563021343e-05,0.000537202295313,0.00117168270228,-1.55475625611e-05,0.00082135100553,0.00152201439902,1.52954601099e-05,0.000211375415037,0
89,0.00425256940873,4.25256940873,-1.1244850213e-05,0.000539021678007,0.00117033726605,-1.34938202556e-05,0.000822026337266,0.00151864819483,1.55467018747e-05,0.000211727901174,0
89.1,0.0042546802525,4.2546802525,-9.53336403792e-06,0.000540834053155,0.00116898190173,-1.14400368456e-05,0.000822691116579,0.00151527268688,1.57981177306e-05,0.000212075777304,0
89.2,0.00425675039142,4.25675039142,-7.82184882264e-06,0.000542639451346,0.00116761674607,-9.38621858715e-06,0.000823345395606,0.00151188809653,1.60497085814e-05,0.000212419060693,0
89.3,0.00425878027433,4.25878027433,-6.1103097807e-06,0.000544437903479,0.00116624193604,-7.33237173678e-06,0.000823989226955,0.00150849464513,1.63014753222e-05,0.000212757768914,0
89.4,0.00426077035128,4.26077035128,-4.39875212555e-06,0.000546229440759,0.00116485760884,-5.27850255067e-06,0.000824622663689,0.00150509255399,1.65534188398e-05,0.000213091919844,0
89.5,0.00426272107353,4.26272107353,-2.68718107105e-06,0.000548014094703,0.00116346390184,-3.22461728525e-06,0.000825245759339,0.00150168204433,1.68055400123e-05,0.000213421531665,0
89.6,0.00426463289354,4.26463289354,-9.75601830933e-07,0.000549791897131,0.00116206095262,-1.17072219713e-06,0.000825858567894,0.00149826333735,1.70578397087e-05,0.000213746622866,0
89.7,0.00426650626486,4.26650626486,7.35980380862e-07,0.000551562880171,0.00116064889894,8.83176457134e-07,0.000826461143799,0.00149483665408,1.73103187893e-05,0.000214067212241,0
89.8,0.00426834164218,4.26834164218,2.447560351e-06,0.000553327076252,0.00115922787872,2.93707242111e-06,0.000827053541957,0.00149140221548,1.7562978105e-05,0.00021438331889,0
89.9,0.00427013948123,4.27013948123,4.15913286528e-06,0.000555084518111,0.00115779803003,4.99095943834e-06,0.000827635817728,0.00148796024234,1.78158184975e-05,0.000214694962216,0
90,0.00427191866522,4.27191866522,5.8707003483e-06,0.000556838591079,0.00115636380165,7.04484041814e-06,0.000828213046201,0.00148451455711,1.80687496378e-05,0.000215004378772,0
